player,position,team,upper,lower,points,sdPts,positionRank,dropoff,tier,sdRank,risk,,,
Kyler Murray,QB,OKLA,35.2,35.2,37.6,338,3.45,57,0.51,0,0,,,
D'Eriq King,QB,HOU,33.2,33.2,35.7,363,2.67,47,0.93,0,0,,,
Devin Singletary,RB,FAU,31.5,31.5,35.5,,,166,1.64,28,0.14,,,
Marcus McMaryion,QB,FRESNO,32.5,32.5,35.1,410,2.86,21,0.71,0,0,,,
Nick Fitzgerald,QB,MISSST,33.7,33.7,34.4,208,1.62,129,1.3,0,0,,,
Justice Hansen,QB,ARKST,31.2,31.2,33.9,368,2.75,43,0.68,0,0,,,
Taylor Cornelius,QB,OKLAST,31.4,31.4,33.8,367,2.68,31,0.7,0,0,,,
Eric Dungey,QB,CUSE,30.9,30.9,33.1,306,1.99,66,0.92,0,0,,,
James Proche,WR,SMU,24.7,24.7,31.9,,,0,0,133,1.17,,,
Darrell Henderson,RB,MEMP,25.9,25.9,30,,,102,1.28,42,0.4,,,
Laviska Shenault,WR,COLO,24.2,24.2,29.5,,,19,0.73,100,0.74,,,
Stephen Calvert,QB,LIB,26.4,26.4,28.9,387,2.87,-10,0.29,0,0,,,
Nathan Rourke,QB,OHIO,27.1,27.1,28.4,227,1.93,75,0.78,0,0,,,
KeeSean Johnson,WR,FRESNO,21.8,21.8,28.3,,,1,0,127,0.95,,,
Brock Purdy,QB,IOWAST,25.3,25.3,27.8,321,2.37,30,0.2,0,0,,,
Zac Thomas,QB,APLST,27,27,27.7,217,2.37,53,0.79,0,0,,,
B.J. Farrow,WR,LIB,22.1,22.1,27.7,,,-2,0,118,1.19,,,
Holton Ahlers,QB,ECU,24.8,24.8,27.5,336,1.94,38,0.3,0,0,,,
Brady White,QB,MEMP,24.8,24.8,27.1,309,3.23,-3,0.11,0,0,,,
Steven Montez,QB,COLO,25,25,27,302,2.02,32,0.44,0,0,,,
Sam Ehlinger,QB,TEXAS,24.8,24.8,26.9,300,1.81,34,0.66,0,0,,,
DJ Stubbs,WR,LIB,19.6,19.6,26.1,,,0,0,132,0.47,,,
Gardner Minshew,QB,WASHST,23.4,23.4,25.9,346,2.63,2,0.15,0,0,,,
Marcus Childers,QB,NILL,24.3,24.3,25.7,260,2.32,38,0.41,0,0,,,
Patrick Laird,RB,CAL,21.2,21.2,25.2,,,95,0.72,27,0.45,,,
Michael Curtis,QB,MA,23.7,23.7,25.1,267,2.14,17,0.66,0,0,,,
A.J. Erdely,QB,UAB,23.7,23.7,24.9,248,1.67,31,0.87,0,0,,,
David Montgomery,RB,IOWAST,21.1,21.1,24.9,,,97,0.92,34,0.14,,,
Travis Etienne,RB,CLEM,21.9,21.9,24.8,,,101,1.44,16,0.15,,,
Ross Comis,QB,MA,23.2,23.2,24.7,265,2.12,26,0.5,0,0,,,
Jordan Love,QB,UTAHST,22.9,22.9,24.7,287,2.29,11,0.35,0,0,,,
B.J. Smith,RB,TROY,21.4,21.4,24.6,,,109,1.36,14,0.12,,,
Dan Ellington,QB,GAST,22.4,22.4,24.4,273,1.6,36,0.52,0,0,,,
Jordan Ta'amu,QB,MISS,22.5,22.5,24.4,286,1.86,32,0.38,0,0,,,
Shai Werts,QB,GAS,24.2,24.2,24.4,149,1.47,80,0.82,0,0,,,
Michael Warren II,RB,CINCY,21.1,21.1,24.4,,,99,1.24,24,0.09,,,
Desmond Ridder,QB,CINCY,22.3,22.3,24.3,277,1.8,40,0.29,0,0,,,
Bryce Perkins,QB,UVA,23.2,23.2,24.2,232,2.1,48,0.45,0,0,,,
Manny Wilkins,QB,ARIZST,21.5,21.5,24.2,324,1.76,22,0.34,0,0,,,
Caleb Evans,QB,LAMON,22.9,22.9,24.2,249,1.54,52,0.55,0,0,,,
Jonathan Taylor,RB,WISC,20.8,20.8,24.1,,,146,0.89,7,0.11,,,
Sawyer Smith,QB,TROY,22.3,22.3,23.9,268,2.31,26,0.21,0,0,,,
Brett Rypien,QB,BOISE,21.3,21.3,23.7,314,2.33,2,0.05,0,0,,,
Sam Hartman,QB,WAKE,22.2,22.2,23.6,266,2.26,28,0.16,0,0,,,
Tyler Huntley,QB,UTAH,22.1,22.1,23.5,259,1.57,40,0.45,0,0,,,
Malik Rosier,QB,MIAMI,21.9,21.9,23.5,277,1.66,32,0.57,0,0,,,
Dwayne Haskins,QB,OHIOST,22.4,22.4,23.3,240,2.97,10,0.12,0,0,,,
Trevon Brown,WR,ECU,18,18,23.3,,,0,0,100,0.84,,,
Alan Bowman,QB,TXTECH,20.9,20.9,23.3,328,2.14,5,0.1,0,0,,,
Chris Robison,QB,FAU,21.5,21.5,23.3,284,1.81,28,0.3,0,0,,,
Khalil Tate,QB,ARIZ,22,22,23.2,244,1.7,53,0.39,0,0,,,
Marquez Stevenson,WR,HOU,18.5,18.5,23.2,,,8,0.23,97,0.61,,,
Scottie Phillips,RB,MISS,20,20,23,,,94,0.71,27,0.41,,,
Tylan Wallace,WR,OKLAST,17.5,17.5,22.9,,,0,0,114,0.61,,,
N'Keal Harry,WR,ARIZST,17.7,17.7,22.8,,,2,0.06,95,0.69,,,
Blake Barnett,QB,SFLA,21.7,21.7,22.6,221,1.92,29,0.7,0,0,,,
McKenzie Milton,QB,UCF,21.7,21.7,22.6,208,2.02,37,0.56,0,0,,,
Nico Evans,RB,WYO,19.8,19.8,22.4,,,105,1.04,10,0.28,,,
Charlie Brewer,QB,BAYLOR,20.5,20.5,22.4,288,1.71,15,0.39,0,0,,,
Ian Book,QB,ND,20.5,20.5,22.3,284,1.74,26,0.24,0,0,,,
Cole McDonald,QB,HAWAII,20.9,20.9,22.3,244,2.14,30,0.22,0,0,,,
JT Daniels,QB,USC,19.8,19.8,22.3,297,2.45,0,0.04,0,0,,,
Andy Isabella,WR,MA,17.5,17.5,22.2,,,8,0.01,100,0.73,,,
Bryant Koback,RB,TOLEDO,19.7,19.7,22,,,103,1.36,6,0.07,,,
J.J. Taylor,RB,ARIZ,18.4,18.4,21.9,,,127,0.64,12,0.09,,,
David Pindell,QB,UCONN,21.3,21.3,21.8,191,1.06,84,0.54,0,0,,,
Antoine Wesley,WR,TXTECH,17,17,21.7,,,0,0,96,0.73,,,
Tobias Oliver,QB,GATECH,21.4,21.4,21.5,91,1.27,85,0.78,0,0,,,
Jordan Cronkrite,RB,SFLA,18.5,18.5,21.5,,,122,0.82,7,0.1,,,
Olamide Zaccheaus,RB,UVA,17.2,17.2,21.5,,,17,0.14,76,0.67,,,
Justice Hill,RB,OKLAST,18.3,18.3,21.4,,,113,0.77,10,0.14,,,
Mike Weber,RB,OHIOST,18.3,18.3,21.4,,,108,0.97,8,0.08,,,
Jarrett Guarantano,QB,TENN,19.4,19.4,21.3,281,2.4,-5,0.04,0,0,,,
Trevor Lawrence,QB,CLEM,19.5,19.5,21.2,269,2.28,10,0.06,0,0,,,
Kai Locksley,QB,UTEP,20.5,20.5,21.1,208,1.16,47,0.65,0,0,,,
Shamari Brooks,RB,TULSA,18.1,18.1,20.9,,,105,0.94,11,0.09,,,
Diontae Johnson,WR,TOLEDO,17.5,17.5,20.9,,,2,0,83,1.13,,,
Eno Benjamin,RB,ARIZST,17.8,17.8,20.8,,,76,0.7,28,0.25,,,
Ben Hicks,QB,SMU,18.5,18.5,20.7,296,2.19,-5,0.06,0,0,,,
Damonte Coxie,WR,MEMP,16.8,16.8,20.6,,,0,0,90,0.88,,,
Justin Herbert,QB,OREG,19.5,19.5,20.3,217,2.12,23,0.29,0,0,,,
Marquise Brown,WR,OKLA,16.2,16.2,20.3,,,0,0,96,0.72,,,
Frankie Hickson,RB,LIB,17,17,20.3,,,112,0.54,11,0.15,,,
Brent Stockstill,QB,MTSU,18.7,18.7,20.2,249,1.98,20,0.16,0,0,,,
Adrian Martinez,QB,NEB,18.6,18.6,20.1,246,1.34,40,0.28,0,0,,,
Justin McMillan,QB,TULANE,18.7,18.7,20.1,256,1.54,19,0.32,0,0,,,
Papi White,RB,OHIO,17.1,17.1,20.1,,,29,0.28,72,0.64,,,
Kirk Merritt,WR,ARKST,15.4,15.4,20,,,0,0,82,0.65,,,
Ryan Willis,QB,VATECH,18.9,18.9,20,217,1.71,31,0.36,0,0,,,
Jake Bentley,QB,SC,18.5,18.5,19.9,260,1.89,14,0.08,0,0,,,
Joshua Kelley,RB,UCLA,17.4,17.4,19.8,,,79,0.89,25,0.09,,,
Ryan Agnew,QB,SDGST,18.4,18.4,19.7,252,1.98,13,0.06,0,0,,,
Lil'Jordan Humphrey,WR,TEXAS,15.3,15.3,19.7,,,3,0.09,87,0.43,,,
Tyler Wiegers,QB,EMICH,17.8,17.8,19.6,249,2.05,11,0.13,0,0,,,
Cody Thompson,WR,TOLEDO,16.6,16.6,19.4,,,0,0,72,1.24,,,
Seth Boomer,QB,TULSA,17.8,17.8,19.4,253,1.7,23,0.09,0,0,,,
Jack Abraham,QB,USM,17.3,17.3,19.4,285,1.55,6,0.24,0,0,,,
Isaiah Sanders,QB,AF,19,19,19.4,141,1.06,73,0.53,0,0,,,
Will Grier,QB,WVU,17.5,17.5,19.4,286,1.86,-4,0.11,0,0,,,
Zack Moss,RB,UTAH,16.8,16.8,19.3,,,97,0.84,12,0.08,,,
Dorian Thompson-Robinson,QB,UCLA,17.8,17.8,19.3,268,1.78,12,0.06,0,0,,,
Michael Collins,QB,TCU,18.4,18.4,19.3,228,1.46,27,0.38,0,0,,,
Willie Jones III,QB,TXSTSM,18.2,18.2,19.2,211,1.41,47,0.26,0,0,,,
Kelvin Hopkins Jr.,QB,ARMY,19,19,19.2,82,1.12,76,0.72,0,0,,,
Collin Johnson,WR,TEXAS,14.8,14.8,19.1,,,0,0,86,0.51,,,
Rondale Moore,WR,PURDUE,14.9,14.9,19,,,11,0.06,71,0.56,,,
Tua Tagovailoa,QB,BAMA,17.8,17.8,19,232,1.85,13,0.14,0,0,,,
Willie Wright,WR,FAU,15.1,15.1,19,,,11,0.02,74,0.57,,,
Greg Dortch,WR,WAKE,15,15,18.9,,,1,0,83,0.64,,,
Jovon Durante,WR,FAU,14.3,14.3,18.9,,,5,0.01,92,0.24,,,
J.K. Dobbins,RB,OHIOST,16.5,16.5,18.9,,,92,0.67,14,0.18,,,
Drew Eckels,QB,WKY,17.2,17.2,18.8,269,1.49,15,0.04,0,0,,,
Wesley Fields,RB,GAS,16.7,16.7,18.8,,,93,0.73,14,0.28,,,
Spencer Brown,RB,UAB,16.5,16.5,18.8,,,80,0.97,13,0.1,,,
Tyre Brady,WR,MRSHL,15.1,15.1,18.7,,,0,0,76,0.78,,,
Darius Bradwell,RB,TULANE,16.1,16.1,18.6,,,94,0.75,13,0.08,,,
Jayden Reed,WR,WMICH,15.1,15.1,18.5,,,1,0,74,0.94,,,
Darwin Thompson,RB,UTAHST,16.9,16.9,18.5,,,69,1.08,25,0.02,,,
John Ursua,WR,HAWAII,14.8,14.8,18.5,,,0,0.07,73,0.7,,,
LeVante Bellamy,RB,WMICH,15.6,15.6,18.5,,,96,0.58,12,0.11,,,
JD Spielman,WR,NEB,14.5,14.5,18.3,,,3,0.01,78,0.59,,,
Terren Encalade,WR,TULANE,14.5,14.5,18.3,,,5,0.01,80,0.57,,,
Trace McSorley,QB,PSU,17.8,17.8,18.2,182,1.33,37,0.46,0,0,,,
Chase Jasmin,RB,SDGST,16.4,16.4,18.1,,,71,1.06,13,0.27,,,
A.J. Brown,WR,MISS,13.8,13.8,17.9,,,0,0,79,0.44,,,
Darnell Mooney,WR,TULANE,14.2,14.2,17.9,,,1,0,81,0.61,,,
Ronnie Rivers,RB,FRESNO,16.4,16.4,17.9,,,55,0.81,33,0.35,,,
CJ Verdell,RB,OREG,15.7,15.7,17.8,,,84,0.72,18,0.11,,,
David Blough,QB,PURDUE,16.2,16.2,17.6,261,1.53,5,0.14,0,0,,,
Alex Thomson,QB,MRSHL,16.6,16.6,17.6,220,1.86,14,0.15,0,0,,,
Brian Lewerke,QB,MICHST,16.5,16.5,17.5,229,1.33,21,0.26,0,0,,,
Kenny Pickett,QB,PITT,16.3,16.3,17.4,240,1.38,14,0.23,0,0,,,
Garret Lewis,QB,NAVY,17.1,17.1,17.3,80,0.77,84,0.62,0,0,,,
Tyler Johnson,WR,MINN,14.2,14.2,17.3,,,0,0,75,0.82,,,
Ryan Finley,QB,NCST,15.8,15.8,17.2,265,1.41,5,0.05,0,0,,,
Nathan Elliott,QB,UNC,15.6,15.6,17.2,250,1.8,5,0.05,0,0,,,
Drew Lock,QB,MIZZOU,15.6,15.6,17.1,253,1.52,8,0.16,0,0,,,
Lexington Thomas,RB,UNLV,14.6,14.6,17.1,,,87,0.66,13,0.07,,,
CeeDee Lamb,WR,OKLA,14.3,14.3,17,,,0,0,76,0.81,,,
Chase Garbers,QB,CAL,16,16,17,225,1.63,24,0.07,0,0,,,
Jalen Hurd,WR,BAYLOR,14.2,14.2,17,,,23,0.33,62,0.25,,,
Dexter Williams,RB,ND,14.8,14.8,16.9,,,84,0.72,10,0.09,,,
Benjamin Snell Jr.,RB,UK,14.8,14.8,16.9,,,92,0.74,7,0.05,,,
James Morgan,QB,FIU,16,16,16.8,230,1.88,-2,0.08,0,0,,,
Jamarius Way,WR,SALA,13.2,13.2,16.8,,,1,0,85,0.38,,,
A.J. Bush,QB,ILL,16.3,16.3,16.8,164,1.14,54,0.31,0,0,,,
Qadree Ollison,RB,PITT,14.6,14.6,16.7,,,84,0.64,12,0.07,,,
Johnny Ford,RB,SFLA,15.4,15.4,16.7,,,82,1.07,6,0.02,,,
Feleipe Franks,QB,FLA,15.6,15.6,16.7,223,1.53,12,0.22,0,0,,,
Jafar Armstrong,RB,ND,14.7,14.7,16.6,,,66,0.51,35,0.03,,,
Hakeem Butler,WR,IOWAST,13.9,13.9,16.6,,,0,0,74,0.78,,,
Amon-Ra St. Brown,WR,USC,13.2,13.2,16.6,,,3,0,78,0.46,,,
Matt Colburn,RB,WAKE,14.6,14.6,16.5,,,89,0.77,10,0.02,,,
James Williams,RB,WASHST,13.6,13.6,16.5,,,34,0.41,38,0.23,,,
Marcel Murray,RB,ARKST,14.8,14.8,16.5,,,66,0.86,15,0.14,,,
John Hightower,WR,BOISE,13.6,13.6,16.5,,,10,0.27,62,0.6,,,
Ty Lee,WR,MTSU,13.2,13.2,16.4,,,4,0.04,66,0.55,,,
Corey Taylor II,RB,TULSA,15,15,16.4,,,78,1.03,7,0.02,,,
Wyoming,DEF,WYO,17.6,16.4,16.4,,,0,0,0,0,11.5,3.99,1.79
Britain Covey,WR,UTAH,12,12,16.3,,,6,0.01,77,0.24,,,
Ty Chandler,RB,TENN,14.8,14.8,16.3,,,48,0.3,32,0.63,,,
Travon McMillian,RB,COLO,14.1,14.1,16.2,,,86,0.44,15,0.1,,,
Tanner Morgan,QB,MINN,15.5,15.5,16.2,217,1.69,6,0.18,0,0,,,
AJ Dillon,RB,BC,14.1,14.1,16.2,,,92,0.56,9,0.08,,,
Jamal Custis,WR,CUSE,13.1,13.1,16,,,0,0,71,0.62,,,
Evan Orth,QB,SALA,14.7,14.7,16,249,1.27,14,0.05,0,0,,,
Jake Browning,QB,WASH,15.2,15.2,16,222,1.3,6,0.28,0,0,,,
Jermar Jefferson,RB,OREGST,13.7,13.7,16,,,86,0.58,10,0.06,,,
Kahlil Lewis,WR,CINCY,13,13,15.9,,,2,0,64,0.66,,,
Kelvin Harmon,WR,NCST,12.6,12.6,15.9,,,0,0,80,0.37,,,
Jauan Wesley,WR,NILL,12.5,12.5,15.9,,,0,0.02,71,0.42,,,
Pooka Williams Jr.,RB,KANSAS,13.4,13.4,15.9,,,59,0.35,30,0.18,,,
Kellen Mond,QB,TXAM,15.1,15.1,15.9,211,0.92,32,0.24,0,0,,,
Penny Hart,WR,GAST,12.5,12.5,15.9,,,0,0,76,0.41,,,
Patrick Taylor Jr.,RB,MEMP,14.5,14.5,15.9,,,65,0.89,15,0.09,,,
Peytton Pickett,RB,LIB,14.7,14.7,15.9,,,77,1.07,2,0.03,,,
James Gilbert,RB,BALLST,13.9,13.9,15.9,,,82,0.6,12,0.06,,,
Reggie Corbin,RB,ILL,13.5,13.5,15.8,,,85,0.64,12,0.06,,,
Tee Higgins,WR,CLEM,13.3,13.3,15.8,,,0,0,62,0.85,,,
Shakif Seymour,RB,TOLEDO,14.1,14.1,15.7,,,54,0.37,31,0.39,,,
Keion Davis,RB,MRSHL,13.6,13.6,15.6,,,82,0.43,16,0.09,,,
Jarrett Stidham,QB,AUBURN,14.2,14.2,15.6,240,1.29,0,0.16,0,0,,,
Austin Walter,RB,RICE,13.6,13.6,15.6,,,65,0.42,27,0.12,,,
Elijah Mitchell,RB,LALAF,14.3,14.3,15.6,,,59,0.6,30,0.18,,,
Cade Carney,RB,WAKE,14.1,14.1,15.5,,,70,0.78,13,0.11,,,
Keenen Brown,TE,OKLAST,13,13,15.5,,,4,0.23,64,0.49,,,
Tre Watson,RB,TEXAS,13.3,13.3,15.5,,,45,0.33,32,0.33,,,
Wisconsin,DEF,WISC,16.9,15.5,15.5,,,0,0,0,0,12.8,2.48,2.64
Deondre Douglas,WR,TROY,12.9,12.9,15.4,,,2,0.02,60,0.73,,,
Clemson,DEF,CLEM,16.7,15.4,15.4,,,0,0,0,0,11.8,5.07,1.49
Marcus Green,WR,LAMON,12.4,12.4,15.3,,,12,0.02,69,0.45,,,
Damon Hazelton Jr.,WR,VATECH,12.4,12.4,15.2,,,1,0,66,0.58,,,
Rocky Lombardi,QB,MICHST,14.4,14.4,15.2,230,1.34,8,0.04,0,0,,,
Jordan Mims,RB,FRESNO,13.8,13.8,15.2,,,47,0.4,42,0.26,,,
Max Gilliam,QB,UNLV,14,14,15.2,244,1.38,1,0.14,0,0,,,
Marquis Young,RB,MA,13.5,13.5,15.2,,,70,0.59,18,0.12,,,
Miles Boykin,WR,ND,12.3,12.3,15.2,,,0,0,66,0.69,,,
Caleb Wilson,TE,UCLA,11.7,11.7,15.2,,,0,0,78,0.23,,,
Malcolm Williams,WR,CSTCAR,12.2,12.2,15.2,,,3,0.08,76,0.32,,,
Myles Gaskin,RB,WASH,13.3,13.3,15.1,,,79,0.56,11,0.07,,,
Damion Willis,WR,TROY,12.8,12.8,15.1,,,0,0,66,0.73,,,
Preston Williams,WR,TENN,12.5,12.5,15.1,,,1,0,67,0.62,,,
Deebo Samuel,WR,SC,12.3,12.3,15.1,,,6,0.13,58,0.47,,,
Marcus Williams Jr.,RB,APLST,13.7,13.7,15,,,83,0.58,6,0.2,,,
Jerry Jeudy,WR,BAMA,12.5,12.5,15,,,0,0,67,0.71,,,
Jake Fromm,QB,UGA,14.2,14.2,15,226,1.5,-1,0.03,0,0,,,
Kylin Hill,RB,MISSST,13,13,14.9,,,81,0.32,11,0.22,,,
Justin McInnis,WR,ARKST,11.8,11.8,14.8,,,0,0,67,0.45,,,
Jared Rice,TE,FRESNO,11.9,11.9,14.8,,,0,0,70,0.45,,,
Shea Patterson,QB,MICH,13.9,13.9,14.8,187,1.46,19,0.1,0,0,,,
Alexander Mattison,RB,BOISE,13.4,13.4,14.7,,,54,0.86,15,0.12,,,
Tyler Vaughns,WR,USC,11.9,11.9,14.7,,,0,0,63,0.56,,,
Anthony Brown,QB,BC,13.9,13.9,14.6,207,1.37,10,0.1,0,0,,,
Tyler Vander Waal,QB,WYO,14.3,14.3,14.6,174,1.82,6,0.05,0,0,,,
Stanley Morgan Jr.,WR,NEB,11.6,11.6,14.5,,,0,0,70,0.38,,,
JaTarvious Whitlow,WR,AUBURN,13.5,13.5,14.5,,,74,0.54,16,0.15,,,
Aca'Cedric Ware,RB,USC,12.9,12.9,14.5,,,73,0.55,11,0.12,,,
Jordan Mason,RB,GATECH,13,13,14.5,,,85,0.64,1,0.08,,,
JJ Arcega-Whiteside,WR,STNFRD,11.6,11.6,14.5,,,0,0.01,64,0.44,,,
Daniel Jones,QB,DUKE,13.6,13.6,14.4,176,1.33,23,0.21,0,0,,,
Tavares Thomas,RB,MTSU,13.1,13.1,14.4,,,46,0.66,16,0.34,,,
Deondre Francois,QB,FSU,13.2,13.2,14.4,237,1.24,-1,0.14,0,0,,,
Jalen Reagor,WR,TCU,11.8,11.8,14.4,,,2,0,60,0.57,,,
Tyleek Collins,WR,UNLV,11.9,11.9,14.3,,,7,0.1,60,0.44,,,
Cordale Grundy,QB,TXSA,13.9,13.9,14.3,168,1.1,30,0.15,0,0,,,
Jamauri Bogan,RB,WMICH,13.4,13.4,14.2,,,68,1.01,4,0.02,,,
Alex Barnes,RB,KSTATE,12.8,12.8,14.2,,,75,0.64,11,0.04,,,
Braeden West,RB,SMU,12.4,12.4,14.2,,,45,0.5,30,0.11,,,
Tony Pollard,RB,MEMP,12.7,12.7,14.1,,,26,0.28,39,0.52,,,
Bryce Love,RB,STNFRD,12.3,12.3,14.1,,,80,0.43,9,0.06,,,
Blake Banham,RB,EMICH,12,12,14,,,24,0.27,43,0.35,,,
Harrison Bryant,TE,FAU,11.5,11.5,14,,,0,0,56,0.63,,,
Trey Sermon,RB,OKLA,12.6,12.6,14,,,66,0.48,17,0.18,,,
Cody White,WR,MICHST,11.6,11.6,14,,,1,0,64,0.55,,,
Trayveon Williams,RB,TXAM,12.2,12.2,13.9,,,71,0.44,16,0.05,,,
Kilton Anderson,QB,CSTCAR,13.3,13.3,13.9,196,1.28,12,0.05,0,0,,,
Nathan Stanley,QB,IOWA,13.1,13.1,13.9,207,1.51,0,0.03,0,0,,,
Kennedy Brooks,RB,OKLA,12.4,12.4,13.8,,,62,0.85,5,0.04,,,
Benny LeMay,RB,CHARLO,12.1,12.1,13.8,,,75,0.43,14,0.04,,,
Courtney Lark,WR,HOU,11.3,11.3,13.8,,,0,0,67,0.44,,,
Kato Nelson,QB,AKRON,13.2,13.2,13.8,192,0.95,24,0.14,0,0,,,
D.J. Brown,WR,NILL,11.2,11.2,13.7,,,7,0.09,48,0.46,,,
Karan Higdon,RB,MICH,12.1,12.1,13.7,,,79,0.42,10,0.07,,,
Michael Pittman Jr.,WR,USC,11.8,11.8,13.7,,,1,0,60,0.69,,,
Kawaan Baker,WR,SALA,12.3,12.3,13.7,,,21,0.5,41,0.35,,,
Zach Wilson,QB,BYU,13,13,13.6,201,0.95,15,0.2,0,0,,,
Dillon Mitchell,WR,OREG,10.8,10.8,13.5,,,1,0,61,0.4,,,
Quez Watkins,WR,USM,10.9,10.9,13.5,,,1,0,57,0.49,,,
A.J. Richardson,WR,BOISE,11.1,11.1,13.5,,,0,0,61,0.51,,,
Rico Dowdle,RB,SC,11.8,11.8,13.5,,,69,0.38,16,0.13,,,
Shaq Vann,RB,EMICH,12,12,13.5,,,65,0.58,10,0.1,,,
Jon'Vea Johnson,WR,TOLEDO,11.3,11.3,13.4,,,0,0,61,0.64,,,
Trey Ragas,RB,LALAF,11.9,11.9,13.4,,,68,0.43,14,0.07,,,
Michael Carter,RB,UNC,11.7,11.7,13.4,,,62,0.42,14,0.19,,,
David Sills V,WR,WVU,11.1,11.1,13.4,,,1,0,55,0.61,,,
Kevin Mensah,RB,UCONN,11.5,11.5,13.4,,,69,0.31,14,0.06,,,
Torrance Marable,RB,CSTCAR,12.4,12.4,13.3,,,66,0.38,15,0.29,,,
Tre Harbison,RB,NILL,11.6,11.6,13.3,,,67,0.4,13,0.12,,,
Denzel Mims,WR,BAYLOR,10.9,10.9,13.3,,,0,0,60,0.49,,,
Quardraiz Wadley,RB,UTEP,11.9,11.9,13.2,,,60,0.29,22,0.23,,,
DaMarkus Lodge,WR,MISS,10.3,10.3,13.2,,,0,0,62,0.34,,,
Skylar Thompson,QB,KSTATE,13,13,13.2,141,0.82,33,0.29,0,0,,,
Easop Winston,WR,WASHST,10.8,10.8,13.2,,,0,0,54,0.53,,,
Dezmon Patmon,WR,WASHST,10.2,10.2,13.1,,,0,0,62,0.26,,,
Theo Howard,WR,UCLA,10.4,10.4,13,,,0,0,60,0.36,,,
Chance Bell,RB,SDGST,11.3,11.3,13,,,82,0.16,15,0.02,,,
Kerrith Whyte Jr.,RB,FAU,11.6,11.6,13,,,61,0.48,13,0.19,,,
Shun Brown,WR,ARIZ,10.1,10.1,13,,,2,0,55,0.3,,,
Shawn Poindexter,WR,ARIZ,10.7,10.7,12.9,,,0,0,59,0.5,,,
LJ Scott,RB,MICHST,11.7,11.7,12.9,,,62,0.44,19,0.07,,,
Jackson Tyner,QB,RICE,12.3,12.3,12.9,185,1.34,5,0.19,0,0,,,
Bryan Edwards,WR,SC,10.5,10.5,12.9,,,0,0,58,0.48,,,
Cedric Byrd,WR,HAWAII,10.2,10.2,12.9,,,0,0,50,0.45,,,
Marcus Outlow,RB,CSTCAR,11.7,11.7,12.9,,,70,0.54,9,0.06,,,
Parris Campbell,WR,OHIOST,10.7,10.7,12.8,,,4,0.03,46,0.6,,,
Ja'Deion High,WR,TXTECH,10,10,12.8,,,0,0,63,0.23,,,
Keaontay Ingram,RB,TEXAS,11.3,11.3,12.8,,,62,0.31,13,0.14,,,
Keylon Stokes,WR,TULSA,10.9,10.9,12.8,,,7,0.2,56,0.28,,,
Vavae Malepeai,RB,USC,12.1,12.1,12.8,,,52,0.95,6,0.02,,,
Ron'Quavion Tarver,WR,UTAHST,10.7,10.7,12.7,,,1,0,50,0.63,,,
Adrian Killins Jr.,RB,UCF,11.6,11.6,12.7,,,57,0.36,21,0.21,,,
Andre Nunez,QB,LALAF,11.6,11.6,12.7,215,1.23,-2,0.09,0,0,,,
Corey Dauphine,RB,TULANE,11.3,11.3,12.7,,,86,0.35,4,0.02,,,
Anthony Russo,QB,TEMPLE,11.8,11.8,12.7,216,1.27,1,0.1,0,0,,,
D'Andre Swift,RB,UGA,11.4,11.4,12.7,,,63,0.41,15,0.09,,,
Julian Hicks,WR,CMICH,10.3,10.3,12.6,,,1,0,46,0.56,,,
Jack Colletto,QB,OREGST,12.1,12.1,12.6,173,1.16,4,0.28,0,0,,,
Jordan Ellis,RB,UVA,11.1,11.1,12.5,,,49,0.44,18,0.13,,,
Aaron Cephus,WR,RICE,10.6,10.6,12.5,,,0,0,55,0.58,,,
Maleek Irons,RB,OHIO,11.6,11.6,12.5,,,59,0.64,7,0.13,,,
Brevin Jordan,TE,MIAMI,9.9,9.9,12.5,,,0,0,55,0.38,,,
Darrynton Evans,WR,APLST,11.7,11.7,12.5,,,75,0.24,11,0.17,,,
Art Thompkins,RB,TOLEDO,11.4,11.4,12.5,,,64,0.49,12,0.04,,,
Davontavean Martin,WR,WASHST,10,10,12.5,,,0,0,40,0.6,,,
Eli Peters,QB,TOLEDO,12.3,12.3,12.4,136,1.81,0,0.02,0,0,,,
K.J. Costello,QB,STNFRD,11.7,11.7,12.4,195,1.1,7,0.04,0,0,,,
Albert Okwuegbunam,TE,MIZZOU,9.7,9.7,12.4,,,0,0,51,0.56,,,
T.J. Vasher,WR,TXTECH,10.3,10.3,12.3,,,0,0,55,0.53,,,
Steven Peoples,RB,VATECH,11,11,12.3,,,66,0.42,11,0.09,,,
Gerold Bright,WR,UTAHST,11.3,11.3,12.3,,,54,0.33,20,0.17,,,
Sean Modster,WR,BOISE,9.7,9.7,12.2,,,0,0,58,0.29,,,
Travis Homer,RB,MIAMI,10.9,10.9,12.2,,,67,0.2,20,0.08,,,
Trivenskey Mosley,RB,USM,9.8,9.8,12.2,,,67,0.16,14,0.03,,,
Kyle Williams,WR,ARIZST,9.4,9.4,12.2,,,1,0,54,0.25,,,
Nykeim Johnson,WR,CUSE,9.8,9.8,12.1,,,3,0.01,54,0.35,,,
Darnell Woolfolk,RB,ARMY,11.4,11.4,12.1,,,64,0.74,4,0.06,,,
Arthur Jackson III,WR,EMICH,9.8,9.8,12.1,,,0,0,50,0.46,,,
Moe Neal,WR,CUSE,10.6,10.6,12.1,,,55,0.18,21,0.18,,,
Alex Hornibrook,QB,WISC,11.8,11.8,12,165,1.8,-7,0,0,0,,,
Antonio Williams,RB,UNC,10.7,10.7,12,,,49,0.53,15,0.09,,,
Kanawai Noa,WR,CAL,9.6,9.6,12,,,1,0,51,0.37,,,
Reggie Roberson Jr.,WR,WVU,9.9,9.9,12,,,1,0,56,0.4,,,
Jabir Daughtry-Frye,RB,TROY,11.1,11.1,11.9,,,49,0.5,17,0.15,,,
Max Borghi,RB,WASHST,9.8,9.8,11.9,,,24,0.4,18,0.34,,,
Darius Anderson,RB,TCU,10.5,10.5,11.9,,,76,0.4,3,0.02,,,
A.J. Ouellette,RB,OHIO,10.4,10.4,11.8,,,56,0.55,12,0.13,,,
Northern Illinois,DEF,NILL,13.4,11.8,11.8,,,0,0,0,0,13.6,3.2,1.08
K.J. Hill,WR,OHIOST,9.5,9.5,11.8,,,0,0,51,0.38,,,
Raheem Blackshear,RB,RUT,9.8,9.8,11.7,,,40,0.13,24,0.31,,,
Reggie Gallaspy II,RB,NCST,10.8,10.8,11.7,,,42,0.82,7,0.07,,,
Tarique Milton,WR,IOWAST,9,9,11.7,,,0,0,58,0.22,,,
Sheriron Jones,QB,NMEX,11.5,11.5,11.7,148,1.14,25,0.08,0,0,,,
Darrin Hall,RB,PITT,10.6,10.6,11.7,,,59,0.47,10,0.02,,,
Devine Ozigbo,RB,NEB,10.5,10.5,11.6,,,52,0.48,15,0.07,,,
Damien Harris,RB,BAMA,10.6,10.6,11.6,,,56,0.4,14,0.11,,,
Aeris Williams,RB,MISSST,10.3,10.3,11.5,,,75,0.27,8,0.02,,,
Osirus Mitchell,WR,MISSST,9.5,9.5,11.5,,,0,0,56,0.36,,,
Warren Wand,RB,ARKST,10.4,10.4,11.5,,,55,0.32,16,0.09,,,
Keith Corbin,WR,HOU,9.5,9.5,11.5,,,0,0,55,0.48,,,
Tim Jones,WR,USM,9.1,9.1,11.4,,,0,0,63,0.17,,,
Washington State,DEF,WASHST,13.4,11.4,11.4,,,0,0,0,0,22.4,3.42,1.72
Steven Sims Jr.,WR,KANSAS,8.6,8.6,11.3,,,2,0,46,0.23,,,
Justyn Ross,WR,CLEM,9.7,9.7,11.3,,,0,0,55,0.47,,,
Jalen Knox,WR,MIZZOU,9.5,9.5,11.3,,,3,0,56,0.36,,,
Arkansas State,DEF,ARKST,13,11.3,11.3,,,0,0,0,0,19.3,2.6,1.49
Tulsa,DEF,TULSA,13,11.3,11.3,,,0,0,0,0,16,1.76,1.88
Andre Wilson,WR,UAB,9.2,9.2,11.2,,,3,0,53,0.41,,,
UCF,DEF,UCF,12.7,11.2,11.2,,,0,0,0,0,18.8,1.3,1.98
Cam Akers,RB,FSU,10,10,11.2,,,57,0.45,10,0.06,,,
T.J. Rahming,WR,DUKE,8.8,8.8,11.2,,,1,0,42,0.37,,,
North Carolina State,DEF,NCST,12.9,11.1,11.1,,,0,0,0,0,19,2.97,1.32
Gabriel Davis,WR,UCF,9.1,9.1,11.1,,,0,0,44,0.46,,,
D'Wayne Eskridge,WR,WMICH,9.3,9.3,11.1,,,1,0,55,0.36,,,
Derrick Gore,RB,LAMON,9.9,9.9,11.1,,,53,0.48,9,0.08,,,
Corey Sutton,WR,APLST,9.7,9.7,11.1,,,0,0,48,0.6,,,
Terry Wilson,QB,UK,10.5,10.5,11.1,117,0.92,32,0.17,0,0,,,
Robert Brown Jr.,RB,TXSTSM,9.8,9.8,11.1,,,66,0.27,8,0.03,,,
Boise State,DEF,BOISE,12.2,11.1,11.1,,,0,0,0,0,15.6,2.68,1.16
Stephen Carr,RB,USC,9.6,9.6,11.1,,,73,0.16,8,0.02,,,
Patrick Carr,RB,HOU,9.9,9.9,11.1,,,50,0.28,18,0.14,,,
Taj Harris,WR,CUSE,8.8,8.8,11.1,,,0,0,54,0.22,,,
Iowa State,DEF,IOWAST,12.6,11.1,11.1,,,0,0,0,0,15.1,3.51,1.05
Andre Williams,WR,AKRON,9.1,9.1,11,,,0,0,52,0.36,,,
Romello Ross,RB,CMICH,9.8,9.8,11,,,60,0.35,10,0.06,,,
Da'Leon Ward,RB,TXTECH,9.5,9.5,11,,,34,0.44,17,0.11,,,
Fidel Ogbeifun,TE,LIB,8.8,8.8,11,,,0,0,53,0.37,,,
J'mar Smith,QB,LATECH,10.5,10.5,11,178,0.84,8,0.11,0,0,,,
Tim Jordan,RB,TENN,10,10,10.9,,,42,0.55,14,0.12,,,
Tra Barnett,RB,GAST,9.8,9.8,10.9,,,47,0.56,9,0.08,,,
USC,DEF,USC,12.4,10.9,10.9,,,0,0,0,0,18.7,3.19,1.05
Fresno State,DEF,FRESNO,12.8,10.9,10.9,,,0,0,0,0,20.8,2.59,1.8
Clayton Thorson,QB,NWEST,10.2,10.2,10.9,186,0.92,-4,0.26,0,0,,,
Jordan Scarlett,RB,FLA,10,10,10.9,,,53,0.46,11,0.08,,,
Clinton Lynch,RB,GATECH,10.3,10.3,10.9,,,27,0.18,19,0.72,,,
Lynn Bowden,WR,UK,8.2,8.2,10.9,,,1,0,43,0.39,,,
Georgia State,DEF,GAST,12.3,10.8,10.8,,,0,0,0,0,18.2,2.81,1.16
Tahj Deans,WR,ECU,8.7,8.7,10.8,,,0,0,46,0.34,,,
Josiah Deguara,TE,CINCY,8.7,8.7,10.8,,,0,0,51,0.28,,,
Landon Wolf,WR,OKLAST,8.8,8.8,10.8,,,2,0,48,0.33,,,
Jordan Mitchell,WR,USM,8.3,8.3,10.8,,,0,0,50,0.36,,,
Javon Thomas,RB,TULSA,9.2,9.2,10.7,,,74,0.14,4,0.02,,,
Maurice Ffrench,WR,PITT,9.1,9.1,10.7,,,10,0.03,45,0.38,,,
Lyn-J Dixon,RB,CLEM,10.1,10.1,10.7,,,55,0.59,8,0.03,,,
Stephen Guidry,WR,MISSST,9.3,9.3,10.7,,,0,0,48,0.55,,,
Joe Burrow,QB,LSU,10.2,10.2,10.7,157,0.77,18,0.14,0,0,,,
Henry Ruggs,WR,BAMA,9,9,10.7,,,0,0,48,0.52,,,
Duke,DEF,DUKE,12.8,10.7,10.7,,,0,0,0,0,24.2,2.59,2.18
Omar Bayless,WR,ARKST,8.6,8.6,10.7,,,0,0,57,0.2,,,
Eastern Michigan,DEF,EMICH,12.5,10.7,10.7,,,0,0,0,0,18.3,2.24,1.43
Khaleb Coleman,WR,LIB,9.3,9.3,10.7,,,0,0,46,0.58,,,
Teddy Veal,WR,LATECH,8,8,10.7,,,0,0,48,0.11,,,
Damarea Crockett,RB,MIZZOU,9.5,9.5,10.6,,,56,0.31,13,0.08,,,
Nyqwan Murray,WR,FSU,8.6,8.6,10.6,,,0,0.01,53,0.3,,,
Keenen Johnson,WR,TULSA,8.8,8.8,10.6,,,0,0,47,0.41,,,
Utah,DEF,UTAH,12.8,10.6,10.6,,,0,0,0,0,27,3.18,1.86
Gatlin Casey,WR,MTSU,8.9,8.9,10.6,,,0,0,46,0.46,,,
Darren Woods Jr.,WR,UNLV,8.6,8.6,10.6,,,1,0,44,0.36,,,
D.J. Knox,RB,PURDUE,9.5,9.5,10.6,,,49,0.37,13,0.08,,,
Marshall,DEF,MRSHL,12.4,10.6,10.6,,,0,0,0,0,21.5,2.32,1.4
Jeremy Larkin,RB,NWEST,8.9,8.9,10.6,,,32,0.38,18,0.03,,,
Brandon Presley,WR,UNLV,7.8,7.8,10.5,,,1,0,52,0.17,,,
Jeff Thomas,WR,MIAMI,8.6,8.6,10.5,,,1,0,57,0.25,,,
James Graham,QB,GATECH,10.4,10.4,10.5,91,1.27,18,0.07,0,0,,,
Miami (Fla.),DEF,MIAMI,12.3,10.5,10.5,,,0,0,0,0,18.7,3.39,1.06
Frank Darby,WR,ARIZST,8.5,8.5,10.5,,,0,0.02,55,0.2,,,
Adrian Hardy,WR,LATECH,8.3,8.3,10.4,,,0,0,50,0.28,,,
T.J. Hockenson,TE,IOWA,8.8,8.8,10.4,,,0,0.11,52,0.24,,,
RJ Turner,WR,LAMON,8.6,8.6,10.4,,,0,0,53,0.28,,,
Chase Claypool,WR,ND,8.5,8.5,10.4,,,0,0,45,0.36,,,
Lawrence Cager,WR,MIAMI,8.9,8.9,10.4,,,0,0,49,0.47,,,
Justin Hobbs,WR,TULSA,8.3,8.3,10.4,,,0,0,52,0.24,,,
Minnesota,DEF,MINN,12.3,10.4,10.4,,,0,0,0,0,22.9,2.97,1.39
Elijah Holyfield,RB,UGA,9.5,9.5,10.3,,,69,0.34,4,0.02,,,
Tyron Johnson,WR,OKLAST,9,9,10.3,,,1,0.11,48,0.38,,,
Auburn,DEF,AUBURN,11.9,10.3,10.3,,,0,0,0,0,17.3,2.8,1.1
Taiwan Deal,RB,WISC,9.8,9.8,10.3,,,58,0.58,3,0.02,,,
Oklahoma State,DEF,OKLAST,12,10.3,10.3,,,0,0,0,0,24.1,3.71,1.34
Nick Brossette,RB,LSU,9.4,9.4,10.3,,,53,0.5,8,0.04,,,
Squally Canada,RB,BYU,9.3,9.3,10.2,,,50,0.44,10,0.05,,,
Terry McLaurin,WR,OHIOST,9,9,10.2,,,0,0,37,0.68,,,
Alabama,DEF,BAMA,11.5,10.2,10.2,,,0,0,0,0,15.7,2.97,0.81
Flynn Nagel,WR,NWEST,7.8,7.8,10.2,,,0,0,46,0.15,,,
San Diego State,DEF,SDGST,11.3,10.2,10.2,,,0,0,0,0,18.2,1.19,1.63
Deshaunte Jones,WR,IOWAST,8.2,8.2,10.2,,,1,0,44,0.32,,,
Vic Wharton III,WR,CAL,7.7,7.7,10.2,,,1,0,46,0.16,,,
Riley Miller,WR,BALLST,8.2,8.2,10.1,,,0,0,47,0.35,,,
Lamical Perine,RB,FLA,9.4,9.4,10.1,,,46,0.41,19,0.04,,,
Anthony Scott,RB,ECU,8.9,8.9,10.1,,,39,0.36,16,0.1,,,
Justin Jefferson,WR,LSU,8.3,8.3,10.1,,,2,0,47,0.28,,,
Aaron Fuller,WR,WASH,8.3,8.3,10.1,,,0,0,52,0.24,,,
Adam Choice,RB,CLEM,9.5,9.5,10.1,,,56,0.56,3,0.03,,,
Florida,DEF,FLA,11.9,10.1,10.1,,,0,0,0,0,22.1,2.04,1.53
Gary Brightwell,RB,ARIZ,9.3,9.3,10.1,,,67,0.34,4,0.02,,,
Sewo Olonilua,RB,TCU,9,9,10,,,50,0.31,12,0.07,,,
Tre Nixon,WR,UCF,8,8,10,,,0,0,39,0.37,,,
Larry Rountree III,RB,MIZZOU,9.4,9.4,10,,,60,0.46,4,0.02,,,
Deon Jackson,RB,DUKE,9.1,9.1,10,,,48,0.39,14,0.07,,,
Jamire Jordan,WR,FRESNO,8.1,8.1,10,,,2,0.02,55,0.21,,,
Tra Minter,RB,SALA,8.9,8.9,10,,,39,0.38,19,0.06,,,
Mississippi State,DEF,MISSST,11.5,9.9,9.9,,,0,0,0,0,14.1,2.68,0.88
Anthony Ratliff-Williams,WR,UNC,8.1,8.1,9.9,,,3,0,46,0.3,,,
Andrew Meyer,WR,OHIO,8.3,8.3,9.9,,,0,0,46,0.39,,,
Ohio State,DEF,OHIOST,11.6,9.9,9.9,,,0,0,0,0,20.9,2.71,1.24
Jake Ferguson,TE,WISC,8.4,8.4,9.9,,,0,0,42,0.46,,,
Kahale Warring,TE,SDGST,8.4,8.4,9.9,,,0,0,39,0.52,,,
Jace Sternberger,TE,TXAM,8.2,8.2,9.9,,,0,0,50,0.28,,,
Tony Ellison,WR,ARIZ,8.2,8.2,9.9,,,1,0.02,45,0.33,,,
Aaron McLean,WR,UCONN,8,8,9.9,,,0,0,48,0.24,,,
Austin Trammell,WR,RICE,7.7,7.7,9.8,,,2,0,45,0.17,,,
Notre Dame,DEF,ND,11.4,9.8,9.8,,,0,0,0,0,16.3,2.25,1.27
Ryan Davis,WR,AUBURN,7.4,7.4,9.8,,,1,0,45,0.14,,,
Rashod Bateman,WR,MINN,8.1,8.1,9.8,,,0,0,41,0.41,,,
A.J. Taylor,WR,WISC,8.5,8.5,9.8,,,1,0,42,0.51,,,
Peyton Bender,QB,KANSAS,9.3,9.3,9.8,183,1.03,-7,0.01,0,0,,,
Artavis Pierce,RB,OREGST,8.7,8.7,9.7,,,43,0.21,20,0.03,,,
Tyrone Owens,RB,NMEX,8.8,8.8,9.7,,,57,0.32,8,0.06,,,
South Florida,DEF,SFLA,11.5,9.7,9.7,,,0,0,0,0,25.1,3.61,1.05
Tennessee,DEF,TENN,11.4,9.7,9.7,,,0,0,0,0,15.5,2.33,1.08
Justin Hall,WR,BALLST,7.5,7.5,9.7,,,10,0.01,39,0.11,,,
UAB,DEF,UAB,11.1,9.7,9.7,,,0,0,0,0,16.6,3.22,0.54
Sage Surratt,WR,WAKE,8.2,8.2,9.7,,,0,0,47,0.35,,,
Evan Shirreffs,QB,CHARLO,9.5,9.5,9.7,145,0.91,6,0.14,0,0,,,
Dontae Strickland,RB,CUSE,8.8,8.8,9.7,,,44,0.38,12,0.04,,,
Shawndarrius Phillips,RB,FIU,8.9,8.9,9.6,,,37,0.48,12,0.09,,,
Binjimen Victor,WR,OHIOST,8.5,8.5,9.6,,,0,0,36,0.63,,,
C.J. Worton,WR,FIU,8.2,8.2,9.6,,,0,0,45,0.4,,,
Jawon Pass,QB,LVILLE,9.2,9.2,9.6,172,0.69,8,0.12,0,0,,,
Patrick Smith,WR,MTSU,7.7,7.7,9.6,,,0,0,40,0.3,,,
Troy,DEF,TROY,10.6,9.5,9.5,,,0,0,0,0,21.1,2.85,1.17
Lucky Jackson,WR,WKY,7.4,7.4,9.5,,,0,0,43,0.14,,,
Xavier Ubosi,WR,UAB,8.3,8.3,9.5,,,0,0,45,0.44,,,
Deondre Farrier,WR,ECU,7.4,7.4,9.5,,,1,0,43,0.27,,,
Dazz Newsome,WR,UNC,7.7,7.7,9.5,,,3,0.01,42,0.24,,,
K.D. Nixon,WR,COLO,7.3,7.3,9.5,,,1,0.01,46,0.3,,,
Colorado,DEF,COLO,11.6,9.5,9.5,,,0,0,0,0,27.7,2.83,1.72
Iowa,DEF,IOWA,11.5,9.5,9.5,,,0,0,0,0,21.1,2.72,1.32
Dredrick Snelson,WR,UCF,7.6,7.6,9.4,,,0,0.02,37,0.36,,,
Toledo,DEF,TOLEDO,10.5,9.4,9.4,,,0,0,0,0,21.1,2.3,1.16
Johnnie Dixon,WR,OHIOST,8.2,8.2,9.4,,,0,0.02,32,0.61,,,
Virginia Tech,DEF,VATECH,11.1,9.4,9.4,,,0,0,0,0,22.5,2.84,1.05
Line Latu,WR,EMICH,7.9,7.9,9.3,,,1,0,44,0.33,,,
Zavier Scott,WR,UCONN,7.5,7.5,9.3,,,22,0.03,26,0.21,,,
Rashad Medaris,WR,CINCY,7.8,7.8,9.3,,,0,0,44,0.34,,,
Myron Gailliard,WR,SMU,7.7,7.7,9.3,,,0,0,37,0.39,,,
Isaiah Hodgins,WR,OREGST,7.6,7.6,9.3,,,0,0,40,0.33,,,
Georgia,DEF,UGA,10.9,9.3,9.3,,,0,0,0,0,17.4,1.79,1.03
Ta'Zhawn Henry,RB,TXTECH,8.1,8.1,9.3,,,27,0.46,14,0.02,,,
Riley Ridley,WR,UGA,7.7,7.7,9.2,,,1,0,41,0.34,,,
TCU,DEF,TCU,10.3,9.2,9.2,,,0,0,0,0,17.9,2.92,0.66
Jacquez Sloan,WR,WKY,7.3,7.3,9.2,,,0,0,50,0.11,,,
Kyle Fourtenbary,TE,WKY,7.3,7.3,9.2,,,0,0,33,0.37,,,
Trey Smith,RB,LVILLE,8.3,8.3,9.2,,,51,0.31,9,0.04,,,
Marcus Bennett,WR,AF,7.9,7.9,9.1,,,0,0,46,0.36,,,
Timothy Wilson Jr.,WR,SDGST,7.9,7.9,9.1,,,0,0,40,0.46,,,
Jauan Jennings,WR,TENN,7.8,7.8,9.1,,,0,0,42,0.39,,,
Jakobi Meyers,WR,NCST,6.9,6.9,9.1,,,0,0,40,0.15,,,
Quartney Davis,WR,TXAM,7,7,9.1,,,1,0,40,0.27,,,
Anthony Anderson,RB,MRSHL,8.8,8.8,9,,,42,0.66,3,0.02,,,
KJ Hamler,WR,PSU,7.8,7.8,9,,,2,0.06,40,0.36,,,
Miles Sanders,RB,PSU,8.2,8.2,9,,,48,0.34,9,0.07,,,
Donnie Lee,RB,UAB,7.8,7.8,9,,,29,0.31,20,0.08,,,
Jaylon Redd,WR,OREG,7.8,7.8,9,,,3,0.03,30,0.52,,,
Kyle Buss,WR,UCONN,7.1,7.1,9,,,0,0,46,0.21,,,
Jeremiah Holloman,WR,UGA,7.7,7.7,9,,,0,0,42,0.39,,,
Texas,DEF,TEXAS,10.8,9,9,,,0,0,0,0,21.9,2.34,1.18
Josh Oliver,TE,SJST,7,7,9,,,0,0,39,0.21,,,
Hergy Mayala,WR,UCONN,7,7,9,,,0,0,42,0.16,,,
Virginia,DEF,UVA,10.9,9,9,,,0,0,0,0,23.9,3.12,1.24
Hasise Dubois,WR,UVA,7.2,7.2,8.9,,,0,0,41,0.25,,,
Victor Tucker,WR,CHARLO,6.8,6.8,8.9,,,0,0,40,0.12,,,
Jaylen Waddle,WR,BAMA,7.5,7.5,8.9,,,0,0,49,0.22,,,
Amari Rodgers,WR,CLEM,7.2,7.2,8.9,,,0,0,41,0.28,,,
Pittsburgh,DEF,PITT,10.7,8.9,8.9,,,0,0,0,0,26.6,2.05,1.41
Sadiq Palmer,WR,MA,7.6,7.6,8.9,,,0,0.04,45,0.25,,,
Wesley Kennedy III,WR,GAS,8.4,8.4,8.9,,,34,0.34,20,0.09,,,
Texas-El Paso,DEF,UTEP,10.9,8.9,8.9,,,0,0,0,0,22.1,1.7,1.46
Kendric Pryor,WR,WISC,7.8,7.8,8.8,,,10,0.17,28,0.33,,,
Utah State,DEF,UTAHST,9.9,8.8,8.8,,,0,0,0,0,25.5,2.46,0.83
Devin Duvernay,WR,TEXAS,7.1,7.1,8.8,,,1,0,43,0.18,,,
Mason Hays,WR,TXSTSM,7,7,8.8,,,0,0,42,0.19,,,
Raelon Singleton,WR,HOU,7.5,7.5,8.8,,,0,0,37,0.45,,,
Josh Love,QB,SJST,8,8,8.8,191,0.81,-2,0,0,0,,,
Mik'Quan Deane,TE,WKY,7.3,7.3,8.8,,,0,0,36,0.38,,,
Ty'Son Williams,RB,SC,8.1,8.1,8.8,,,48,0.35,7,0.02,,,
Noah Fant,TE,IOWA,7.4,7.4,8.8,,,0,0,34,0.44,,,
Rafael Araujo-Lopes,WR,PITT,7,7,8.8,,,1,0,40,0.21,,,
JoJo Ward,WR,HAWAII,7.3,7.3,8.8,,,0,0,40,0.32,,,
Seth Paige,RB,GAST,8.1,8.1,8.8,,,42,0.48,8,0.02,,,
Sean Riley,WR,CUSE,6.9,6.9,8.7,,,3,0,40,0.14,,,
Jager Gardner,RB,TEMPLE,8,8,8.7,,,51,0.24,10,0.01,,,
Lopini Katoa,RB,BYU,7.1,7.1,8.7,,,30,0.18,16,0.11,,,
Gary Jennings,WR,WVU,7,7,8.7,,,0,0,42,0.23,,,
Darius Slayton,WR,AUBURN,7.3,7.3,8.7,,,0,0,49,0.2,,,
Trevon Bradford,WR,OREGST,7.2,7.2,8.7,,,8,0.01,28,0.36,,,
Emeka Emezie,WR,NCST,7.1,7.1,8.7,,,0,0,38,0.34,,,
Tyre McCants,WR,SFLA,7.3,7.3,8.7,,,4,0,38,0.31,,,
Boston College,DEF,BC,10.5,8.7,8.7,,,0,0,0,0,23.6,2.67,0.98
Danny Davis,WR,WISC,7.1,7.1,8.6,,,3,0,40,0.21,,,
Kaden Smith,TE,STNFRD,6.7,6.7,8.6,,,0,0,43,0.09,,,
D'Andre Ferby,RB,WKY,7.5,7.5,8.6,,,30,0.37,12,0.08,,,
DeeJay Dallas,WR,MIAMI,8.3,8.3,8.6,,,44,0.34,12,0.06,,,
Otis Anderson,WR,UCF,7.6,7.6,8.6,,,25,0.28,14,0.23,,,
Jerry Howard,RB,GATECH,8.1,8.1,8.6,,,52,0.4,5,0.03,,,
Michigan,DEF,MICH,10.3,8.6,8.6,,,0,0,0,0,23.4,3.08,0.96
Shi Smith,WR,SC,7.1,7.1,8.6,,,0,0,44,0.23,,,
Mecole Hardman,WR,UGA,6.8,6.8,8.6,,,4,0.02,38,0.24,,,
Memphis,DEF,MEMP,10.1,8.6,8.6,,,0,0,0,0,25.7,1.79,1.16
Irv Smith Jr.,TE,BAMA,7.3,7.3,8.5,,,0,0,39,0.37,,,
Michigan State,DEF,MICHST,10.4,8.5,8.5,,,0,0,0,0,17.9,2.03,1.06
Hunter Renfrow,WR,CLEM,6.8,6.8,8.5,,,0,0,39,0.22,,,
Anthony Schwartz,WR,AUBURN,7.8,7.8,8.5,,,16,0.3,26,0.18,,,
Georgia Southern,DEF,GAS,10.5,8.5,8.5,,,0,0,0,0,25.1,1.58,1.25
Trenton Irwin,WR,STNFRD,6.2,6.2,8.5,,,0,0,37,0.1,,,
Leddie Brown,RB,WVU,7.4,7.4,8.4,,,30,0.37,15,0.1,,,
Connor Heyward,RB,MICHST,7.4,7.4,8.4,,,27,0.36,14,0.02,,,
Seth Green,WR,MINN,8.2,8.2,8.4,,,20,0.84,6,0.05,,,
Tavien Feaster,RB,CLEM,7.9,7.9,8.4,,,47,0.38,5,0.03,,,
Artur Sitkowski,QB,RUT,8.1,8.1,8.4,181,0.88,0,0.02,0,0,,,
Taysir Mack,WR,PITT,6.8,6.8,8.4,,,0,0,46,0.13,,,
Xavier Jones,RB,SMU,7.5,7.5,8.4,,,31,0.28,14,0.11,,,
Garrett Groshek,RB,WISC,7.3,7.3,8.4,,,37,0.14,15,0.12,,,
Cornelius McCoy,WR,GAST,6.6,6.6,8.4,,,0,0,41,0.21,,,
Dennis Robinson,WR,NILL,6.9,6.9,8.4,,,0,0,32,0.38,,,
Josh Jacobs,RB,BAMA,7.9,7.9,8.4,,,32,0.53,10,0.02,,,
Al'Dontre Davis,WR,TCU,6.5,6.5,8.4,,,0,0,40,0.13,,,
D'Vonte Price,RB,FIU,7.6,7.6,8.3,,,42,0.34,8,0.02,,,
Maurice Washington,RB,NEB,7.1,7.1,8.3,,,32,0.18,17,0.02,,,
Tre Hartley,WR,SJST,6.8,6.8,8.3,,,0,0,40,0.22,,,
Fred Trevillion,WR,SDGST,6.9,6.9,8.3,,,2,0,48,0.12,,,
Southern Methodist,DEF,SMU,10.8,8.3,8.3,,,0,0,0,0,37,2.26,1.82
James Price,WR,WYO,7.1,7.1,8.3,,,-1,0,42,0.3,,,
Shadell Bell,TE,CLEM,6.9,6.9,8.3,,,0,0,27,0.47,,,
Bruno Labelle,TE,CINCY,6.3,6.3,8.3,,,0,0,36,0.14,,,
Darnell Salomon,WR,SFLA,7.3,7.3,8.2,,,0,0,32,0.54,,,
Ventell Bryant,WR,TEMPLE,6.6,6.6,8.2,,,0,0,44,0.12,,,
South Alabama,DEF,SALA,10.9,8.2,8.2,,,0,0,0,0,38.8,2.63,1.97
Appalachian State,DEF,APLST,9.6,8.2,8.2,,,0,0,0,0,23.2,2.75,0.7
Samson Nacua,WR,UTAH,6.7,6.7,8.2,,,0,0,36,0.29,,,
Isaiah Zuber,WR,KSTATE,6.3,6.3,8.1,,,0,0,36,0.24,,,
Austin Fort,TE,WYO,7.3,7.3,8.1,,,1,0.08,29,0.5,,,
Jaqwis Dancy,RB,LATECH,7.4,7.4,8.1,,,42,0.26,9,0.04,,,
Van Jefferson,WR,FLA,6.7,6.7,8.1,,,1,0,37,0.27,,,
Hutch White,WR,TXSTSM,6,6,8.1,,,0,0,32,0.26,,,
Alize Mack,TE,ND,6.3,6.3,8.1,,,0,0,35,0.18,,,
Napoleon Maxwell,RB,FIU,7.6,7.6,8.1,,,51,0.31,3,0.02,,,
Marquez Callaway,WR,TENN,6.4,6.4,8.1,,,0,0,47,0.15,,,
Dayton Furuta,RB,HAWAII,6.8,6.8,8.1,,,36,0.25,12,0.11,,,
Ty Jones,WR,WASH,7,7,8.1,,,0,0,38,0.36,,,
Austin Maloney,WR,FIU,6.9,6.9,8.1,,,0,0,38,0.32,,,
Keynan Foster,WR,UTEP,7,7,8.1,,,3,0.01,39,0.29,,,
Kasim Hill,QB,MD,7.7,7.7,8.1,137,0.98,-1,0.01,0,0,,,
Kendrick Edwards,WR,ARKST,6.9,6.9,8,,,0,0,34,0.41,,,
Eric Kumah,WR,VATECH,6.6,6.6,8,,,0,0,38,0.23,,,
Johnathan Lloyd,WR,DUKE,6.4,6.4,8,,,0,0,33,0.25,,,
Bryce Williams,RB,MINN,7.3,7.3,8,,,60,0.14,6,0.02,,,
Spencer Tears,WR,NILL,6.5,6.5,8,,,0,0,33,0.28,,,
Middle Tennessee,DEF,MTSU,10,8,8,,,0,0,0,0,21.6,2.44,0.81
CT Thomas,WR,BOISE,6.5,6.5,8,,,2,0,34,0.21,,,
Johnathon Johnson,WR,MIZZOU,6.5,6.5,8,,,1,0,41,0.19,,,
Devon Spalding,RB,CMICH,6.8,6.8,7.9,,,29,0.24,17,0.02,,,
Raghib Ismail Jr.,WR,WYO,6.5,6.5,7.9,,,1,0.01,37,0.22,,,
Tez Parks,RB,USM,6.9,6.9,7.9,,,26,0.28,15,0.12,,,
Demetric Felton,WR,UCLA,6.6,6.6,7.9,,,6,0.06,33,0.18,,,
Washington,DEF,WASH,9.5,7.9,7.9,,,0,0,0,0,17.1,1.82,0.74
Corey Lacanaria,WR,BALLST,6.2,6.2,7.9,,,0,0,36,0.19,,,
B.J. Daniels,RB,TXSA,7.2,7.2,7.9,,,37,0.33,9,0.06,,,
Darrell Langham,WR,MIAMI,6.7,6.7,7.9,,,0,0,35,0.34,,,
Darrell Stewart Jr.,WR,MICHST,6.5,6.5,7.9,,,6,0.01,34,0.16,,,
Jordan Asberry,RB,ARMY,7.5,7.5,7.9,,,16,0.12,13,0.61,,,
Najee Harris,RB,BAMA,7.5,7.5,7.9,,,53,0.3,2,0.02,,,
Army,DEF,ARMY,9.9,7.9,7.9,,,0,0,0,0,21.7,1.28,0.67
Houston,DEF,HOU,10.2,7.9,7.9,,,0,0,0,0,28.9,2.4,1.31
Scotty Washington,WR,WAKE,6.6,6.6,7.9,,,0,0,37,0.28,,,
Rice,DEF,RICE,9.8,7.9,7.9,,,0,0,0,0,19.6,2.35,0.81
Stephon Robinson Jr.,WR,KANSAS,6,6,7.8,,,0,0,36,0.12,,,
Andrew Beck,TE,TEXAS,6.2,6.2,7.8,,,0,0,34,0.2,,,
Ben Glines,WR,BC,7.3,7.3,7.8,,,41,0.29,9,0.11,,,
Ivory Kelly-Martin,RB,IOWA,7.1,7.1,7.8,,,39,0.22,10,0.08,,,
Taivon Jacobs,WR,MD,6.3,6.3,7.8,,,2,0.01,32,0.23,,,
Javen Banks,WR,TXSTSM,6.7,6.7,7.8,,,0,0.06,32,0.34,,,
Dillon Stoner,WR,OKLAST,6.5,6.5,7.7,,,0,0,36,0.26,,,
Zach Abey,RB,NAVY,7.6,7.6,7.7,,,40,0.59,1,0.03,,,
Javonis Isaac,TE,ARKST,6.1,6.1,7.7,,,0,0,34,0.33,,,
Illinois,DEF,ILL,9.9,7.7,7.7,,,0,0,0,0,26.5,1.6,1.51
Romello Brooker,TE,HOU,6.4,6.4,7.7,,,0,0,32,0.34,,,
Arizona State,DEF,ARIZST,9.8,7.7,7.7,,,0,0,0,0,28.5,2.75,0.77
Trent Pennix,RB,NCST,7,7,7.7,,,27,0.1,16,0.24,,,
Jordon Brown,RB,UNC,6.8,6.8,7.7,,,29,0.33,10,0.02,,,
Matthew Eaton,WR,IOWAST,6.2,6.2,7.7,,,0,0,33,0.26,,,
Georgia Tech,DEF,GATECH,9.7,7.7,7.7,,,0,0,0,0,26.8,1.33,1.33
Kadin Remsberg,RB,AF,6.8,6.8,7.7,,,54,0.12,2,0.15,,,
Charlie Kolar,TE,IOWAST,6.5,6.5,7.6,,,0,0,29,0.44,,,
Darius Pinnix,RB,ECU,6.7,6.7,7.6,,,27,0.19,19,0.02,,,
Cam Chambers,WR,MICHST,6.3,6.3,7.6,,,0,0,44,0.12,,,
Maryland,DEF,MD,9.4,7.6,7.6,,,0,0,0,0,22.2,1.67,1.18
Isaiah Bowser,RB,NWEST,6.7,6.7,7.6,,,31,0.29,10,0.05,,,
California,DEF,CAL,9.9,7.6,7.6,,,0,0,0,0,30.2,2.23,1.65
Tavonn Salter,WR,MTSU,6,6,7.6,,,0,0,37,0.13,,,
Lee Morris,WR,OKLA,6.8,6.8,7.6,,,0,0,31,0.5,,,
Renard Bell,WR,WASHST,6.2,6.2,7.6,,,0,0,29,0.35,,,
Oklahoma,DEF,OKLA,9.9,7.5,7.5,,,0,0,0,0,28.9,2.17,1.6
Branden Mack,WR,TEMPLE,6.2,6.2,7.5,,,0,0,29,0.33,,,
Cameron Odom,WR,OHIO,6.3,6.3,7.5,,,0,0,40,0.18,,,
Jeff Smith,WR,BC,6.7,6.7,7.5,,,13,0.09,28,0.21,,,
Marcus Jones,RB,NILL,6.7,6.7,7.5,,,40,0.23,6,0.02,,,
Mekhi Sargent,RB,IOWA,7.2,7.2,7.5,,,40,0.37,6,0.02,,,
Cade Otton,TE,WASH,6.2,6.2,7.5,,,0,0,35,0.25,,,
Giovanni Ricci,WR,WMICH,5.9,5.9,7.5,,,0,0,34,0.17,,,
Jonathan Adams Jr.,WR,ARKST,6.6,6.6,7.5,,,0,0,33,0.39,,,
Trenard Davis,WR,ILL,5.9,5.9,7.5,,,0,0,35,0.14,,,
Ryheem Malone,WR,LALAF,5.9,5.9,7.5,,,1,0,33,0.16,,,
Dax Raymond,TE,UTAHST,6.2,6.2,7.5,,,0,0,32,0.3,,,
Seth Williams,WR,AUBURN,6.4,6.4,7.5,,,0,0,38,0.27,,,
Jon Hilliman,RB,RUT,6.5,6.5,7.4,,,34,0.29,10,0.06,,,
Keishawn Watson,WR,WMICH,6.3,6.3,7.4,,,0,0,33,0.33,,,
Kell Walker,RB,ARMY,6.8,6.8,7.4,,,35,0.12,16,0.16,,,
Malik Williams,WR,APLST,6.4,6.4,7.4,,,0,0.03,26,0.44,,,
Travis Dye,RB,OREG,6.6,6.6,7.4,,,49,0.24,5,0.02,,,
Anthony McFarland,RB,MD,6.8,6.8,7.4,,,46,0.12,9,0.01,,,
New Mexico,DEF,NMEX,9.7,7.4,7.4,,,0,0,0,0,31.9,3.11,0.81
Will Jones,RB,BALLST,6.8,6.8,7.4,,,44,0.31,4,0.01,,,
Malik Dunner,RB,BALLST,6.6,6.6,7.3,,,27,0.25,13,0.1,,,
Jeremiah Booker,WR,KANSAS,5.8,5.8,7.3,,,0,0,28,0.25,,,
Delane Hart-Johnson,WR,NMEX,6.2,6.2,7.3,,,0,0,31,0.32,,,
John Lovett,RB,BAYLOR,6.3,6.3,7.3,,,28,0.18,15,0.09,,,
Warren Redix,WR,UTEP,6,6,7.3,,,0,0,40,0.12,,,
Sean Dykes,TE,MEMP,6.2,6.2,7.3,,,0,0,36,0.31,,,
Monteo Garrett,RB,GAS,7,7,7.3,,,46,0.33,2,0.02,,,
Chris Evans,RB,MICH,6.5,6.5,7.3,,,38,0.21,10,0.02,,,
Jalen Greene,WR,UTAHST,6.2,6.2,7.3,,,0,0,37,0.22,,,
De'Michael Harris,WR,USM,6.1,6.1,7.3,,,8,0.02,31,0.16,,,
Ricky Smalling,WR,ILL,6.1,6.1,7.3,,,0,0,28,0.38,,,
Hassan Hall,RB,LVILLE,6.6,6.6,7.3,,,45,0.23,7,0.01,,,
Thomas Hennigan,WR,APLST,5.9,5.9,7.3,,,0,0,33,0.19,,,
Donovan Peoples-Jones,WR,MICH,6.3,6.3,7.3,,,3,0,25,0.42,,,
Collin Lisa,WR,UAB,6.1,6.1,7.3,,,0,0,43,0.11,,,
Northwestern,DEF,NWEST,9.5,7.3,7.3,,,0,0,0,0,28.5,1.82,1.36
Chris Finke,WR,ND,5.8,5.8,7.2,,,1,0,36,0.13,,,
West Virginia,DEF,WVU,9.4,7.2,7.2,,,0,0,0,0,29.3,2.41,1.35
Purdue,DEF,PURDUE,9.2,7.2,7.2,,,0,0,0,0,21,1.97,0.88
JaMycal Hasty,RB,BAYLOR,6.1,6.1,7.2,,,29,0.12,10,0.1,,,
Oregon,DEF,OREG,9.4,7.2,7.2,,,0,0,0,0,25.7,2.27,1.1
Jamire Calvin,WR,WASHST,5.6,5.6,7.2,,,0,0,35,0.1,,,
Malik Stanley,WR,SALA,5.8,5.8,7.2,,,0,0.01,38,0.17,,,
Isaac Zico,WR,PURDUE,5.6,5.6,7.2,,,0,0,37,0.24,,,
UCLA,DEF,UCLA,9.6,7.2,7.2,,,0,0,0,0,31.2,1.97,1.33
Southern Mississippi,DEF,USM,9.3,7.1,7.1,,,0,0,0,0,24.9,1.7,1.24
Ole Miss,DEF,MISS,8.9,7.1,7.1,,,0,0,0,0,26.5,1.78,1.03
Greg Campbell Jr.,WR,TXSA,5.6,5.6,7.1,,,4,0.01,32,0.15,,,
Keith Gavin,WR,FSU,5.7,5.7,7.1,,,0,0,42,0.09,,,
Tyler Nevens,RB,SJST,6.2,6.2,7.1,,,35,0.2,10,0.04,,,
Tray Eafford,WR,TROY,5.8,5.8,7.1,,,2,0,31,0.22,,,
Tamir Jones,WR,GAST,5.8,5.8,7.1,,,0,0,37,0.19,,,
Jaylen Smith,WR,LVILLE,5.6,5.6,7.1,,,0,0,38,0.09,,,
Greg McCrae,RB,UCF,6.7,6.7,7,,,46,0.16,5,0.1,,,
Texas A&amp;M,DEF,TXAM,9,7,7,,,0,0,0,0,25,3.05,0.46
Marcus Simms,WR,WVU,5.9,5.9,7,,,0,0,40,0.13,,,
Jarrod Jackson,WR,LALAF,6,6,7,,,0,0,33,0.26,,,
Ravian Pierce,TE,CUSE,5.5,5.5,7,,,0,0,26,0.35,,,
Juma Otoviano,RB,RICE,6.4,6.4,7,,,53,0.1,3,0.01,,,
Jeshaun Jones,WR,MD,6.1,6.1,7,,,8,0.12,22,0.26,,,
Jordan Fredericks,RB,MA,6.3,6.3,7,,,36,0.13,10,0.13,,,
Tony Brooks-James,RB,OREG,6.5,6.5,7,,,31,0.37,9,0.04,,,
Chris Platt,WR,BAYLOR,5.5,5.5,7,,,2,0,35,0.18,,,
Quin Jernighan,WR,WKY,5.4,5.4,7,,,0,0,32,0.1,,,
Mekhi Stevenson,WR,UNLV,5.5,5.5,7,,,0,0,34,0.11,,,
Penn State,DEF,PSU,8.9,7,7,,,0,0,0,0,26.7,2.41,0.78
Ke'Mon Freeman,RB,SMU,5.9,5.9,6.9,,,22,0.27,12,0.07,,,
J.D. King,RB,OKLAST,6.4,6.4,6.9,,,23,0.1,11,0.35,,,
Devan Stubblefield,WR,HAWAII,5.7,5.7,6.9,,,0,0,30,0.24,,,
Clyde Edwards-Helaire,RB,LSU,6.6,6.6,6.9,,,46,0.24,3,0.01,,,
Brycen Hopkins,TE,PURDUE,5.7,5.7,6.9,,,0,0,35,0.18,,,
Timmy Hernandez,WR,OREGST,5.3,5.3,6.9,,,0,0,31,0.1,,,
Taylor Jackson,WR,NAVY,6.1,6.1,6.9,,,0,0,33,0.33,,,
Ky'Jon Tyler,WR,CSTCAR,5.6,5.6,6.8,,,4,0.07,31,0.13,,,
Braylon Sanders,WR,MISS,5.4,5.4,6.8,,,0,0,34,0.11,,,
Evan Butts,TE,UVA,5.6,5.6,6.8,,,0,0,24,0.36,,,
Isaiah Wright,WR,TEMPLE,5.4,5.4,6.8,,,9,0.02,26,0.15,,,
Trestan Ebner,RB,BAYLOR,5.8,5.8,6.8,,,22,0.06,19,0.07,,,
Nick Easley,WR,IOWA,5.4,5.4,6.8,,,0,0,28,0.2,,,
Kwadarrius Smith,WR,AKRON,5.5,5.5,6.8,,,2,0.01,37,0.13,,,
South Carolina,DEF,SC,9,6.8,6.8,,,0,0,0,0,29.6,2.14,1.3
Mathew Sexton,WR,EMICH,5.6,5.6,6.8,,,0,0,28,0.27,,,
Obi Obialo,WR,MRSHL,5.3,5.3,6.8,,,0,0,30,0.14,,,
Jonah Morris,WR,AKRON,5.4,5.4,6.8,,,0,0,36,0.08,,,
Maurice Alexander,WR,FIU,5.8,5.8,6.8,,,12,0.11,18,0.28,,,
John Williams,WR,MEMP,5.5,5.5,6.8,,,1,0,32,0.21,,,
Dalton Schoen,WR,KSTATE,5.8,5.8,6.8,,,0,0,32,0.26,,,
Maurice Ways,WR,CAL,5.3,5.3,6.8,,,0,0,32,0.1,,,
Stephon Huderson,RB,TULANE,6.3,6.3,6.8,,,40,0.1,12,0.02,,,
Stanford,DEF,STNFRD,8.8,6.8,6.8,,,0,0,0,0,23.3,1.91,0.91
Florida State,DEF,FSU,8.5,6.7,6.7,,,0,0,0,0,22.8,1.57,0.93
Cameron Green,TE,NWEST,5.1,5.1,6.7,,,0,0,23,0.23,,,
Western Kentucky,DEF,WKY,8.8,6.7,6.7,,,0,0,0,0,26.4,1.54,1.26
Salvon Ahmed,RB,WASH,6.3,6.3,6.7,,,33,0.35,5,0.01,,,
Christian Beal,RB,WAKE,6.3,6.3,6.7,,,50,0.11,4,0.02,,,
Eddie Lewis,WR,RUT,5,5,6.7,,,0,0,30,0.07,,,
Travis Vokolek,TE,RUT,5.4,5.4,6.7,,,0,0,28,0.23,,,
Nate Stewart,WR,AKRON,5.2,5.2,6.7,,,0,0,34,0.13,,,
Anthony Watley,TE,ECU,5.2,5.2,6.7,,,0,0,28,0.17,,,
Brittain Brown,RB,DUKE,5.9,5.9,6.7,,,31,0.18,9,0.07,,,
Amare Jones,RB,TULANE,5.5,5.5,6.7,,,28,0.08,15,0.02,,,
Jarveon Howard,RB,CUSE,5.9,5.9,6.7,,,27,0.36,9,0.04,,,
Brady Russell,TE,COLO,5,5,6.7,,,0,0,24,0.17,,,
Tyree Mayfield,TE,WYO,5.6,5.6,6.6,,,0,0,30,0.27,,,
Deshawn McClease,RB,VATECH,6.2,6.2,6.6,,,51,0.12,2,0.02,,,
Bennett Skowronek,WR,NWEST,5.2,5.2,6.6,,,0,0,31,0.12,,,
Tony Jones Jr.,RB,ND,6.3,6.3,6.6,,,38,0.19,10,0.02,,,
Missouri,DEF,MIZZOU,8.7,6.6,6.6,,,0,0,0,0,27.2,1.46,1.15
Kendrick Rogers,WR,TXAM,5.3,5.3,6.6,,,0,0,31,0.17,,,
Terry Godwin,WR,UGA,5.6,5.6,6.6,,,0,0,32,0.22,,,
Josh Hokit,RB,FRESNO,5.9,5.9,6.6,,,38,0.09,9,0.03,,,
Josh Falo,TE,USC,5.2,5.2,6.6,,,0,0,33,0.21,,,
Liberty,DEF,LIB,9.2,6.6,6.6,,,0,0,0,0,34.6,2.11,1.07
Leroy Henley,WR,ECU,5.1,5.1,6.6,,,0,0,32,0.09,,,
Tyler Badie,RB,MIZZOU,6,6,6.6,,,37,0.09,12,0.02,,,
Akron,DEF,AKRON,8.8,6.6,6.6,,,0,0,0,0,28.4,1.54,1.22
Jacob Breeland,TE,OREG,5.5,5.5,6.6,,,0,0,30,0.26,,,
Dimitri Stanley,WR,COLO,5.1,5.1,6.6,,,0,0,29,0.13,,,
Ty Harmston,TE,NILL,5.4,5.4,6.6,,,0,0,19,0.4,,,
Temple,DEF,TEMPLE,8.8,6.6,6.6,,,0,0,0,0,32.2,2.69,1.01
Louisiana Tech,DEF,LATECH,8.9,6.6,6.6,,,0,0,0,0,30.9,1.91,1.34
Terelle West,RB,MTSU,5.9,5.9,6.5,,,35,0.19,6,0.02,,,
Kentucky,DEF,UK,8.6,6.5,6.5,,,0,0,0,0,24.2,2.13,0.8
Beau Corrales,WR,UNC,5.5,5.5,6.5,,,0,0,28,0.28,,,
Jalen Rhodes,RB,TXSA,5.8,5.8,6.5,,,32,0.2,7,0.03,,,
Joey Magnifico,TE,MEMP,5.7,5.7,6.5,,,0,0,30,0.35,,,
Tulane,DEF,TULANE,9.2,6.5,6.5,,,0,0,0,0,37.2,1.97,1.48
Tyliek Raynor,RB,TEMPLE,6.2,6.2,6.5,,,37,0.35,3,0.01,,,
Alex Bachman,WR,WAKE,5.5,5.5,6.5,,,0,0,26,0.35,,,
Brennon Dingle,WR,MA,5.5,5.5,6.4,,,0,0,31,0.25,,,
Chuba Hubbard,RB,OKLAST,6,6,6.4,,,31,0.28,6,0.03,,,
Luke Farrell,TE,OHIOST,5.3,5.3,6.4,,,0,0,24,0.3,,,
Kansas State,DEF,KSTATE,8.4,6.4,6.4,,,0,0,0,0,24.7,0.84,1.16
Tre Walker,WR,SJST,5.1,5.1,6.4,,,0,0,35,0.08,,,
Thomas Geddis,WR,CINCY,5.1,5.1,6.4,,,0,0,33,0.09,,,
Jacques Patrick,RB,FSU,5.6,5.6,6.4,,,27,0.18,9,0.07,,,
Jevon Bigelow,RB,WYO,6,6,6.4,,,31,0.49,3,0.02,,,
Tre King,RB,TXTECH,5.5,5.5,6.4,,,26,0.2,9,0.02,,,
Khalil Herbert,RB,KANSAS,5.7,5.7,6.4,,,28,0.26,6,0.02,,,
Qua Searcy,RB,GATECH,5.9,5.9,6.4,,,33,0.21,12,0.04,,,
Tommy Sweeney,TE,BC,5.3,5.3,6.4,,,0,0,27,0.27,,,
Ja'Marcus Bradley,WR,LALAF,5.4,5.4,6.4,,,1,0,29,0.24,,,
Dominique Heath,WR,APLST,5.2,5.2,6.4,,,1,0.02,24,0.26,,,
Aaren Vaughns,WR,UTAHST,5.4,5.4,6.4,,,6,0.02,30,0.11,,,
Dez Fitzpatrick,WR,LVILLE,5.1,5.1,6.4,,,0,0,28,0.18,,,
Seth Collins,WR,TXTECH,5,5,6.4,,,1,0,27,0.17,,,
Isaac Nauta,TE,UGA,5.2,5.2,6.4,,,3,0.06,29,0.09,,,
Terence Williams,RB,HOU,5.9,5.9,6.3,,,38,0.26,5,0.03,,,
Marcus Armstrong-Brown,WR,HAWAII,4.9,4.9,6.3,,,0,0,27,0.13,,,
Toren Young,RB,IOWA,6.1,6.1,6.3,,,40,0.19,3,0.09,,,
Kyle Sweet,WR,WASHST,4.9,4.9,6.3,,,0,0,28,0.1,,,
Jarion Anderson,WR,TULSA,5.1,5.1,6.3,,,0,0,28,0.22,,,
Central Michigan,DEF,CMICH,8.7,6.3,6.3,,,0,0,0,0,29.8,2.28,0.83
Ian Bunting,TE,CAL,5,5,6.3,,,0,0,29,0.15,,,
Western Michigan,DEF,WMICH,8.7,6.3,6.3,,,0,0,0,0,33.8,1.51,0.72
Thayer Thomas,WR,NCST,4.7,4.7,6.3,,,1,0,30,0.11,,,
Jordan McCray,WR,SALA,5.1,5.1,6.3,,,0,0,28,0.22,,,
Taj McGowan,RB,UCF,6,6,6.3,,,35,0.36,2,0.02,,,
Cincinnati,DEF,CINCY,8.2,6.3,6.3,,,0,0,0,0,20.3,1.2,0.9
Austin Vaughn,RB,LAMON,5.8,5.8,6.3,,,35,0.25,7,0.02,,,
Joe Reed,WR,UVA,5.2,5.2,6.2,,,3,0.02,27,0.26,,,
Randle Jones,WR,TEMPLE,5.3,5.3,6.2,,,0,0,29,0.23,,,
Tamorrion Terry,WR,FSU,5.4,5.4,6.2,,,0,0,31,0.24,,,
Jelani Woods,TE,OKLAST,5.2,5.2,6.2,,,0,0,27,0.26,,,
Dawson Knox,TE,MISS,5,5,6.2,,,0,0,30,0.16,,,
Sean Savoy,WR,VATECH,4.6,4.6,6.2,,,4,0.05,22,0.26,,,
Terry Wright,WR,PURDUE,5.1,5.1,6.2,,,1,0.09,25,0.17,,,
Randall St. Felix,WR,SFLA,5,5,6.2,,,0,0,34,0.24,,,
Grant Calcaterra,TE,OKLA,4.9,4.9,6.2,,,0,0,31,0.27,,,
Isaih Pacheco,RB,RUT,5.8,5.8,6.2,,,40,0.16,5,0.02,,,
Jack Freudenthal,TE,WAKE,5.4,5.4,6.2,,,0,0,24,0.37,,,
Reggie Gilliam,TE,TOLEDO,5.2,5.2,6.2,,,0,0,25,0.31,,,
Aaron Mcallister,RB,CHARLO,5.8,5.8,6.2,,,36,0.25,4,0.01,,,
Armani Levias,TE,MRSHL,5.2,5.2,6.1,,,0,0,23,0.34,,,
Tyrie Cleveland,WR,FLA,5.2,5.2,6.1,,,0,0,31,0.2,,,
Joshua Samuel,RB,WKY,5.5,5.5,6.1,,,46,0.11,4,0.02,,,
Judah Bell,WR,SMU,4.9,4.9,6.1,,,0,0,30,0.12,,,
Demari Simpkins,WR,UTAH,5.2,5.2,6.1,,,0,0,28,0.24,,,
Dylan Drummond,WR,EMICH,4.7,4.7,6.1,,,0,0,25,0.13,,,
Jeremiah Haydel,WR,TXSTSM,5.2,5.2,6.1,,,0,0,26,0.29,,,
Breck Turner,RB,EMICH,5.6,5.6,6.1,,,28,0.3,6,0.02,,,
Travell Harris,WR,WASHST,4.7,4.7,6.1,,,0,0,28,0.11,,,
Shameen Jones,WR,RUT,5,5,6.1,,,1,0,26,0.2,,,
Tyler Watts,WR,TXSTSM,4.7,4.7,6.1,,,2,0.02,23,0.11,,,
Taye Barber,WR,TCU,4.8,4.8,6.1,,,1,0,25,0.15,,,
Chris Autman-Bell,WR,MINN,5.1,5.1,6.1,,,0,0,36,0.1,,,
Chatarius Atwell,WR,LVILLE,5,5,6.1,,,0,0,30,0.17,,,
Camron Buckley,WR,TXAM,4.8,4.8,6.1,,,0,0,32,0.07,,,
Freddie Holly III,RB,HAWAII,5.7,5.7,6,,,30,0.31,6,0.02,,,
Malik Miller,RB,AUBURN,5.2,5.2,6,,,10,0.28,17,0.02,,,
Johnny Johnson,WR,OREG,5.2,5.2,6,,,0,0,24,0.35,,,
Cedric Peterson,WR,ARIZ,5.1,5.1,6,,,0,0,24,0.28,,,
Dameon Pierce,RB,FLA,5.7,5.7,6,,,35,0.33,2,0.02,,,
Jordan Nathan,WR,UTAHST,5,5,6,,,1,0,24,0.28,,,
Nico Collins,WR,MICH,5,5,6,,,0,0,28,0.2,,,
Jaylen Dixon,WR,UTAH,5,5,6,,,0,0,36,0.08,,,
Jaivon Heiligh,WR,CSTCAR,5.1,5.1,6,,,2,0,27,0.23,,,
JaCorey Sullivan,WR,CMICH,4.9,4.9,6,,,0,0,26,0.23,,,
Texas State,DEF,TXSTSM,8.3,6,6,,,0,0,0,0,28.1,1.57,0.46
Michael Colubiale,TE,UCF,4.8,4.8,5.9,,,0,0,26,0.18,,,
Cole Neph,TE,TULSA,5.1,5.1,5.9,,,0,0,21,0.37,,,
Marcel Williams,WR,MRSHL,4.8,4.8,5.9,,,0,0,28,0.16,,,
Florida International,DEF,FIU,8.3,5.9,5.9,,,0,0,0,0,34.5,1.58,1.38
Hezekiah Jones,WR,TXAM,4.5,4.5,5.9,,,0,0,26,0.07,,,
Kazmeir Allen,RB,UCLA,5.3,5.3,5.9,,,20,0.14,7,0.23,,,
Bryce Singleton,WR,FIU,4.9,4.9,5.9,,,0,0,26,0.2,,,
Connecticut,DEF,UCONN,8.4,5.9,5.9,,,0,0,0,0,34.4,2.51,0.93
Gino Appleberry Jr.,RB,WKY,5.6,5.6,5.9,,,16,0.55,4,0.02,,,
Texas-San Antonio,DEF,TXSA,8.4,5.9,5.9,,,0,0,0,0,31.9,1.85,0.85
Keyshawn Helton,WR,FSU,5.1,5.1,5.9,,,1,0.01,29,0.22,,,
Diondre Overton,WR,CLEM,5,5,5.9,,,0,0,25,0.28,,,
Kennedy McKoy,RB,WVU,5.3,5.3,5.9,,,32,0.17,7,0.05,,,
KeSean Carter,WR,TXTECH,4.6,4.6,5.9,,,4,0,21,0.15,,,
Charles Williams,RB,UNLV,5.5,5.5,5.8,,,45,0.1,1,0.01,,,
Brandon Smith,WR,IOWA,4.7,4.7,5.8,,,0,0,31,0.1,,,
Wake Forest,DEF,WAKE,8.2,5.8,5.8,,,0,0,0,0,33.8,2.21,0.98
Aaron Molina,WR,NMEX,4.9,4.9,5.8,,,0,0,28,0.21,,,
Jeremy Singleton,WR,HOU,4.7,4.7,5.8,,,0,0,30,0.1,,,
Hezekiah Grimsley,WR,VATECH,4.6,4.6,5.8,,,4,0.01,23,0.12,,,
Markell Jones,RB,PURDUE,5,5,5.8,,,30,0.12,7,0.06,,,
Freddie Swain,WR,FLA,5.1,5.1,5.8,,,0,0,26,0.3,,,
Syracuse,DEF,CUSE,8,5.8,5.8,,,0,0,0,0,34.8,2.33,1.05
Hussein Howe,RB,ECU,4.8,4.8,5.8,,,24,0.07,10,0.02,,,
Sidney Davis,WR,TROY,4.7,4.7,5.8,,,3,0.02,25,0.16,,,
Dyami Brown,WR,UNC,4.7,4.7,5.7,,,0,0,22,0.27,,,
Kansas,DEF,KANSAS,8.1,5.7,5.7,,,0,0,0,0,31,2.1,0.73
Devin Gentry,WR,GAST,4.6,4.6,5.7,,,3,0.03,31,0.09,,,
Austin Conway,WR,WYO,4.6,4.6,5.7,,,4,0.04,20,0.16,,,
Isaiah Woullard,RB,MISS,5,5,5.7,,,20,0.2,10,0.04,,,
Daniel Young,RB,TEXAS,4.9,4.9,5.7,,,26,0.1,11,0.06,,,
Matt Bushman,TE,BYU,4.6,4.6,5.7,,,0,0,30,0.12,,,
Jay'Shawn Washington,TE,USM,4.4,4.4,5.7,,,0,0,27,0.16,,,
Kumehnnu Gwilly,RB,CMICH,5.2,5.2,5.7,,,34,0.22,4,0.01,,,
Malachi Carter,WR,GATECH,5.2,5.2,5.7,,,0,0,18,0.49,,,
David Bailey,RB,BC,5.4,5.4,5.6,,,32,0.3,3,0.01,,,
Kobay White,WR,BC,4.8,4.8,5.6,,,0,0,28,0.19,,,
Zach Gentry,TE,MICH,4.6,4.6,5.6,,,0,0,28,0.13,,,
Josh Stewart,WR,TULSA,4.7,4.7,5.6,,,0,0,33,0.1,,,
Isiah Cox,WR,OHIO,5,5,5.6,,,0,0,26,0.3,,,
Juwann Winfree,WR,COLO,4.5,4.5,5.6,,,0,0,24,0.19,,,
Josh Hammond,WR,FLA,4.7,4.7,5.6,,,0,0,33,0.09,,,
Hayden Pittman,TE,UAB,4.7,4.7,5.6,,,0,0,18,0.34,,,
Kadarius Toney,WR,FLA,4.7,4.7,5.6,,,15,0.02,16,0.09,,,
Zak Simon,WR,MA,4.8,4.8,5.6,,,0,0,31,0.15,,,
Aleva Hifo,WR,BYU,4.6,4.6,5.6,,,9,0.02,21,0.08,,,
Dalton Keene,TE,VATECH,4.7,4.7,5.6,,,0,0,24,0.25,,,
Kyle Evans,RB,COLO,5.3,5.3,5.5,,,30,0.19,7,0.02,,,
Tyquan Thornton,WR,BAYLOR,4.8,4.8,5.5,,,0,0,26,0.23,,,
Navy,DEF,NAVY,7.8,5.5,5.5,,,0,0,0,0,29,1.1,0.68
Markis McCray,WR,LAMON,4.4,4.4,5.5,,,7,0.01,25,0.07,,,
Carmoni Green,WR,ILL,4.2,4.2,5.5,,,-1,0,25,0.11,,,
Brian Herrien,RB,UGA,5.3,5.3,5.5,,,34,0.26,1,0.02,,,
Collin Reed,TE,APLST,4.8,4.8,5.5,,,0,0,16,0.41,,,
Carl Tucker,TE,UNC,4.4,4.4,5.5,,,0,0,22,0.18,,,
Andre Baccellia,WR,WASH,4.4,4.4,5.5,,,2,0,26,0.09,,,
Florida Atlantic,DEF,FAU,7.4,5.5,5.5,,,0,0,0,0,27.1,1.68,0.91
Velus Jones Jr.,WR,USC,4.6,4.6,5.5,,,3,0.1,23,0.1,,,
Van Edwards Jr.,RB,AKRON,4.8,4.8,5.5,,,25,0.15,9,0.05,,,
Dee Anderson,WR,LSU,4.3,4.3,5.5,,,0,0,27,0.06,,,
Mitchell Wilcox,TE,SFLA,4.5,4.5,5.5,,,0,0,29,0.15,,,
Gunnar Oakes,TE,EMICH,4.5,4.5,5.4,,,0,0,21,0.23,,,
Ahmari Davis,RB,NMEX,5.3,5.3,5.4,,,25,0.43,1,0.01,,,
Ihmir Smith-Marsette,WR,IOWA,4.6,4.6,5.4,,,6,0.01,26,0.1,,,
Ellis Richardson,TE,GAS,4.9,4.9,5.4,,,0,0,21,0.38,,,
Andy Davidson,RB,ARMY,5.3,5.3,5.4,,,35,0.29,1,0.01,,,
Kam Scott,WR,MIZZOU,4.6,4.6,5.4,,,0,0,32,0.08,,,
Chase Blakley,TE,BOISE,4.1,4.1,5.4,,,0,0,16,0.21,,,
Will Gragg,TE,PITT,4.2,4.2,5.4,,,0,0,23,0.13,,,
Brandon Aiyuk,WR,ARIZST,4.5,4.5,5.4,,,0,0,28,0.14,,,
Samuel Emilus,WR,MA,4.7,4.7,5.4,,,0,0,21,0.32,,,
Cameron Cole,WR,CMICH,4.2,4.2,5.4,,,0,0,26,0.07,,,
Mulbah Car,RB,HOU,5,5,5.4,,,29,0.22,5,0.03,,,
Octavious Cooley,TE,MISS,4.3,4.3,5.3,,,0,0,26,0.25,,,
Juwan Johnson,WR,PSU,4.4,4.4,5.3,,,0,0,28,0.1,,,
Lucious Stanley,RB,UAB,4.7,4.7,5.3,,,26,0.1,4,0.09,,,
Jordan Myers,WR,RICE,4.6,4.6,5.3,,,8,0.06,19,0.14,,,
Tyler Petite,TE,USC,4.6,4.6,5.3,,,0,0,18,0.33,,,
Chavis Dawkins,WR,SC,4.6,4.6,5.3,,,0,0,24,0.26,,,
Talon Shumway,WR,BYU,4.3,4.3,5.3,,,0,0,30,0.05,,,
Aaron Mathews,WR,PITT,4.2,4.2,5.3,,,0,0,27,0.07,,,
Charlotte,DEF,CHARLO,7.8,5.3,5.3,,,0,0,0,0,33.3,2.01,0.55
Christian Hayes,WR,ARMY,4.7,4.7,5.3,,,0,0,22,0.34,,,
Rico Arnold,WR,CHARLO,4.3,4.3,5.3,,,2,0,24,0.12,,,
Massachusetts,DEF,MA,7.3,5.3,5.3,,,0,0,0,0,36.5,1.65,0.9
Bilal Ally,RB,MA,4.8,4.8,5.3,,,23,0.14,6,0.18,,,
C.J. Sanders,WR,SMU,4,4,5.3,,,0,0,24,0.12,,,
Jack Stoll,TE,NEB,4,4,5.3,,,0,0,23,0.18,,,
T.J. Simmons,WR,WVU,4.3,4.3,5.3,,,0,0,28,0.09,,,
Brad Stewart,WR,GATECH,4.5,4.5,5.3,,,0,0,28,0.19,,,
Malik Roberson,RB,SJST,4.4,4.4,5.2,,,17,0.14,9,0.06,,,
Jeremiah Miller,WR,CSTCAR,4.2,4.2,5.2,,,0,0,27,0.09,,,
Jordan Byrd,RB,SDGST,4.8,4.8,5.2,,,20,0.42,4,0.02,,,
Traveon Samuel,WR,TROY,4.3,4.3,5.2,,,4,0.03,22,0.1,,,
Charles McClelland,RB,CINCY,4.7,4.7,5.2,,,25,0.22,5,0.02,,,
Joseph Saucier,RB,AF,4.8,4.8,5.2,,,23,0.18,12,0.01,,,
Sterling Palmer,TE,FIU,4.1,4.1,5.2,,,0,0,21,0.15,,,
Pooh Stricklin,WR,BAYLOR,4.2,4.2,5.2,,,0,0,29,0.07,,,
Tommy Hudson,TE,ARIZST,3.9,3.9,5.2,,,0,0,18,0.15,,,
Cary Angeline,TE,NCST,4.1,4.1,5.2,,,0,0,23,0.13,,,
David Lucero,TE,UTEP,4.2,4.2,5.2,,,0,0,19,0.24,,,
Armand Shyne,RB,UTAH,4.9,4.9,5.2,,,28,0.28,2,0.02,,,
Jayshon Jackson,WR,CINCY,4.2,4.2,5.1,,,0,0,20,0.21,,,
Jashaun Corbin,RB,TXAM,4.5,4.5,5.1,,,24,0.12,9,0.01,,,
Jocquez Bruce,RB,MTSU,4.4,4.4,5.1,,,11,0.07,18,0.07,,,
Justin Holmes,WR,SJST,4,4,5.1,,,0,0,24,0.07,,,
A.J. Turner,RB,SC,4.4,4.4,5.1,,,30,0.08,7,0.02,,,
Connor Slomka,RB,ARMY,5.1,5.1,5.1,,,28,0.35,1,0.01,,,
Chris Taylor,WR,DUKE,4,4,5.1,,,0,0,24,0.1,,,
Daniel Barker,TE,ILL,3.9,3.9,5.1,,,0,0,20,0.11,,,
Dylan Collie,WR,BYU,4.1,4.1,5.1,,,4,0.01,20,0.13,,,
Carlin Fils-Aime,RB,TENN,4.7,4.7,5.1,,,18,0.43,4,0.02,,,
Zachari Jackson,WR,LAMON,4.4,4.4,5.1,,,0,0,25,0.2,,,
Parker Houston,TE,SDGST,4.3,4.3,5.1,,,0,0,18,0.3,,,
DeVaughn Cooper,WR,ARIZ,4.1,4.1,5.1,,,0,0,26,0.08,,,
Michael Ezeike,WR,UCLA,4.2,4.2,5.1,,,0,0,16,0.31,,,
Tayon Fleet-Davis,RB,MD,4.8,4.8,5.1,,,24,0.19,5,0.1,,,
Kyle Horn,TE,MA,4.2,4.2,5.1,,,0,0,22,0.18,,,
Devin C. Butler,WR,CUSE,3.9,3.9,5.1,,,0,0,21,0.09,,,
Logan Wright,RB,GAS,4.9,4.9,5.1,,,31,0.26,2,0.02,,,
Reed Tyler,RB,ARKST,4,4,5.1,,,9,0.09,16,0.03,,,
Caleb Twyford,WR,TXSTSM,4.1,4.1,5,,,8,0.04,17,0.08,,,
Ra'Von Bonner,RB,ILL,4.8,4.8,5,,,27,0.31,1,0.01,,,
Xavier Lane,WR,WKY,3.9,3.9,5,,,0,0,24,0.07,,,
Chris Sharp,RB,UVA,4.3,4.3,5,,,6,0.05,10,0.36,,,
Darion Anderson,WR,GAS,4.5,4.5,5,,,0,0,20,0.35,,,
North Carolina,DEF,UNC,6.8,5,5,,,0,0,0,0,32.7,1.88,0.4
Blaze Moorhead,WR,TXSA,4.1,4.1,5,,,0,0,25,0.13,,,
Jay MacIntyre,WR,COLO,4,4,5,,,1,0,20,0.19,,,
John Stephens Jr.,WR,TCU,4.1,4.1,5,,,0,0,27,0.07,,,
BJ Busbee,WR,SDGST,4.1,4.1,5,,,3,0.01,25,0.19,,,
Brenden Schooler,WR,OREG,4.2,4.2,5,,,0,0,20,0.26,,,
T.J. Pledger,RB,OKLA,4.7,4.7,5,,,32,0.11,5,0.04,,,
Noah Gray,TE,DUKE,3.9,3.9,4.9,,,0,0,21,0.14,,,
Christian Malloy,RB,GATECH,4.7,4.7,4.9,,,26,0.18,6,0.07,,,
Deddrick Thomas,WR,MISSST,4,4,4.9,,,0,0,23,0.14,,,
Moral Stephens,TE,FLA,4.2,4.2,4.9,,,0,0,19,0.25,,,
T. J. Bedford,WR,TXSTSM,3.9,3.9,4.9,,,0,0,24,0.08,,,
Jared Sparks,WR,PURDUE,3.8,3.8,4.9,,,3,0.01,20,0.07,,,
Kam Martin,RB,AUBURN,4.4,4.4,4.9,,,26,0.08,8,0.02,,,
Alec Sinkfield,RB,WVU,3.9,3.9,4.9,,,11,0.04,16,0.02,,,
Alex James,RB,CSTCAR,4.5,4.5,4.9,,,27,0.19,3,0.11,,,
UL Lafayette,DEF,LALAF,7.6,4.9,4.9,,,0,0,0,0,38,1.54,1.05
Sam Mays,WR,ILL,3.8,3.8,4.9,,,0,0,22,0.09,,,
Chase Brown,RB,WMICH,4.3,4.3,4.9,,,27,0.13,7,0.02,,,
Farrod Green,TE,MISSST,4,4,4.9,,,0,0,22,0.15,,,
Drew Sample,TE,WASH,3.9,3.9,4.9,,,0,0,23,0.11,,,
Elijah Moore,WR,MISS,3.9,3.9,4.9,,,0,0,19,0.18,,,
Matt Sokol,TE,MICHST,4,4,4.9,,,0,0,22,0.15,,,
Jarrison Stewart,WR,TCU,3.6,3.6,4.9,,,1,0,18,0.09,,,
Henry Pearson,TE,APLST,4.1,4.1,4.9,,,0,0,27,0.1,,,
Brant Kuithe,TE,UTAH,3.9,3.9,4.8,,,0,0,23,0.13,,,
C.J. Conrad,TE,UK,3.8,3.8,4.8,,,0,0,16,0.2,,,
Kailon Carter,WR,UAB,4.1,4.1,4.8,,,2,0,27,0.08,,,
Josh Palmer,WR,TENN,4.2,4.2,4.8,,,1,0,26,0.13,,,
Arizona,DEF,ARIZ,7.2,4.8,4.8,,,0,0,0,0,30.4,2.16,0.77
Christoph Henle,TE,BAYLOR,3.8,3.8,4.8,,,0,0,21,0.13,,,
Garland LaFrance,RB,WKY,3.6,3.6,4.8,,,11,0.08,9,0.02,,,
Geraud Sanders,WR,AF,4,4,4.8,,,0,0,26,0.1,,,
Saevion Johnson,RB,FRESNO,4.4,4.4,4.7,,,19,0.26,6,0.03,,,
Louisville,DEF,LVILLE,7.8,4.7,4.7,,,0,0,0,0,44.4,1.8,1.2
Xavier Gaines,TE,MRSHL,3.8,3.8,4.7,,,1,0,19,0.16,,,
Javon Leake,RB,MD,4.6,4.6,4.7,,,17,0.43,2,0.01,,,
Jaquarii Roberson,WR,WAKE,3.8,3.8,4.7,,,0,0,24,0.1,,,
Matt Dotson,TE,MICHST,4,4,4.7,,,0,0,19,0.22,,,
Dejonte O'Neal,RB,FRESNO,4,4,4.7,,,15,0.09,13,0.03,,,
Cole Tucker,WR,NILL,3.6,3.6,4.7,,,0,0,20,0.1,,,
UNLV,DEF,UNLV,7.6,4.7,4.7,,,0,0,0,0,41.8,1.63,1.02
Mychal Cooper,WR,NAVY,4.2,4.2,4.7,,,1,0,19,0.29,,,
Greg Bell,RB,NEB,3.9,3.9,4.7,,,29,0.07,4,0.01,,,
Marlon Williams,WR,UCF,3.7,3.7,4.7,,,1,0,18,0.13,,,
Nolan Edmonds,RB,MINN,4.3,4.3,4.7,,,22,0.14,8,0.06,,,
Mike Delich,RB,MINN,4.3,4.3,4.7,,,22,0.14,8,0.06,,,
Dominik London,RB,MINN,4.3,4.3,4.7,,,22,0.14,8,0.06,,,
Madre London,RB,TENN,4.4,4.4,4.7,,,20,0.32,2,0.03,,,
Tre' McKitty,TE,FSU,3.5,3.5,4.7,,,0,0,21,0.12,,,
John Bates,TE,BOISE,3.8,3.8,4.7,,,0,0,19,0.16,,,
Terrell Green,WR,ECU,3.7,3.7,4.7,,,0,0,23,0.06,,,
Marquez McNair,WR,TXSA,3.7,3.7,4.7,,,0,0,22,0.11,,,
Rhashid Bonnette,WR,LATECH,3.6,3.6,4.7,,,1,0,24,0.04,,,
Mydreon Vines,WR,ECU,3.7,3.7,4.7,,,0,0,24,0.06,,,
Rutgers,DEF,RUT,7.3,4.6,4.6,,,0,0,0,0,35.8,1.15,1.16
Asim Rose,RB,UK,4.5,4.5,4.6,,,28,0.25,1,0.01,,,
Nick Basquine,WR,OKLA,3.8,3.8,4.6,,,0,0,22,0.13,,,
Johnnie Lang,RB,IOWAST,3.7,3.7,4.6,,,8,0.07,16,0.05,,,
Derrion Grim,WR,FRESNO,4,4,4.6,,,1,0,19,0.24,,,
CJ Williams,RB,NAVY,4.2,4.2,4.6,,,18,0.11,14,0.01,,,
Trevor Terry,WR,USM,3.8,3.8,4.6,,,0,0,26,0.06,,,
Terry Juniel,WR,UTEP,3.7,3.7,4.6,,,0,0,25,0.1,,,
Raymond Calais,RB,LALAF,4.4,4.4,4.6,,,29,0.13,5,0.01,,,
Thomas Jackson,WR,UNC,3.6,3.6,4.6,,,0,0,16,0.17,,,
Armond Weh-Weh,RB,ARKST,4.3,4.3,4.6,,,25,0.09,9,0.03,,,
Nahshon Ellerbe,RB,RICE,4.3,4.3,4.6,,,19,0.34,3,0.01,,,
Brandon Childress,WR,CMICH,3.4,3.4,4.6,,,0,0,23,0.06,,,
Oregon State,DEF,OREGST,7.2,4.6,4.6,,,0,0,0,0,35.5,1.23,0.93
Grant Perry,WR,MICH,3.5,3.5,4.6,,,0,0,18,0.11,,,
Brian Robinson Jr.,RB,BAMA,4.3,4.3,4.6,,,31,0.1,4,0.02,,,
Willie Parker,RB,EMICH,4.3,4.3,4.5,,,23,0.22,4,0.02,,,
Baylor,DEF,BAYLOR,7.4,4.5,4.5,,,0,0,0,0,41.4,2.33,0.94
Malik Knowles,WR,KSTATE,3.5,3.5,4.5,,,0,0,21,0.08,,,
Gunner Romney,WR,BYU,3.8,3.8,4.5,,,0,0,20,0.16,,,
Jay Griffin IV,WR,NMEX,3.5,3.5,4.5,,,3,0.03,18,0.09,,,
Marcelias Sutton,RB,OKLA,4.3,4.3,4.5,,,22,0.23,4,0.04,,,
Tre Turner,WR,VATECH,3.8,3.8,4.5,,,0,0,23,0.15,,,
Isiah Macklin,WR,SDGST,3.7,3.7,4.5,,,0,0,25,0.07,,,
Devin Asiasi,TE,UCLA,3.9,3.9,4.5,,,0,0,20,0.21,,,
Sean Ryan,WR,TEMPLE,3.7,3.7,4.5,,,0,0,20,0.17,,,
Cole Herdman,TE,PURDUE,3.5,3.5,4.5,,,0,0,22,0.08,,,
Shocky Jacques-Louis,WR,PITT,3.2,3.2,4.5,,,6,0.01,19,0.06,,,
Justin Silmon,RB,KSTATE,4.2,4.2,4.5,,,29,0.19,2,0.01,,,
Trevon Wesco,TE,WVU,3.6,3.6,4.4,,,0,0,20,0.13,,,
James Cook,RB,UGA,4,4,4.4,,,24,0.08,8,0.02,,,
Jahrvis Davenport,WR,MD,3.6,3.6,4.4,,,0,0,20,0.16,,,
Akilian Butler,WR,BOISE,3.4,3.4,4.4,,,0,0,16,0.13,,,
Andrew Smith,WR,AF,3.8,3.8,4.4,,,0,0,21,0.2,,,
Pat Freiermuth,TE,PSU,3.7,3.7,4.4,,,0,0,16,0.26,,,
Justin Allen,WR,FRESNO,3.4,3.4,4.4,,,0,0,19,0.1,,,
A.D. Miller,WR,OKLA,3.5,3.5,4.4,,,0,0,16,0.3,,,
Brady Bodine,RB,NCST,4.1,4.1,4.4,,,15,0.34,4,0.01,,,
Kade Waguespack,TE,AF,3.8,3.8,4.4,,,0,0,21,0.2,,,
Connor Brown,TE,OHIO,3.7,3.7,4.4,,,0,0,20,0.18,,,
Charlie Woerner,TE,UGA,3.5,3.5,4.4,,,0,0,20,0.12,,,
Bernhard Raimann,TE,CMICH,3.4,3.4,4.3,,,0,0,19,0.1,,,
John Raine,TE,FAU,3.2,3.2,4.3,,,0,0,16,0.08,,,
Tony Gaiter IV,WR,FIU,3.4,3.4,4.3,,,0,0,17,0.1,,,
Drew Tejchman,WR,UNLV,3.3,3.3,4.3,,,1,0,15,0.11,,,
Derrick Dillon,WR,LSU,3.5,3.5,4.3,,,2,0.01,19,0.14,,,
Keyion Dixon,WR,UCONN,3.6,3.6,4.3,,,1,0,17,0.17,,,
Earnest Patterson,WR,LALAF,3.6,3.6,4.3,,,0,0,23,0.1,,,
Josh Fields,RB,UTEP,3.8,3.8,4.3,,,18,0.08,9,0.02,,,
Daylon Charlot,WR,KANSAS,3.5,3.5,4.3,,,0,0,18,0.14,,,
Josh Pederson,TE,LAMON,3.5,3.5,4.3,,,0,0,16,0.21,,,
Workpeh Kofa,WR,CHARLO,3.2,3.2,4.3,,,0,0,17,0.07,,,
Dee Wiggins,WR,MIAMI,3.4,3.4,4.3,,,0,0,19,0.09,,,
Ryeshene Bronson,WR,SFLA,3.5,3.5,4.3,,,0,0,20,0.12,,,
Tony Brown,WR,COLO,3.3,3.3,4.3,,,0,0,19,0.08,,,
Desmond Phillips,WR,TOLEDO,3.4,3.4,4.3,,,0,0,16,0.17,,,
Thai Cottrell,WR,SJST,3.3,3.3,4.3,,,1,0.01,17,0.06,,,
Dontay Demus,WR,MD,3.5,3.5,4.3,,,0,0,23,0.06,,,
Mechane Slade,WR,MEMP,3.7,3.7,4.3,,,0,0,14,0.28,,,
Zach Austin,WR,TXTECH,3,3,4.3,,,0,0,19,0.08,,,
Kendall Blanton,TE,MIZZOU,3.4,3.4,4.3,,,0,0,17,0.15,,,
Calen Holt,RB,ARMY,4.1,4.1,4.3,,,24,0.18,6,0.01,,,
Giovanni Fauolo,TE,UNLV,3.1,3.1,4.2,,,0,0,14,0.11,,,
Mon Denson,RB,SC,4,4,4.2,,,20,0.22,4,0.02,,,
Nathan Cottrell,RB,GATECH,4,4,4.2,,,26,0.19,2,0.01,,,
Stanley Berryhill III,WR,ARIZ,3.5,3.5,4.2,,,0,0,20,0.13,,,
Mike Williams,WR,NEB,3.3,3.3,4.2,,,0,0,21,0.06,,,
Trevor Hohlt,WR,BALLST,3.4,3.4,4.2,,,0,0,23,0.04,,,
Justin Johnson,TE,MISSST,3.4,3.4,4.2,,,0,0,20,0.09,,,
LSU,DEF,LSU,6.7,4.2,4.2,,,0,0,0,0,34.1,1.6,0.77
Jesse Jackson,WR,MISSST,3.3,3.3,4.2,,,0,0,17,0.1,,,
Kiel Pollard,TE,SC,3.3,3.3,4.2,,,0,0,15,0.15,,,
Diondre Champaigne,WR,GAST,3.1,3.1,4.2,,,0,0,16,0.24,,,
Drew Rosi,TE,TOLEDO,3.5,3.5,4.2,,,0,0,21,0.13,,,
Jaelan Austin,WR,TCU,3.4,3.4,4.1,,,0,0.09,14,0.13,,,
Obe Fortune,WR,GAS,3.4,3.4,4.1,,,0,0,19,0.17,,,
Demarcus Felton,RB,TXTECH,3.8,3.8,4.1,,,18,0.22,3,0.02,,,
Roger Carter,TE,GAST,3.4,3.4,4.1,,,0,0,14,0.22,,,
Chandler Smith,RB,HOU,3.8,3.8,4.1,,,24,0.09,6,0.03,,,
Sean McKeon,TE,MICH,3.2,3.2,4.1,,,0,0,15,0.16,,,
Kam McKnight,WR,LATECH,3.7,3.7,4.1,,,11,0.26,6,0.03,,,
Mark Quattlebaum,WR,CHARLO,3.2,3.2,4.1,,,0,0,15,0.18,,,
Daniel Helm,TE,DUKE,3.2,3.2,4.1,,,0,0,16,0.12,,,
Brandon Johnson,WR,TENN,3.3,3.3,4.1,,,0,0,20,0.09,,,
Andrew Van Buren,RB,BOISE,3.8,3.8,4.1,,,17,0.21,5,0.02,,,
Seth Dawkins,WR,LVILLE,3.2,3.2,4.1,,,0,0,19,0.08,,,
Brendan Harmon,WR,RICE,3.3,3.3,4.1,,,0,0,12,0.22,,,
Jabril Clewis,WR,TULANE,3.1,3.1,4.1,,,0,0,19,0.07,,,
Dymond Lee,WR,UCLA,3.1,3.1,4,,,0,0,17,0.08,,,
Myles Tease,WR,OKLA,3.4,3.4,4,,,0,0,15,0.22,,,
Chris Myarick,TE,TEMPLE,3.2,3.2,4,,,0,0,18,0.1,,,
Drake Harris,WR,MICH,3.1,3.1,4,,,0,0,16,0.1,,,
Israel Tucker,RB,LATECH,3.5,3.5,4,,,23,0.08,4,0.01,,,
Brigham Young,DEF,BYU,6.4,4,4,,,0,0,0,0,31.6,1.55,0.54
Kayin White,RB,LAMON,3.5,3.5,4,,,21,0.18,3,0.02,,,
Cameron Scarlett,RB,STNFRD,3.7,3.7,4,,,17,0.24,4,0.01,,,
D.J. Matthews,WR,FSU,2.8,2.8,4,,,0,0,18,0.07,,,
Cole Kmet,TE,ND,3,3,4,,,0,0,16,0.08,,,
Erik Brown,WR,UTEP,3.2,3.2,3.9,,,0,0,22,0.05,,,
Trey Sneed,RB,RUT,3.2,3.2,3.9,,,10,0.03,13,0.02,,,
Darrius Scott,WR,FIU,3.2,3.2,3.9,,,-1,0,21,0.08,,,
Khalil Shakir,WR,BOISE,3.4,3.4,3.9,,,6,0.12,11,0.07,,,
Trevon Grimes,WR,FLA,3.1,3.1,3.9,,,0,0,17,0.09,,,
Kyle Penniston,TE,WISC,3.4,3.4,3.9,,,0,0,11,0.3,,,
Milan Richard,TE,CLEM,3.1,3.1,3.9,,,0,0,18,0.09,,,
Zion Roland,WR,SFLA,3.3,3.3,3.9,,,0,0,21,0.1,,,
Tykee Ogle-Kellogg,WR,TXSA,3.3,3.3,3.9,,,0,0,17,0.16,,,
Christopher Brown Jr.,RB,CAL,3.6,3.6,3.9,,,15,0.25,3,0.02,,,
Colby Parkinson,TE,STNFRD,3.1,3.1,3.9,,,0,0,16,0.14,,,
Ohio,DEF,OHIO,6.3,3.9,3.9,,,0,0,0,0,31.6,1.21,0.56
Ricky Slade,RB,PSU,3.3,3.3,3.9,,,18,0.31,3,0.01,,,
Chris James,RB,WISC,3.7,3.7,3.9,,,24,0.14,3,0.02,,,
Jalen Virgil,WR,APLST,3.3,3.3,3.9,,,1,0,21,0.08,,,
Calvin Jackson Jr.,WR,WASHST,2.9,2.9,3.8,,,0,0,14,0.09,,,
Dominic Stampley,WR,ILL,3.3,3.3,3.8,,,2,0.01,15,0.18,,,
Travis Levy,RB,BC,3.2,3.2,3.8,,,8,0.06,14,0.02,,,
Martell Pettaway,RB,WVU,3.5,3.5,3.8,,,22,0.09,3,0.06,,,
Micah Simon,WR,BYU,3.2,3.2,3.8,,,3,0,18,0.07,,,
Johnny Lumpkin,TE,LALAF,3,3,3.8,,,0,0,17,0.1,,,
Tru Wilson,RB,MICH,3.5,3.5,3.8,,,23,0.08,4,0.02,,,
Jordan Nettles,RB,NILL,3.2,3.2,3.8,,,28,0.07,1,0.02,,,
Isaac Holder,WR,EMICH,3.1,3.1,3.8,,,0,0,14,0.18,,,
Elijah Kothe,WR,SDGST,3,3,3.8,,,0,0,17,0.08,,,
Tevin Bush,RB,WVU,3.3,3.3,3.8,,,11,0.04,13,0.07,,,
Xazavian Valladay,RB,WYO,3.6,3.6,3.8,,,25,0.11,3,0.02,,,
Kene Nwangwu,RB,IOWAST,3.3,3.3,3.8,,,14,0.07,9,0.05,,,
Rontavius Groves,WR,UNC,3,3,3.8,,,0,0,20,0.05,,,
Dalvin Warmack,RB,KSTATE,3.5,3.5,3.8,,,18,0.07,6,0.1,,,
Dominick Wood-Anderson,TE,TENN,3.1,3.1,3.8,,,0,0,11,0.24,,,
Charles Jones II,TE,TULANE,2.8,2.8,3.8,,,0,0,12,0.12,,,
Tate Martell,QB,OHIOST,3.7,3.7,3.8,41,0.5,2,0.02,0,0,,,
Brodrick Yancy,WR,TEMPLE,3,3,3.7,,,0,0,23,0.05,,,
Davis Koppenhaver,TE,DUKE,3,3,3.7,,,0,0,11,0.2,,,
Patrick Reed,WR,NMEX,3.2,3.2,3.7,,,1,0.01,18,0.12,,,
Kano Dillon,TE,OREG,3.2,3.2,3.7,,,0,0,15,0.18,,,
Alan Busey,WR,UTEP,3,3,3.7,,,0,0,19,0.05,,,
San Jose State,DEF,SJST,6.2,3.7,3.7,,,0,0,0,0,31.9,1.73,0.65
Trevion Thompson,WR,CLEM,2.9,2.9,3.7,,,0,0,17,0.08,,,
Zack Dobson,WR,MTSU,3.2,3.2,3.7,,,12,0.02,10,0.07,,,
Ja'Marr Chase,WR,LSU,3,3,3.7,,,0,0,15,0.13,,,
Hawaii,DEF,HAWAII,6.5,3.7,3.7,,,0,0,0,0,38.3,1.83,0.63
Jalen Holston,RB,VATECH,3.5,3.5,3.7,,,17,0.24,1,0.02,,,
Bryce Witham,TE,MINN,3.1,3.1,3.7,,,0,0,22,0.06,,,
Colby Ransom,WR,GAS,3.2,3.2,3.7,,,0,0,16,0.2,,,
Kevin Austin,WR,ND,3,3,3.7,,,0,0,20,0.07,,,
Jonathan Ifedi,WR,GAST,2.8,2.8,3.7,,,0,0,17,0.06,,,
Laress Nelson,WR,MICHST,2.9,2.9,3.7,,,0,0,18,0.07,,,
Eltoro Allen,RB,UTAHST,3,3,3.7,,,17,0.15,6,0.02,,,
Ray Marten,TE,BC,3.1,3.1,3.6,,,0,0,16,0.18,,,
Evan Owens,RB,UNLV,3.4,3.4,3.6,,,24,0.08,2,0.01,,,
Isaiah Smalls,TE,OREGST,2.9,2.9,3.6,,,0,0,17,0.08,,,
Trevor Speights,RB,STNFRD,3.4,3.4,3.6,,,23,0.09,3,0.01,,,
David Bouvier,WR,UK,3,3,3.6,,,0,0,15,0.15,,,
Matt Barnes,TE,LALAF,2.7,2.7,3.6,,,0,0,15,0.06,,,
Kobe Smith,WR,SDGST,3,3,3.6,,,0,0,20,0.06,,,
Kyle Schrank,TE,BALLST,2.9,2.9,3.6,,,0,0,14,0.15,,,
Sal Cannella,TE,AUBURN,2.9,2.9,3.6,,,0,0,11,0.19,,,
JJ Jefferson,WR,NWEST,3,3,3.6,,,0,0,16,0.13,,,
East Carolina,DEF,ECU,6.7,3.6,3.6,,,0,0,0,0,47.2,3.13,0.55
Stephen Sullivan,WR,LSU,2.8,2.8,3.6,,,2,0.01,15,0.04,,,
Emari Demercado,RB,TCU,3.3,3.3,3.6,,,23,0.07,3,0.02,,,
Rashod Berry,TE,OHIOST,3.1,3.1,3.6,,,0,0,10,0.28,,,
Kenny Yeboah,TE,TEMPLE,2.9,2.9,3.6,,,0,0,16,0.12,,,
Tavares Kelly,WR,UVA,2.5,2.5,3.6,,,1,0,19,0.07,,,
Daniel Arias,WR,COLO,3.1,3.1,3.6,,,0,0,16,0.17,,,
Ryan Jenkins,WR,ARIZST,2.8,2.8,3.6,,,0,0,18,0.06,,,
Nolan Givan,TE,BALLST,2.7,2.7,3.6,,,0,0,11,0.14,,,
Drayton Law,WR,CMICH,2.8,2.8,3.6,,,0,0,18,0.05,,,
Josh Vann,WR,SC,2.8,2.8,3.6,,,0,0,16,0.07,,,
K.C. Crosby,TE,SC,2.9,2.9,3.6,,,0,0,16,0.11,,,
Mac Hippenhammer,WR,PSU,3,3,3.6,,,0,0,18,0.12,,,
Robert Mahone,RB,BOISE,3,3,3.5,,,13,0.09,6,0.02,,,
Brandon Sowards,WR,MICHST,2.7,2.7,3.5,,,0,0,18,0.07,,,
TreVontae Hights,WR,TCU,3,3,3.5,,,0,0,15,0.16,,,
C.J. Saunders,WR,OHIOST,2.6,2.6,3.5,,,1,0,13,0.14,,,
Tony Poljan,QB,CMICH,3.5,3.5,3.5,71,0.24,0,0,0,0,,,
Landen Akers,WR,IOWAST,3,3,3.5,,,0,0,20,0.08,,,
Brandius Batiste,WR,LAMON,2.9,2.9,3.5,,,0,0,14,0.16,,,
Micky Crum,TE,LVILLE,2.7,2.7,3.5,,,0,0,15,0.06,,,
Zahneer Shuler,RB,NMEX,3.3,3.3,3.5,,,16,0.23,2,0.01,,,
Xzaviar Campbell,RB,UNLV,3.2,3.2,3.5,,,23,0.06,3,0.01,,,
Luke Whittemore,WR,TROY,2.8,2.8,3.5,,,0,0,17,0.08,,,
Ikechukwu Ogwuegbu,RB,MD,3.3,3.3,3.5,,,25,0.08,2,0.01,,,
Shermar Thornton,WR,FIU,3,3,3.5,,,0,0,15,0.18,,,
Kedarian Jones,WR,MEMP,2.6,2.6,3.5,,,-1,0,18,0.15,,,
Kirk Johnson Jr.,WR,TXSA,2.4,2.4,3.5,,,0,0,14,0.06,,,
Richaud Floyd,WR,MIZZOU,2.5,2.5,3.4,,,0,0,17,0.06,,,
Sean McGrew,RB,WASH,3.1,3.1,3.4,,,15,0.06,10,0.01,,,
Michael Walker,WR,BC,2.5,2.5,3.4,,,3,0.01,18,0.06,,,
George Scott III,WR,LATECH,2.8,2.8,3.4,,,0,0,16,0.1,,,
Tanner Cowley,TE,UVA,2.6,2.6,3.4,,,0,0,16,0.07,,,
Riley Burt,RB,BYU,3.2,3.2,3.4,,,20,0.13,2,0.01,,,
Cam Sutton,TE,FRESNO,2.8,2.8,3.4,,,0,0,17,0.1,,,
Josh Fleeks,WR,BAYLOR,2.9,2.9,3.4,,,0,0.12,10,0.13,,,
Nick Bowers,TE,PSU,2.6,2.6,3.4,,,0,0,12,0.12,,,
Isaiah Floyd,RB,ARIZST,3,3,3.4,,,15,0.12,5,0.02,,,
C.J. Riley,WR,NCST,2.3,2.3,3.3,,,0,0,20,0.04,,,
Jahcour Pearson,WR,WKY,2.6,2.6,3.3,,,1,0,16,0.06,,,
Louisiana-Monroe,DEF,LAMON,5.4,3.3,3.3,,,0,0,0,0,33.1,1.56,0.24
Ray Hudson,TE,CAL,2.7,2.7,3.3,,,0,0,14,0.12,,,
Solomon Enis,WR,UTAH,2.8,2.8,3.3,,,0,0,14,0.16,,,
Willie Johnson,WR,MRSHL,2.5,2.5,3.3,,,0,0,15,0.1,,,
Tyler Byrd,WR,TENN,2.9,2.9,3.3,,,3,0,12,0.17,,,
Tre Walker,RB,NAVY,3.2,3.2,3.3,,,18,0.07,2,0.15,,,
Alexander Horvath,RB,PURDUE,2.8,2.8,3.3,,,5,0.13,10,0.02,,,
Kamari Pleasant,RB,WASH,3,3,3.3,,,18,0.09,4,0.01,,,
Martell Irby,RB,UCLA,2.8,2.8,3.3,,,13,0.08,6,0.02,,,
T.J. Chase,WR,CLEM,2.7,2.7,3.3,,,0,0,12,0.14,,,
Tre'shaun Harrison,WR,FSU,2.7,2.7,3.3,,,2,0,12,0.12,,,
Terrance Dixon,WR,GAST,2.6,2.6,3.3,,,0,0,16,0.06,,,
Jeremiah Hawkins,WR,CAL,2.6,2.6,3.3,,,3,0.01,14,0.06,,,
Markice Hurt Jr.,RB,BALLST,3,3,3.3,,,20,0.08,4,0.01,,,
Kevrin Justice,RB,HOU,3,3,3.3,,,15,0.09,6,0.03,,,
Nick Gibson,RB,MISSST,2.8,2.8,3.3,,,15,0.1,6,0.02,,,
Chase Brice,QB,CLEM,3.1,3.1,3.3,46,0.39,0,0.02,0,0,,,
Deangelo Antoine,WR,SFLA,2.7,2.7,3.3,,,2,0,11,0.24,,,
Chico McClatcher,WR,WASH,2.3,2.3,3.3,,,3,0.02,18,0.05,,,
Marques Jones,WR,BAYLOR,2.6,2.6,3.3,,,0,0,16,0.05,,,
Trayone Gray,RB,MIAMI,2.9,2.9,3.3,,,8,0.21,6,0.02,,,
Chad Hanaoka,RB,NWEST,2.5,2.5,3.3,,,6,0.04,9,0.02,,,
Jake Jackson,TE,UTAH,2.7,2.7,3.2,,,0,0,11,0.17,,,
Davarius Bargnare,WR,GAS,2.7,2.7,3.2,,,0,0,15,0.1,,,
Marcus Williams,TE,NMEX,2.6,2.6,3.2,,,0,0,14,0.11,,,
Yo'Heinz Tyler,WR,BALLST,2.3,2.3,3.2,,,0,0,17,0.04,,,
Brandon Polk,WR,PSU,2.8,2.8,3.2,,,0,0,15,0.14,,,
DeAndre Thompkins,WR,PSU,2.7,2.7,3.2,,,0,0,17,0.07,,,
Carson Terrell,TE,UTAHST,2.7,2.7,3.2,,,0,0,15,0.12,,,
Josh Weeks,TE,UTEP,2.7,2.7,3.2,,,0,0,17,0.09,,,
Noah Togiai,TE,OREGST,2.6,2.6,3.2,,,0,0,13,0.14,,,
TJ Green,RB,UTAH,2.9,2.9,3.2,,,18,0.09,4,0.02,,,
Dorian Baker,WR,UK,2.5,2.5,3.2,,,0,0,15,0.07,,,
Artie Henry III,WR,MRSHL,2.4,2.4,3.2,,,0,0,12,0.07,,,
Davon Tucker,RB,WMICH,2.9,2.9,3.1,,,15,0.14,4,0.02,,,
DJ Nelson,WR,UTAHST,2.5,2.5,3.1,,,1,0.06,10,0.07,,,
James Noble,RB,UAB,2.7,2.7,3.1,,,11,0.1,6,0.03,,,
Kolby Taylor,WR,OREGST,2.4,2.4,3.1,,,0,0,15,0.04,,,
David Tangipa,TE,FRESNO,2.5,2.5,3.1,,,0,0,7,0.22,,,
Tyrick James,TE,TULANE,2.4,2.4,3.1,,,0,0,15,0.05,,,
Daevon Robinson,WR,RUT,2.3,2.3,3.1,,,0,0,14,0.03,,,
Dax Milne,WR,BYU,2.3,2.3,3.1,,,0,0.01,12,0.04,,,
Emmanuel Harris,WR,NMEX,2.6,2.6,3.1,,,2,0,12,0.11,,,
Kwamie Lassiter II,WR,KANSAS,2,2,3.1,,,0,0,12,0.08,,,
Tavin Richardson,WR,UK,2.3,2.3,3.1,,,0,0,14,0.04,,,
Foster Moreau,TE,LSU,2.4,2.4,3.1,,,0,0,13,0.07,,,
Stanley Clerveaux,WR,SFLA,2.4,2.4,3.1,,,0,0,13,0.09,,,
Demarcus Kirk,RB,GAST,2.8,2.8,3.1,,,16,0.12,2,0.02,,,
Tario Fuller,RB,PURDUE,2.5,2.5,3,,,8,0.04,9,0.02,,,
Richard Hallman,WR,TROY,2.4,2.4,3,,,0,0,12,0.08,,,
Artice Hobbs IV,RB,ARMY,2.8,2.8,3,,,15,0.12,4,0.01,,,
Neil Pau'u,WR,BYU,2.2,2.2,3,,,3,0.01,11,0.04,,,
David Burroughs,RB,OHIO,2.7,2.7,3,,,20,0.09,2,0.02,,,
Myles Fells,RB,NAVY,2.8,2.8,3,,,17,0.14,1,0.01,,,
Dom Williams,RB,KANSAS,2.5,2.5,3,,,12,0.06,5,0.02,,,
Dre Brown,RB,ILL,2.8,2.8,3,,,19,0.09,3,0.01,,,
Trelon Smith,RB,ARIZST,1.9,1.9,3,,,9,0.07,7,0.02,,,
Derek Kief,WR,BAMA,2.5,2.5,3,,,0,0,12,0.12,,,
Devante Peete,WR,LVILLE,2.3,2.3,3,,,0,0,15,0.03,,,
Osiris St. Brown,WR,STNFRD,2.4,2.4,3,,,0,0,16,0.03,,,
CJ Lewis,WR,BC,2.4,2.4,3,,,0,0,15,0.06,,,
Jackson Anthrop,WR,PURDUE,2.2,2.2,3,,,0,0.02,11,0.07,,,
Jamil Sabbagh,WR,CMICH,2.5,2.5,3,,,1,0,12,0.12,,,
Tariq Woolen,WR,TXSA,2.4,2.4,3,,,0,0,16,0.04,,,
Christian Turner,RB,MICH,2.7,2.7,2.9,,,19,0.06,3,0.02,,,
Anu Somoye,WR,NMEX,2.3,2.3,2.9,,,0,0,14,0.06,,,
Tazh Maloy,RB,NAVY,2.7,2.7,2.9,,,19,0.09,1,0.01,,,
Ivan Thomas,TE,FIU,2.2,2.2,2.9,,,0,0,10,0.07,,,
Kaleb Eleby,QB,WMICH,2.9,2.9,2.9,39,0.34,0,0,0,0,,,
PK Kier,RB,UVA,2.5,2.5,2.9,,,13,0.05,5,0.04,,,
Deonta Moore,RB,SALA,2.1,2.1,2.9,,,12,0.05,5,0.01,,,
Rhett Cardwell,WR,RICE,2.1,2.1,2.9,,,0,0,10,0.06,,,
R.J. Tyler,TE,CHARLO,2.3,2.3,2.9,,,0,0,9,0.14,,,
Nick Eubanks,TE,MICH,2.4,2.4,2.9,,,0,0,15,0.06,,,
Ryan Newsome,WR,ARIZST,2.2,2.2,2.9,,,-1,0,16,0.06,,,
Shaun Shivers,RB,AUBURN,2.6,2.6,2.9,,,14,0.12,4,0.01,,,
Aston Walter,WR,RICE,2.5,2.5,2.9,,,12,0.02,7,0.05,,,
Cole Fotheringham,TE,UTAH,2.3,2.3,2.9,,,0,0,9,0.16,,,
De'Quan Bowman,WR,TXTECH,2.1,2.1,2.8,,,0,0,11,0.13,,,
Savon Scarver,WR,UTAHST,2.3,2.3,2.8,,,0,0,12,0.15,,,
Jonathan Hodoh,WR,LAMON,2.1,2.1,2.8,,,0,0,11,0.06,,,
Ramaud Chiaokhiao-Bowman,WR,NWEST,2,2,2.8,,,0,0,11,0.04,,,
Jaylen Hall,WR,WMICH,2.2,2.2,2.8,,,0,0,13,0.07,,,
Calif Gossett,WR,LALAF,2.2,2.2,2.8,,,0,0,14,0.04,,,
Solomon Vault,RB,NWEST,2.1,2.1,2.8,,,6,0.05,5,0.04,,,
Malik Hancock,RB,ARMY,2.7,2.7,2.8,,,18,0.12,1,0.01,,,
Brayden Lenius,WR,WASH,2.2,2.2,2.8,,,0,0,10,0.12,,,
Jake Neatherton,RB,OHIO,2.5,2.5,2.7,,,15,0.09,3,0.02,,,
Cannon Smith,TE,CLEM,2.2,2.2,2.7,,,0,0,12,0.08,,,
Oliver Martin,WR,MICH,2.2,2.2,2.7,,,0,0,13,0.06,,,
Jalen Tolbert,WR,SALA,2.2,2.2,2.7,,,0,0,16,0.04,,,
Newman Williams,TE,AKRON,2.2,2.2,2.7,,,0,0,9,0.13,,,
Brian Cobbs,WR,MD,2.2,2.2,2.7,,,2,0.01,12,0.04,,,
Ball State,DEF,BALLST,5.7,2.7,2.7,,,0,0,0,0,47.9,1.78,0.76
Johnathan Thomas,RB,PSU,2.5,2.5,2.7,,,14,0.11,3,0.01,,,
Ryan Bay,TE,OREG,2.1,2.1,2.7,,,0,0,11,0.07,,,
Maurice Gordon,RB,MTSU,2.4,2.4,2.7,,,13,0.07,4,0.02,,,
Lamont Atkins,RB,UVA,2,2,2.6,,,6,0.05,4,0.04,,,
Bryce Kemp,TE,EMICH,2.2,2.2,2.6,,,0,0,13,0.06,,,
Major Tennison,TE,BAMA,2.1,2.1,2.6,,,0,0,12,0.07,,,
Jake Bargas,TE,UNC,2,2,2.6,,,0,0,10,0.05,,,
Branden Leon,RB,ARIZ,2.4,2.4,2.6,,,13,0.08,4,0.02,,,
Jake Burt,TE,BC,2.2,2.2,2.6,,,0,0,16,0.04,,,
Coastal Caroina,DEF,CSTCAR,5.3,2.6,2.6,,,0,0,0,0,37.5,0.82,0.88
Matt LaRoche,RB,GAS,2.5,2.5,2.6,,,15,0.12,2,0.02,,,
Derion Kendrick,WR,CLEM,2.1,2.1,2.6,,,0,0,10,0.09,,,
Terrace Marshall Jr.,WR,LSU,2.1,2.1,2.6,,,0,0,15,0.02,,,
Khameron Taylor,TE,SALA,2.2,2.2,2.6,,,0,0,15,0.04,,,
Drake Anderson,RB,NWEST,2.3,2.3,2.6,,,15,0.05,3,0.01,,,
Chris Garrison,TE,BC,2.1,2.1,2.6,,,0,0,13,0.05,,,
Isaiah Harris,WR,KSTATE,1.9,1.9,2.6,,,0,0,10,0.04,,,
Elijah Dale,RB,HAWAII,2.1,2.1,2.6,,,8,0.05,4,0.17,,,
Jonathan Femi-Cole,RB,MINN,2.4,2.4,2.6,,,15,0.07,3,0.02,,,
Morian Walker Jr.,RB,UTAHST,2.3,2.3,2.6,,,10,0.1,4,0.02,,,
Justen Hervey,RB,UTAHST,2.3,2.3,2.6,,,10,0.1,4,0.02,,,
Sandon McCoy,RB,ARMY,2.4,2.4,2.5,,,16,0.12,1,0.01,,,
Hunter Long,TE,BC,2.2,2.2,2.5,,,0,0,12,0.12,,,
Dylan Soehner,TE,IOWAST,2.1,2.1,2.5,,,0,0,11,0.08,,,
Terry Mark,WR,HOU,1.2,1.2,2.5,,,0,0,11,0.08,,,
Giovanni Gentosi,RB,RICE,2.2,2.2,2.5,,,11,0.1,3,0.01,,,
Leki Nunn,WR,SJST,1.9,1.9,2.5,,,2,0.01,9,0.03,,,
Isaiah Likely,TE,CSTCAR,2.1,2.1,2.5,,,0,0,10,0.12,,,
Trevon Sands,RB,SFLA,2.3,2.3,2.5,,,10,0.13,3,0.02,,,
Calvin Camp,WR,CHARLO,2,2,2.5,,,13,0.04,4,0.03,,,
Cam Sullivan-Brown,WR,PSU,2,2,2.5,,,0,0,14,0.04,,,
Brenden Brady,RB,TXSA,2.2,2.2,2.5,,,13,0.03,5,0.01,,,
Jamal Bell,WR,LALAF,1.9,1.9,2.5,,,0,0,10,0.04,,,
Chris Phillips,TE,CHARLO,1.9,1.9,2.4,,,0,0,7,0.11,,,
Blaise Gammon,TE,KSTATE,1.9,1.9,2.4,,,0,0,11,0.06,,,
Kade Warner,WR,NEB,1.8,1.8,2.4,,,0,0,9,0.05,,,
Jordan Wright,RB,LALAF,2.2,2.2,2.4,,,12,0.07,3,0.02,,,
Drew Plitt,QB,BALLST,2.4,2.4,2.4,65,0.12,0,0.01,0,0,,,
Ishod Finger,RB,CHARLO,2.2,2.2,2.4,,,15,0.06,2,0.01,,,
Michael Young,WR,ND,1.6,1.6,2.4,,,0,0,13,0.07,,,
Jalen Hurts,QB,BAMA,2,2,2.4,26,0.21,5,0.04,0,0,,,
Air Force,DEF,AF,4.8,2.4,2.4,,,0,0,0,0,30.1,0.16,0.44
Jahan Dotson,WR,PSU,1.8,1.8,2.4,,,0,0,11,0.05,,,
Alfred Smith,WR,LATECH,1.7,1.7,2.3,,,0,0,9,0.04,,,
Devin Reece,WR,BALLST,1.7,1.7,2.3,,,0,0,14,0.03,,,
Zach Reuter,WR,KSTATE,1.8,1.8,2.3,,,0,0,12,0.03,,,
Daevon Vigilant,RB,NMEX,2.1,2.1,2.3,,,10,0.06,6,0.01,,,
Miles Reed,RB,HAWAII,2,2,2.3,,,12,0.05,3,0.02,,,
Jack Coan,QB,WISC,2.1,2.1,2.3,29,0.31,1,0.01,0,0,,,
Akile Davis,WR,BYU,1.8,1.8,2.2,,,0,0,12,0.03,,,
Nebraska,DEF,NEB,5,2.2,2.2,,,0,0,0,0,44.8,1.54,0.79
Roshauud Paul,WR,TXAM,1.7,1.7,2.2,,,0,0,11,0.03,,,
Gavin Sharp,TE,TXSA,1.6,1.6,2.2,,,0,0,6,0.07,,,
Keoni-Kordell Mahekau,RB,NAVY,2,2,2.1,,,12,0.07,3,0.01,,,
Jake Bobo,WR,DUKE,1.7,1.7,2.1,,,0,0,10,0.05,,,
Kobe Lewis,RB,CMICH,1.8,1.8,2.1,,,10,0.06,3,0.01,,,
Maurice Mayo,RB,SALA,1.7,1.7,2,,,10,0.11,1,0.01,,,
Jarrett Burgess,WR,PURDUE,1.1,1.1,2,,,0,0,11,0.04,,,
Weston Bridges,RB,MICHST,1.8,1.8,2,,,7,0.07,4,0.02,,,
Texas Tech,DEF,TXTECH,4.9,2,2,,,0,0,0,0,45.3,1,0.56
Tyler Harrell,WR,LVILLE,1.5,1.5,1.8,,,0,0,10,0.02,,,
Zamore Zigler,RB,SJST,1.5,1.5,1.8,,,9,0.04,3,0.01,,,
Brendan Manigo,RB,SJST,1.5,1.5,1.8,,,9,0.04,3,0.01,,,
Kaegun Williams,RB,SDGST,0.3,0.3,1.6,,,12,0.12,4,0.02,,,
Takulve Williams,WR,KANSAS,0.1,0.1,1.5,,,0,0,8,0.03,,,
Deltron Sands,RB,AKRON,0.8,0.8,1.2,,,8,0.04,0,0.01,,,
Ronnie Clark,TE,BAMA,1.1,1.1,1.1,,,9,0.03,0,0,,,
Daniel Crawford,TE,NILL,0.1,0.1,0.1,,,0,0,0,0,,,
