player,position,team,upper,lower,points,rrqaw,sdPts,positionRank,dropoff,tier,ptSpread,overallECR,positionECR,sdRank,risk
Jett Duffey,QB,TXTECH,38.5,38.5,40.8,382,3.05,62,1.02,0,0,,,,
Nathan Rourke,QB,OHIO,36.1,36.1,38.2,280,2.8,90,1.11,0,0,,,,
McKenzie Milton,QB,UCF,34.6,34.6,37.1,347,3.12,38,0.92,0,0,,,,
Zac Thomas,QB,APLST,33.7,33.7,34.8,233,2.44,50,1.77,0,0,,,,
D'Eriq King,QB,HOU,32.2,32.2,34.7,359,2.55,35,0.9,0,0,,,,
Mitchell Guadagni,QB,TOLEDO,30.7,30.7,32.1,267,2.75,68,0.55,0,0,,,,
Eric Dungey,QB,CUSE,29.9,29.9,31.5,272,1.95,67,1.01,0,0,,,,
Mike Glass III,QB,EMICH,29.8,29.8,32.2,321,2.03,56,0.72,0,0,,,,
Caleb Evans,QB,LAMON,28.4,28.4,30.2,282,2.21,45,0.83,0,0,,,,
Tyree Jackson,QB,BUFF,28.2,28.2,30.6,381,2.59,20,0.35,0,0,,,,
Trace McSorley,QB,PSU,27.1,27.1,28.7,268,2.25,49,0.61,0,0,,,,
Brandon McIlwain,QB,CAL,27.1,27.1,29,266,2.23,72,0.54,0,0,,,,
Blake Barnett,QB,SFLA,27,27,28,243,2.25,26,1.05,0,0,,,,
Kyler Murray,QB,OKLA,26.8,26.8,28.6,286,2.33,50,0.35,0,0,,,,
Justice Hansen,QB,ARKST,26.4,26.4,29.2,339,2.26,42,0.43,0,0,,,,
Manny Wilkins,QB,ARIZST,26.3,26.3,28.7,400,2.03,22,0.3,0,0,,,,
Cole McDonald,QB,HAWAII,26.1,26.1,28.5,296,2.73,33,0.32,0,0,,,,
Brett Rypien,QB,BOISE,26.1,26.1,28.6,374,2.97,4,0.05,0,0,,,,
Drew Lock,QB,MIZZOU,25.8,25.8,28.6,331,2.9,11,0.35,0,0,,,,
Dwayne Haskins,QB,OHIOST,25.8,25.8,28.1,333,2.95,10,0.1,0,0,,,,
Tommy Lazzaro,QB,CMICH,25.7,25.7,27,247,2.06,54,0.7,0,0,,,,
Marcus McMaryion,QB,FRESNO,25.1,25.1,27.6,337,1.98,16,0.64,0,0,,,,
Gardner Minshew,QB,WASHST,24.5,24.5,27,368,2.71,3,0.2,0,0,,,,
Laviska Shenault,WR,COLO,24.1,24.1,31.8,,,13,0.4,121,0.48,,,,
Ty Gangi,QB,NEVADA,23.3,23.3,25.6,309,2.2,20,0.25,0,0,,,,
William Brown,QB,SMU,22.9,22.9,25.4,317,2.63,24,0.07,0,0,,,,
Tua Tagovailoa,QB,BAMA,22.5,22.5,23.9,243,2.57,17,0.24,0,0,,,,
Jordan Cronkrite,RB,SFLA,22.2,22.2,25.2,,,115,1.41,9,0.13,,,,
Patrick Laird,RB,CAL,22.1,22.1,26.4,,,99,0.69,28,0.57,,,,
Dorian Thompson-Robinson,QB,UCLA,22,22,24.1,294,2.44,15,0.05,0,0,,,,
Brent Stockstill,QB,MTSU,21.9,21.9,24.6,314,2.06,23,0.12,0,0,,,,
James Morgan,QB,FIU,21.8,21.8,23.8,302,2.8,-4,0,0,0,,,,
J'mar Smith,QB,LATECH,21.8,21.8,23.5,269,2.3,17,0.25,0,0,,,,
Devin Singletary,RB,FAU,21.4,21.4,24.5,,,108,1.4,13,0.08,,,,
Jonathan Taylor,RB,WISC,21.4,21.4,24.6,,,134,1.15,8,0.11,,,,
Andrew Ford,QB,MA,21.4,21.4,23.4,297,3.02,-15,0.09,0,0,,,,
Tyre Brady,WR,MRSHL,21.3,21.3,27.5,,,0,0,109,1.09,,,,
Shai Werts,QB,GAS,21.2,21.2,21.4,141,1.35,60,0.81,0,0,,,,
Brady White,QB,MEMP,21,21,23.1,298,2.46,-3,0.1,0,0,,,,
Papi White,RB,OHIO,20.9,20.9,24.6,,,31,0.37,86,0.86,,,,
Jonathan Banks,QB,TULANE,20.9,20.9,23.1,280,2.05,37,0.19,0,0,,,,
Jarret Doege,QB,BGREEN,20.9,20.9,23.5,313,2.37,-3,0.23,0,0,,,,
A.J. Erdely,QB,UAB,20.8,20.8,21.5,213,1.53,29,0.77,0,0,,,,
Eno Benjamin,RB,ARIZST,20.6,20.6,24.4,,,89,0.7,34,0.3,,,,
Adrian Martinez,QB,NEB,20.5,20.5,22.1,250,1.69,39,0.35,0,0,,,,
Jack Abraham,QB,USM,20.4,20.4,23.4,344,2.13,3,0.06,0,0,,,,
Ty Storey,QB,ARK,20.4,20.4,22.1,262,2.15,35,0.08,0,0,,,,
Mason Fine,QB,NTEXAS,20.3,20.3,22.6,303,2.01,3,0.2,0,0,,,,
Scott Miller,WR,BGREEN,20.1,20.1,26.1,,,0,0,113,0.85,,,,
James Proche,WR,SMU,20,20,25.6,,,1,0,103,1.15,,,,
Jon Wassink,QB,WMICH,19.8,19.8,20.6,215,1.95,21,0.42,0,0,,,,
Joshua Kelley,RB,UCLA,19.8,19.8,22.5,,,86,1.16,23,0.12,,,,
Marquis Young,RB,MA,19.8,19.8,22.7,,,90,1.23,19,0.15,,,,
Kato Nelson,QB,AKRON,19.7,19.7,21,254,1.52,42,0.13,0,0,,,,
Alex Thomson,QB,MRSHL,19.7,19.7,21.7,290,2.14,10,0.06,0,0,,,,
Davis Shanley,QB,WKY,19.6,19.6,22.2,296,1.9,11,0.27,0,0,,,,
Nick Fitzgerald,QB,MISSST,19.5,19.5,19.7,141,0.86,82,0.65,0,0,,,,
Willie Jones III,QB,TXSTSM,19.4,19.4,20.9,252,1.63,37,0.23,0,0,,,,
San Diego State,DEF,SDGST,19.4,19.6,19.6,,,0,0,0,0,8.5,3.74,2.33,
Adrian Hardy,WR,LATECH,19.2,19.2,24,,,0,0,101,1.12,,,,
Lexington Thomas,RB,UNLV,19.1,19.1,22.3,,,105,1.11,12,0.1,,,,
Travis Etienne,RB,CLEM,19,19,21.6,,,98,1.1,12,0.15,,,,
Bryce Carpenter,QB,CSTCAR,18.8,18.8,19.7,225,2.04,20,0.08,0,0,,,,
Chris Robison,QB,FAU,18.7,18.7,20.4,265,1.53,20,0.28,0,0,,,,
Bryce Perkins,QB,UVA,18.7,18.7,20.7,293,1.29,33,0.13,0,0,,,,
Jordan Ta'amu,QB,MISS,18.6,18.6,20.4,275,1.36,26,0.29,0,0,,,,
Darrell Henderson,RB,MEMP,18.6,18.6,21.3,,,97,0.85,22,0.17,,,,
Max Gilliam,QB,UNLV,18.6,18.6,21.1,335,1.88,-9,0.04,0,0,,,,
Kelvin Hopkins Jr.,QB,ARMY,18.5,18.5,18.6,85,0.99,73,0.78,0,0,,,,
Alexander Mattison,RB,BOISE,18.4,18.4,20.6,,,87,1.12,15,0.15,,,,
John Ursua,WR,HAWAII,18.2,18.2,22.8,,,0,0.1,86,0.94,,,,
Dan Ellington,QB,GAST,18.1,18.1,20.1,274,1.02,27,0.37,0,0,,,,
N'Keal Harry,WR,ARIZST,18,18,23.2,,,2,0.08,102,0.63,,,,
Josh Adkins,QB,NMEXST,17.7,17.7,19.9,290,1.87,14,0.06,0,0,,,,
Marquez Stevenson,WR,HOU,17.7,17.7,22.3,,,8,0.17,95,0.57,,,,
Shawn Robinson,QB,TCU,17.6,17.6,18.9,228,1.53,35,0.2,0,0,,,,
Clayton Thorson,QB,NWEST,17.5,17.5,19.3,278,1.68,-8,0.36,0,0,,,,
Benjamin Snell Jr.,RB,UK,17.5,17.5,19.9,,,97,1.06,8,0.07,,,,
Antoine Wesley,WR,TXTECH,17.2,17.2,21.5,,,0,0,95,0.82,,,,
Justin Herbert,QB,OREG,17.2,17.2,17.9,210,1.78,22,0.2,0,0,,,,
JaTarvious Whitlow,WR,AUBURN,17.1,17.1,18.1,,,100,0.87,12,0.1,,,,
Daniel Jones,QB,DUKE,17.1,17.1,17.9,196,1.64,27,0.3,0,0,,,,
Tyler Huntley,QB,UTAH,17.1,17.1,17.7,200,1.12,38,0.36,0,0,,,,
Anthony Johnson,WR,BUFF,17,17,21.6,,,0,0,104,0.66,,,,
Trevor Lawrence,QB,CLEM,16.9,16.9,18.4,257,1.81,10,0.07,0,0,,,,
Jordan Love,QB,UTAHST,16.8,16.8,18,240,1.65,9,0.21,0,0,,,,
Riley Neal,QB,BALLST,16.8,16.8,17.9,213,1.12,40,0.34,0,0,,,,
Jermar Jefferson,RB,OREGST,16.7,16.7,19.2,,,95,0.92,10,0.07,,,,
Myles Gaskin,RB,WASH,16.6,16.6,19.4,,,103,0.7,11,0.08,,,,
Maleek Irons,RB,OHIO,16.5,16.5,17.9,,,68,1.08,11,0.27,,,,
Jake Browning,QB,WASH,16.5,16.5,17.3,220,1.55,5,0.37,0,0,,,,
Woody Barrett,QB,KENTST,16.4,16.4,16.9,156,1.08,53,0.55,0,0,,,,
Peyton Ramsey,QB,IND,16.4,16.4,17.2,217,1.33,22,0.31,0,0,,,,
Steven Montez,QB,COLO,16.3,16.3,17.6,256,0.96,19,0.25,0,0,,,,
Olamide Zaccheaus,RB,UVA,16.3,16.3,20.7,,,17,0.1,85,0.51,,,,
Ryan Agnew,QB,SDGST,16.2,16.2,16.7,190,1.91,17,0.07,0,0,,,,
Jarrett Stidham,QB,AUBURN,16.2,16.2,18,262,1.57,-2,0.22,0,0,,,,
David Blough,QB,PURDUE,16.1,16.1,17.5,257,1.47,6,0.15,0,0,,,,
David Pindell,QB,UCONN,16.1,16.1,16.7,201,0.92,50,0.2,0,0,,,,
Deondre Francois,QB,FSU,16,16,17.3,235,1.8,0,0.26,0,0,,,,
Darnell Mooney,WR,TULANE,16,16,20.2,,,1,0,93,0.77,,,,
Andy Isabella,WR,MA,15.9,15.9,19.2,,,8,0.01,80,0.81,,,,
K.J. Osborn,WR,BUFF,15.9,15.9,20.1,,,1,0.02,97,0.6,,,,
Tavares Thomas,RB,MTSU,15.9,15.9,17.4,,,35,0.87,24,0.62,,,,
Joe Burrow,QB,LSU,15.8,15.8,17,220,1.19,24,0.22,0,0,,,,
Pooka Williams Jr.,RB,KANSAS,15.7,15.7,18.5,,,86,0.52,24,0.07,,,,
Darnell Salomon,WR,SFLA,15.7,15.7,18.3,,,0,0,69,1.13,,,,
Malcolm Perry,QB,NAVY,15.7,15.7,16,80,0.72,75,0.59,0,0,,,,
Darius Bradwell,RB,TULANE,15.6,15.6,17.3,,,78,0.9,14,0.1,,,,
Nathan Stanley,QB,IOWA,15.5,15.5,16.4,218,2.08,-1,0,0,0,,,,
Terren Encalade,WR,TULANE,15.3,15.3,18.8,,,5,0.01,84,0.73,,,,
Nathan Elliott,QB,UNC,15.2,15.2,17,264,1.54,8,0.06,0,0,,,,
Jamal Custis,WR,CUSE,15.2,15.2,18.8,,,0,0,79,0.78,,,,
JD Spielman,WR,NEB,15.1,15.1,18.7,,,3,0.01,74,0.75,,,,
Felton Davis III,WR,MICHST,15.1,15.1,18.7,,,2,0.07,82,0.62,,,,
K.J. Costello,QB,STNFRD,15,15,15.9,219,1.65,4,0.07,0,0,,,,
Blake LaRussa,QB,ODU,15,15,16.2,253,1.6,-9,0.14,0,0,,,,
Damien Harris,RB,BAMA,14.9,14.9,16.8,,,83,0.68,17,0.04,,,,
KeeSean Johnson,WR,FRESNO,14.9,14.9,19.4,,,1,0,89,0.6,,,,
Alex Hornibrook,QB,WISC,14.9,14.9,15.5,205,2.13,-7,0,0,0,,,,
Cordale Grundy,QB,TXSA,14.9,14.9,15.3,168,1.29,33,0.17,0,0,,,,
Johnny Ford,RB,SFLA,14.9,14.9,16.2,,,84,0.89,9,0.03,,,,
Kirk Merritt,WR,ARKST,14.8,14.8,19.7,,,0,0,74,0.56,,,,
LeVante Bellamy,RB,WMICH,14.8,14.8,17.6,,,99,0.4,11,0.12,,,,
Wisconsin,DEF,WISC,14.8,13.3,13.3,,,0,0,0,0,14,3.29,1.67,
Gus Ragland,QB,MIAOH,14.8,14.8,15.9,214,1.29,16,0.18,0,0,,,,
Shawndarrius Phillips,RB,FIU,14.7,14.7,15.9,,,59,0.99,15,0.14,,,,
J.K. Dobbins,RB,OHIOST,14.7,14.7,16.7,,,81,0.53,17,0.15,,,,
K.J. Carta-Samuels,QB,COLST,14.7,14.7,16.1,241,1.48,0,0.14,0,0,,,,
C.J. Worton,WR,FIU,14.7,14.7,17.1,,,0,0,70,0.98,,,,
Braeden West,RB,SMU,14.6,14.6,16.8,,,65,0.51,32,0.14,,,,
K'hari Lane,QB,ARIZ,14.6,14.6,15.7,243,1.48,4,0.03,0,0,,,,
Tre Nixon,WR,UCF,14.6,14.6,17.9,,,0,0,79,0.72,,,,
Kai Locksley,QB,UTEP,14.6,14.6,14.9,150,0.71,50,0.38,0,0,,,,
Chase Jasmin,RB,SDGST,14.6,14.6,16.3,,,79,0.91,3,0.11,,,,
Tyler King,RB,MRSHL,14.6,14.6,17.4,,,104,0.46,9,0.02,,,,
Rakeem Boyd,RB,ARK,14.6,14.6,17.1,,,78,0.4,30,0.03,,,,
Marcus Outlow,RB,CSTCAR,14.5,14.5,15.9,,,72,0.92,9,0.1,,,,
Alabama,DEF,BAMA,14.4,13.9,13.9,,,0,0,0,0,10.7,3,1.15,
Kevin Marks,RB,BUFF,14.4,14.4,16.3,,,79,0.72,6,0.13,,,,
Scottie Phillips,RB,MISS,14.4,14.4,16,,,62,0.48,25,0.31,,,,
Terry Wilson,QB,UK,14.3,14.3,15,159,1.3,33,0.27,0,0,,,,
Duke,DEF,DUKE,14.3,12.5,12.5,,,0,0,0,0,16.9,2.54,1.7,
Andrew Clair,RB,BGREEN,14.2,14.2,16.6,,,69,0.55,18,0.31,,,,
Damonte Coxie,WR,MEMP,14.2,14.2,17.6,,,0,0,82,0.61,,,,
Jerry Jeudy,WR,BAMA,14.2,14.2,16.4,,,0,0,65,1.02,,,,
Anthony Russo,QB,TEMPLE,14.1,14.1,15.1,230,1.44,2,0.11,0,0,,,,
Diontae Johnson,WR,TOLEDO,14.1,14.1,17,,,2,0,69,0.82,,,,
Kyle Shurmur,QB,VANDY,14.1,14.1,15.6,272,1.25,-6,0.02,0,0,,,,
South Florida,DEF,SFLA,14.1,13.2,13.2,,,0,0,0,0,12.4,2.75,1.45,
Wesley Fields,RB,GAS,14.1,14.1,15.5,,,76,0.54,16,0.29,,,,
Jaqwis Dancy,RB,LATECH,14.1,14.1,15.4,,,62,0.82,16,0.14,,,,
Northwestern,DEF,NWEST,14,12.4,12.4,,,0,0,0,0,14.4,2.06,2,
Akron,DEF,AKRON,14,12.2,12.2,,,0,0,0,0,19.6,2.94,1.96,
Teddy Veal,WR,LATECH,14,14,18.5,,,0,0,88,0.33,,,,
Gabriel Davis,WR,UCF,13.9,13.9,16.9,,,0,0,74,0.72,,,,
Reid Herring,QB,ECU,13.9,13.9,15.8,270,1.42,0,0.03,0,0,,,,
JJ Arcega-Whiteside,WR,STNFRD,13.8,13.8,16.5,,,0,0.02,70,0.78,,,,
JT Daniels,QB,USC,13.8,13.8,15.7,260,1.4,0,0.04,0,0,,,,
Damarea Crockett,RB,MIZZOU,13.7,13.7,15.7,,,80,0.46,17,0.15,,,,
Tulane,DEF,TULANE,13.7,11.2,11.2,,,0,0,0,0,32.6,3.02,2.4,
Rondale Moore,WR,PURDUE,13.6,13.6,17.2,,,12,0.07,66,0.49,,,,
A.J. Ouellette,RB,OHIO,13.5,13.5,14.9,,,61,0.8,14,0.25,,,,
Southern Methodist,DEF,SMU,13.4,11.3,11.3,,,0,0,0,0,32.4,3.78,2.07,
Ty Lee,WR,MTSU,13.4,13.4,17.2,,,5,0.06,76,0.35,,,,
Louisiana Tech,DEF,LATECH,13.3,12.2,12.2,,,0,0,0,0,11.7,2.6,1.17,
Kalija Lipscomb,WR,VANDY,13.3,13.3,17.3,,,4,0,69,0.5,,,,
Seth Boomer,QB,TULSA,13.3,13.3,14.2,204,1.19,20,0.08,0,0,,,,
Adrian Killins Jr.,RB,UCF,13.3,13.3,14.4,,,50,0.49,34,0.22,,,,
Sam Hartman,QB,WAKE,13.3,13.3,13.8,191,1.23,17,0.09,0,0,,,,
CJ Verdell,RB,OREG,13.2,13.2,15.3,,,82,0.37,18,0.09,,,,
Michigan,DEF,MICH,13.2,11.8,11.8,,,0,0,0,0,18.1,3.57,1.49,
Marquise Brown,WR,OKLA,13.2,13.2,16.1,,,0,0,78,0.57,,,,
Tyre McCants,WR,SFLA,13.1,13.1,16.1,,,5,0.01,70,0.54,,,,
Georgia Southern,DEF,GAS,13.1,11,11,,,0,0,0,0,26.7,2.46,2.32,
Quez Watkins,WR,USM,13,13,15.9,,,1,0,65,0.72,,,,
Miles Sanders,RB,PSU,13,13,14.7,,,76,0.57,10,0.12,,,,
Florida International,DEF,FIU,13,11.7,11.7,,,0,0,0,0,15.2,1.93,1.48,
Easop Winston,WR,WASHST,12.9,12.9,15.8,,,0,0,68,0.64,,,,
Jonathan Duhart,WR,ODU,12.9,12.9,16.2,,,0,0,74,0.55,,,,
Brian Lewerke,QB,MICHST,12.9,12.9,13.5,191,1.1,16,0.22,0,0,,,,
Mohamed Ibrahim,RB,MINN,12.9,12.9,15.1,,,98,0.38,1,0.07,,,,
Jordan Byrd,RB,SDGST,12.8,12.8,13.6,,,66,0.95,3,0.02,,,,
Christian Gibson,RB,NMEXST,12.8,12.8,13.9,,,74,0.82,2,0.02,,,,
Shamari Brooks,RB,TULSA,12.8,12.8,14,,,66,0.76,10,0.06,,,,
James Williams,RB,WASHST,12.8,12.8,15.3,,,34,0.32,36,0.29,,,,
Louisiana-Monroe,DEF,LAMON,12.8,11.6,11.6,,,0,0,0,0,21.1,3.33,1.42,
Jason Huntley,RB,NMEXST,12.8,12.8,14.6,,,50,0.23,38,0.23,,,,
Michael Warren II,RB,CINCY,12.8,12.8,14.5,,,76,0.57,10,0.05,,,,
Izzy Matthews,RB,COLOST,12.8,12.8,14.8,,,55,0.4,26,0.16,,,,
Cody Thompson,WR,TOLEDO,12.8,12.8,15.1,,,0,0,64,0.77,,,,
Cedric Byrd,WR,HAWAII,12.7,12.7,16,,,0,0,62,0.59,,,,
Shea Patterson,QB,MICH,12.7,12.7,13.5,190,1.21,14,0.1,0,0,,,,
Corey Sutton,WR,APLST,12.7,12.7,14.4,,,0,0,58,0.91,,,,
Benny LeMay,RB,CHARLO,12.6,12.6,14.2,,,76,0.49,12,0.05,,,,
Arthur Jackson III,WR,EMICH,12.5,12.5,15.5,,,0,0,71,0.51,,,,
John Hightower,WR,BOISE,12.5,12.5,14.6,,,11,0.42,52,0.49,,,,
John Moten IV,RB,NWEST,12.5,12.5,14.5,,,74,0.63,7,0.02,,,,
Elijah Mitchell,RB,LALAF,12.4,12.4,13.5,,,66,0.62,14,0.03,,,,
Cam Akers,RB,FSU,12.4,12.4,14.3,,,81,0.43,9,0.09,,,,
Andre Williams,WR,AKRON,12.4,12.4,14.8,,,1,0,70,0.58,,,,
Malcolm Williams,WR,CSTCAR,12.4,12.4,15.3,,,5,0.15,71,0.3,,,,
Clemson,DEF,CLEM,12.3,10.8,10.8,,,0,0,0,0,14.2,3.42,0.85,
Desmond Ridder,QB,CINCY,12.3,12.3,12.5,130,0.98,34,0.17,0,0,,,,
A.J. Bush,QB,ILL,12.2,12.2,13.2,152,0.66,56,0.24,0,0,,,,
Michael Carter,RB,UNC,12.2,12.2,14.4,,,68,0.31,15,0.25,,,,
Dredrick Snelson,WR,UCF,12.2,12.2,14.8,,,0,0.03,64,0.6,,,,
Nick Brossette,RB,LSU,12.2,12.2,13.4,,,65,0.68,11,0.06,,,,
Ohio State,DEF,OHIOST,12.2,10.6,10.6,,,0,0,0,0,19.5,3.15,1.16,
Peyton Bender,QB,KANSAS,12.2,12.2,12.9,219,1.42,-9,0,0,0,,,,
Trey Ragas,RB,LALAF,12.1,12.1,13.7,,,76,0.36,14,0.07,,,,
Spencer Brown,RB,UAB,12.1,12.1,13.2,,,67,0.68,6,0.08,,,,
Torrance Marable,RB,CSTCAR,12.1,12.1,12.7,,,54,0.55,10,0.35,,,,
Trevon Brown,WR,ECU,12.1,12.1,14.9,,,0,0,67,0.51,,,,
Otis Anderson,WR,UCF,12.1,12.1,13.2,,,27,0.5,28,0.42,,,,
Zack Moss,RB,UTAH,12.1,12.1,13.4,,,69,0.61,10,0.06,,,,
Jalen Knox,WR,MIZZOU,12,12,14.2,,,2,0,62,0.68,,,,
Larry Rountree III,RB,MIZZOU,12,12,13.3,,,78,0.55,6,0.03,,,,
UCLA,DEF,UCLA,12,10,10,,,0,0,0,0,22.9,2.99,1.48,
Austin Walter,RB,RICE,12,12,13.8,,,56,0.3,30,0.09,,,,
Stanford,DEF,STNFRD,12,9.7,9.7,,,0,0,0,0,30,4.29,1.59,
Flynn Nagel,WR,NWEST,12,12,15.6,,,0,0,74,0.28,,,,
Toa Taua,RB,NEVADA,11.9,11.9,13.3,,,61,0.52,13,0.11,,,,
Jaylond Adams,WR,USM,11.9,11.9,14.7,,,2,0,66,0.49,,,,
UCF,DEF,UCF,11.8,10.6,10.6,,,0,0,0,0,19.8,1.58,1.79,
Tyrone Owens,RB,NMEX,11.8,11.8,13.6,,,74,0.37,13,0.15,,,,
KJ Hamler,WR,PSU,11.8,11.8,13.5,,,3,0.11,55,0.67,,,,
Moe Neal,WR,CUSE,11.8,11.8,13.3,,,54,0.23,22,0.24,,,,
Josh Jacobs,RB,BAMA,11.8,11.8,12.6,,,53,0.78,12,0.03,,,,
Corey Dauphine,RB,TULANE,11.8,11.8,12.7,,,73,0.64,4,0.02,,,,
Sheriron Jones,QB,NMEX,11.7,11.7,12.1,135,1.23,31,0.07,0,0,,,,
Marcel Murray,RB,ARKST,11.7,11.7,13.3,,,57,0.56,12,0.12,,,,
Arkansas State,DEF,ARKST,11.7,10.1,10.1,,,0,0,0,0,18.3,2.95,0.77,
Conor Blount,QB,OREGST,11.7,11.7,12.5,197,1.47,-3,0,0,0,,,,
Marcus Green,WR,LAMON,11.6,11.6,14.2,,,10,0.01,58,0.58,,,,
McLane Mannix,WR,NEVADA,11.6,11.6,14.1,,,2,0,66,0.46,,,,
Albert Okwuegbunam,TE,MIZZOU,11.6,11.6,15,,,0,0,54,0.79,,,,
Iowa,DEF,IOWA,11.6,9.8,9.8,,,0,0,0,0,17.2,2.79,1.14,
A.J. Richardson,WR,BOISE,11.6,11.6,13.9,,,0,0,67,0.54,,,,
Georgia State,DEF,GAST,11.6,9.6,9.6,,,0,0,0,0,29.9,2.61,1.74,
Syracuse,DEF,CUSE,11.5,9.8,9.8,,,0,0,0,0,24.9,2.28,1.51,
Derrick Gore,RB,LAMON,11.5,11.5,12.8,,,49,0.71,11,0.11,,,,
Penn State,DEF,PSU,11.5,10.2,10.2,,,0,0,0,0,19.3,2.19,1.24,
Fresno State,DEF,FRESNO,11.5,9.5,9.5,,,0,0,0,0,20.6,1.3,1.47,
DeAndre Torrey,RB,NTEXAS,11.4,11.4,12.7,,,51,0.65,15,0.1,,,,
Kent State,DEF,KENTST,11.4,9.5,9.5,,,0,0,0,0,18.7,2.62,1.14,
A.J. Brown,WR,MISS,11.4,11.4,14.7,,,0,0,71,0.28,,,,
Blake Banham,RB,EMICH,11.4,11.4,13.4,,,18,0.16,50,0.32,,,,
Justin Rankin,RB,KENTST,11.4,11.4,13,,,65,0.4,15,0.06,,,,
Western Michigan,DEF,WMICH,11.4,9.3,9.3,,,0,0,0,0,27.5,2.23,1.51,
J.J. Taylor,RB,ARIZ,11.3,11.3,13.3,,,78,0.32,12,0.07,,,,
Jayden Reed,WR,WMICH,11.3,11.3,13.9,,,1,0,55,0.68,,,,
Greg Dortch,WR,WAKE,11.3,11.3,14.2,,,1,0.01,59,0.47,,,,
Wake Forest,DEF,WAKE,11.3,9.1,9.1,,,0,0,0,0,25.9,2.51,1.25,
Mike Weber,RB,OHIOST,11.3,11.3,12.7,,,67,0.5,8,0.08,,,,
Davontavean Martin,WR,WASHST,11.3,11.3,13.6,,,0,0,49,0.69,,,,
Auburn,DEF,AUBURN,11.2,9.5,9.5,,,0,0,0,0,22.9,2.7,1.46,
Ryan Finley,QB,NCST,11.2,11.2,11.8,203,0.84,6,0.04,0,0,,,,
James Gilbert,RB,BALLST,11.2,11.2,12.5,,,61,0.52,11,0.06,,,,
Kadin Remsberg,RB,AF,11.2,11.2,12.6,,,82,0.44,0,0.07,,,,
Jamauri Bogan,RB,WMICH,11.2,11.2,12,,,67,0.67,3,0.02,,,,
Kentucky,DEF,UK,11.2,9.4,9.4,,,0,0,0,0,17.2,2.66,1.11,
Raheem Blackshear,RB,RUT,11.2,11.2,13.5,,,41,0.17,28,0.36,,,,
Florida State,DEF,FSU,11.2,9.7,9.7,,,0,0,0,0,19.4,2.88,1.26,
Jeremy Cox,RB,ODU,11.1,11.1,12.5,,,62,0.4,14,0.08,,,,
Kenny Young,RB,MIAOH,11.1,11.1,13.1,,,40,0.32,24,0.25,,,,
Najee Harris,RB,BAMA,11.1,11.1,12.3,,,62,0.46,8,0.17,,,,
Corey Taylor II,RB,TULSA,11.1,11.1,11.7,,,56,0.86,2,0.01,,,,
Ja'Deion High,WR,TXTECH,11.1,11.1,13.8,,,0,0,67,0.39,,,,
Devine Ozigbo,RB,NEB,11.1,11.1,12.3,,,52,0.59,14,0.09,,,,
USC,DEF,USC,11.1,9.2,9.2,,,0,0,0,0,21.2,2.52,1.02,
Utah,DEF,UTAH,11.1,9.1,9.1,,,0,0,0,0,21.5,1.9,1.12,
Oregon State,DEF,OREGST,11.1,8.6,8.6,,,0,0,0,0,30.8,2.19,1.67,
Napoleon Maxwell,RB,FIU,11,11,12,,,63,0.65,4,0.03,,,,
Jordan Ellis,RB,UVA,11,11,12.6,,,52,0.42,19,0.08,,,,
Jalen Reagor,WR,TCU,11,11,13.4,,,2,0.01,58,0.46,,,,
Temple,DEF,TEMPLE,11,9.6,9.6,,,0,0,0,0,16.3,2.41,0.88,
Kesean Strong,RB,ODU,10.9,10.9,11.8,,,36,0.5,18,0.3,,,,
Darwin Thompson,RB,UTAHST,10.9,10.9,11.9,,,47,0.63,16,0.02,,,,
Appalachian State,DEF,APLST,10.9,9.8,9.8,,,0,0,0,0,19.5,2.3,1.51,
Eastern Michigan,DEF,EMICH,10.9,8.9,8.9,,,0,0,0,0,21.3,2.52,1.08,
Warren Wand,RB,ARKST,10.9,10.9,12.4,,,64,0.26,14,0.1,,,,
Darnell Woolfolk,RB,ARMY,10.9,10.9,11.6,,,63,0.68,4,0.05,,,,
Justin McInnis,WR,ARKST,10.8,10.8,13.9,,,0,0,59,0.36,,,,
LSU,DEF,LSU,10.8,9.1,9.1,,,0,0,0,0,16.9,1.73,1.31,
Oregon,DEF,OREG,10.8,8.4,8.4,,,0,0,0,0,30.9,2.11,2.03,
Jordan Mims,RB,FRESNO,10.8,10.8,12.1,,,31,0.36,38,0.13,,,,
T.J. Vasher,WR,TXTECH,10.7,10.7,12.5,,,0,0,53,0.65,,,,
Darius Anderson,RB,TCU,10.7,10.7,11.9,,,58,0.57,6,0.03,,,,
Rico Bussey Jr.,WR,NTEXAS,10.7,10.7,13,,,0,0,55,0.55,,,,
Darrius Smith,RB,ARIZ,10.7,10.7,11.5,,,62,0.66,3,0.02,,,,
Washington,DEF,WASH,10.7,9.3,9.3,,,0,0,0,0,16.1,2.51,0.84,
Utah State,DEF,UTAHST,10.6,9.3,9.3,,,0,0,0,0,18.8,2.5,0.76,
Texas Tech,DEF,TXTECH,10.6,8.9,8.9,,,0,0,0,0,21.1,1.93,1.14,
Zack Annexstad,QB,MINN,10.6,10.6,11,168,1.4,1,0.04,0,0,,,,
Shakif Seymour,RB,TOLEDO,10.6,10.6,11.6,,,56,0.35,14,0.17,,,,
Tyleek Collins,WR,UNLV,10.6,10.6,12.3,,,6,0.21,58,0.26,,,,
Nebraska,DEF,NEB,10.6,8.8,8.8,,,0,0,0,0,23.8,2.02,1.6,
Tyler Johnson,WR,MINN,10.5,10.5,12.7,,,0,0,53,0.66,,,,
Amon-Ra St. Brown,WR,USC,10.5,10.5,13.1,,,2,0,64,0.31,,,,
Minnesota,DEF,MINN,10.5,8.5,8.5,,,0,0,0,0,26,2.35,1.2,
Karan Higdon,RB,MICH,10.5,10.5,11.4,,,53,0.57,10,0.06,,,,
Willie Wright,WR,FAU,10.4,10.4,12.8,,,9,0.02,50,0.41,,,,
Washington State,DEF,WASHST,10.4,8.3,8.3,,,0,0,0,0,26.8,2.36,1.32,
Arkansas,DEF,ARK,10.4,8.3,8.3,,,0,0,0,0,25.9,2.46,1.17,
Stevie Scott,RB,IND,10.4,10.4,12.2,,,63,0.42,10,0.1,,,,
Ke'Shawn Vaughn,RB,VANDY,10.4,10.4,11.4,,,46,0.32,24,0.13,,,,
Army,DEF,ARMY,10.3,8.5,8.5,,,0,0,0,0,17.6,1.86,0.63,
Nico Evans,RB,WYO,10.3,10.3,11.5,,,69,0.41,6,0.05,,,,
Courtney Lark,WR,HOU,10.3,10.3,12.7,,,0,0,62,0.36,,,,
Caleb Wilson,TE,UCLA,10.3,10.3,12.7,,,0,0,64,0.31,,,,
Nyqwan Murray,WR,FSU,10.3,10.3,12.6,,,1,0.03,57,0.5,,,,
Texas-San Antonio,DEF,TXSA,10.2,7.9,7.9,,,0,0,0,0,28.1,2.2,1.09,
Boise State,DEF,BOISE,10.2,8.5,8.5,,,0,0,0,0,19.8,2.34,0.81,
Patrick Carr,RB,HOU,10.2,10.2,11.6,,,54,0.29,18,0.13,,,,
Darren Woods Jr.,WR,UNLV,10.2,10.2,12.5,,,2,0,58,0.37,,,,
Virginia,DEF,UVA,10.2,8.3,8.3,,,0,0,0,0,22.4,2.9,0.93,
California,DEF,CAL,10.2,8.1,8.1,,,0,0,0,0,24,2.64,0.8,
Ohio,DEF,OHIO,10.1,7.9,7.9,,,0,0,0,0,28.1,2.09,1.29,
Kyle Williams,WR,ARIZST,10.1,10.1,13,,,2,0,62,0.24,,,,
Timothy Wilson Jr.,WR,SDGST,10.1,10.1,11.7,,,0,0,46,0.68,,,,
Trevon Bradford,WR,OREGST,10.1,10.1,12.2,,,7,0.01,40,0.57,,,,
Kanawai Noa,WR,CAL,10.1,10.1,12.4,,,2,0,55,0.41,,,,
Justin Jefferson,WR,LSU,10.1,10.1,12.1,,,3,0,59,0.38,,,,
Julian Hicks,WR,CMICH,10.1,10.1,11.8,,,2,0,34,0.79,,,,
Stanley Morgan Jr.,WR,NEB,10.1,10.1,12.5,,,0,0,58,0.36,,,,
Middle Tennessee,DEF,MTSU,10,8.1,8.1,,,0,0,0,0,18.8,2.32,0.85,
Penny Hart,WR,GAST,10,10,12.3,,,0,0,64,0.32,,,,
Sean Modster,WR,BOISE,10,10,12.4,,,0,0,64,0.28,,,,
Sewo Olonilua,RB,TCU,10,10,11.5,,,39,0.42,18,0.09,,,,
Deon Jackson,RB,DUKE,9.9,9.9,11,,,52,0.5,10,0.08,,,,
Theo Howard,WR,UCLA,9.9,9.9,11.9,,,0,0,47,0.57,,,,
Old Dominion,DEF,ODU,9.9,7.9,7.9,,,0,0,0,0,24.9,2.59,0.94,
Keith Corbin,WR,HOU,9.9,9.9,11.7,,,0,0,54,0.49,,,,
New Mexico,DEF,NMEX,9.9,7.6,7.6,,,0,0,0,0,30.5,2.84,1.17,
Parris Campbell,WR,OHIOST,9.9,9.9,11.9,,,4,0.03,50,0.44,,,,
Artur Sitkowski,QB,RUT,9.9,9.9,10.4,197,1.01,1,0.02,0,0,,,,
Andre Nunez,QB,LALAF,9.9,9.9,10.7,200,1.09,-2,0.02,0,0,,,,
Anthony Anderson,RB,MRSHL,9.8,9.8,10.1,,,40,0.84,4,0.02,,,,
Nick Smith,RB,NTEXAS,9.8,9.8,10.7,,,54,0.38,8,0.13,,,,
Quintin Morris,WR,BGREEN,9.8,9.8,11.5,,,1,0,45,0.61,,,,
Southern Mississippi,DEF,USM,9.8,7.9,7.9,,,0,0,0,0,20.1,2.16,0.71,
Jalen Guyton,WR,NTEXAS,9.8,9.8,11.6,,,0,0,53,0.47,,,,
Fred Trevillion,WR,SDGST,9.7,9.7,11.9,,,1,0,64,0.24,,,,
Tulsa,DEF,TULSA,9.7,7.2,7.2,,,0,0,0,0,34.3,1.85,1.61,
Jovon Durante,WR,FAU,9.7,9.7,12.3,,,3,0.01,62,0.16,,,,
Steven Sims Jr.,WR,KANSAS,9.7,9.7,12.4,,,3,0,51,0.34,,,,
Patrick Smith,WR,MTSU,9.6,9.6,12,,,0,0,51,0.4,,,,
Trey Sermon,RB,OKLA,9.6,9.6,10.6,,,54,0.27,15,0.12,,,,
Antonio Williams,RB,UNC,9.6,9.6,10.7,,,50,0.46,9,0.08,,,,
Britain Covey,WR,UTAH,9.6,9.6,12.8,,,3,0.01,59,0.21,,,,
Jon'Vea Johnson,WR,TOLEDO,9.5,9.5,11.1,,,0,0,51,0.52,,,,
Israel Tucker,RB,LATECH,9.5,9.5,10.6,,,64,0.34,7,0.03,,,,
T.J. Hockenson,TE,IOWA,9.5,9.5,10.9,,,1,0.17,49,0.39,,,,
Oklahoma,DEF,OKLA,9.5,7.3,7.3,,,0,0,0,0,24.7,1.45,1.27,
Vanderbilt,DEF,VANDY,9.5,7.3,7.3,,,0,0,0,0,25.6,1.98,0.92,
Henry Ruggs,WR,BAMA,9.4,9.4,11,,,0,0,44,0.69,,,,
Houston,DEF,HOU,9.4,7.5,7.5,,,0,0,0,0,19.4,1.29,0.81,
Taj McGowan,RB,UCF,9.4,9.4,9.7,,,43,0.72,4,0.03,,,,
Xavier Jones,RB,SMU,9.4,9.4,10.5,,,47,0.38,13,0.05,,,,
Evan Marshman,QB,RICE,9.3,9.3,10.5,186,0.98,9,0.06,0,0,,,,
North Carolina State,DEF,NCST,9.3,7,7,,,0,0,0,0,31.4,2.2,1.29,
Quardraiz Wadley,RB,UTEP,9.3,9.3,10.5,,,54,0.16,17,0.16,,,,
Wyoming,DEF,WYO,9.3,7.2,7.2,,,0,0,0,0,27,1.94,0.87,
Kam McKnight,WR,LATECH,9.3,9.3,10,,,24,0.68,14,0.15,,,,
Tyler Badie,RB,MIZZOU,9.3,9.3,10.3,,,56,0.18,19,0.03,,,,
Thomas Hennigan,WR,APLST,9.3,9.3,11.5,,,0,0,54,0.3,,,,
UAB,DEF,UAB,9.2,7,7,,,0,0,0,0,31,2.98,0.8,
Jaret Patterson,RB,BUFF,9.2,9.2,10,,,55,0.41,6,0.03,,,,
Tyler Vander Waal,QB,WYO,9.2,9.2,9.5,132,1.04,6,0.05,0,0,,,,
DaMarkus Lodge,WR,MISS,9.2,9.2,11.8,,,0,0,59,0.27,,,,
Gerold Bright,WR,UTAHST,9.2,9.2,10.1,,,41,0.27,19,0.13,,,,
Toren Young,RB,IOWA,9.2,9.2,10,,,52,0.28,11,0.14,,,,
Da'Leon Ward,RB,TXTECH,9.2,9.2,10.4,,,32,0.47,16,0.15,,,,
Johnathon Johnson,WR,MIZZOU,9.2,9.2,11,,,1,0,52,0.44,,,,
Tony Pollard,RB,MEMP,9.2,9.2,10.7,,,13,0.15,35,0.33,,,,
D.J. Knox,RB,PURDUE,9.2,9.2,10.3,,,51,0.31,12,0.08,,,,
North Carolina,DEF,UNC,9.1,7,7,,,0,0,0,0,35.4,3.06,1.16,
Nevada,DEF,NEVADA,9.1,6.8,6.8,,,0,0,0,0,32.4,2.78,0.73,
Connor Heyward,RB,MICHST,9.1,9.1,10.2,,,42,0.44,12,0.02,,,,
Ron'Quavion Tarver,WR,UTAHST,9.1,9.1,11,,,0,0,42,0.51,,,,
Joshua Samuel,RB,WKY,9.1,9.1,10.2,,,60,0.35,7,0.04,,,,
Air Force,DEF,AF,9.1,6.7,6.7,,,0,0,0,0,30.4,1.92,1.23,
Dillon Mitchell,WR,OREG,9.1,9.1,11.3,,,0,0,54,0.28,,,,
T.J. Rahming,WR,DUKE,9,9,11.3,,,2,0,46,0.36,,,,
Trevor Speights,RB,STNFRD,9,9,10.1,,,62,0.42,1,0.02,,,,
Coastal Caroina,DEF,CSTCAR,9,6.1,6.1,,,0,0,0,0,43.3,2.54,1.31,
Travis Fulgham,WR,ODU,9,9,10.7,,,0,0,51,0.37,,,,
Tez Parks,RB,USM,8.9,8.9,10,,,23,0.56,19,0.16,,,,
Jordan Fredericks,RB,MA,8.9,8.9,9.8,,,45,0.33,10,0.2,,,,
Lucky Jackson,WR,WKY,8.9,8.9,11.3,,,0,0,52,0.24,,,,
CeeDee Lamb,WR,OKLA,8.9,8.9,10.4,,,0,0,49,0.45,,,,
Dezmon Patmon,WR,WASHST,8.9,8.9,11.1,,,0,0,55,0.24,,,,
Olabisi Johnson,WR,COLOST,8.9,8.9,10.9,,,0,0,53,0.3,,,,
Artavis Pierce,RB,OREGST,8.9,8.9,9.9,,,48,0.28,14,0.04,,,,
Holton Ahlers,RB,ECU,8.8,8.8,9.8,,,35,0.49,14,0.07,,,,
Memphis,DEF,MEMP,8.8,6.7,6.7,,,0,0,0,0,37.4,1.38,1.23,
Taj Harris,WR,CUSE,8.8,8.8,11.1,,,0,0,58,0.18,,,,
Riley Miller,WR,BALLST,8.8,8.8,11.1,,,0,0,54,0.23,,,,
Dontae Strickland,RB,CUSE,8.8,8.8,9.5,,,39,0.4,14,0.06,,,,
Jared Rice,TE,FRESNO,8.7,8.7,10.7,,,0,0,54,0.28,,,,
Cincinnati,DEF,CINCY,8.7,6.7,6.7,,,0,0,0,0,23.6,0.96,1.44,
Ty Johnson,RB,MD,8.7,8.7,9.7,,,62,0.21,7,0.05,,,,
K.J. Hill,WR,OHIOST,8.7,8.7,10.7,,,0,0,52,0.28,,,,
Mississippi State,DEF,MISSST,8.7,6.6,6.6,,,0,0,0,0,24,2.72,0.52,
Kwadarrius Smith,WR,AKRON,8.6,8.6,10.6,,,2,0.01,58,0.27,,,,
Keenen Johnson,WR,TULSA,8.6,8.6,10.5,,,0,0,46,0.38,,,,
Cade Carney,RB,WAKE,8.6,8.6,9.3,,,39,0.49,10,0.06,,,,
Shun Brown,WR,ARIZ,8.6,8.6,11,,,3,0,49,0.25,,,,
Mik'Quan Deane,TE,WKY,8.6,8.6,10,,,1,0,40,0.54,,,,
Aaron Fuller,WR,WASH,8.5,8.5,10.4,,,0,0,53,0.27,,,,
Tyler Vaughns,WR,USC,8.5,8.5,10.7,,,0,0,49,0.29,,,,
Max Borghi,RB,WASHST,8.5,8.5,10.4,,,22,0.51,14,0.16,,,,
RB Marlow III,WR,BGREEN,8.5,8.5,10.6,,,1,0,55,0.18,,,,
Rutgers,DEF,RUT,8.5,6.3,6.3,,,0,0,0,0,26.6,2.07,1.1,
B.J. Daniels,RB,TXSA,8.5,8.5,9.3,,,45,0.41,9,0.07,,,,
Aca'Cedric Ware,RB,USC,8.5,8.5,9.4,,,42,0.37,13,0.07,,,,
Bryant Koback,RB,TOLEDO,8.5,8.5,8.7,,,43,0.57,4,0.03,,,,
Florida Atlantic,DEF,FAU,8.5,6.6,6.6,,,0,0,0,0,28.1,1.8,1.26,
Jordon Brown,RB,UNC,8.5,8.5,9.5,,,38,0.37,15,0.02,,,,
Kylin Hill,RB,MISSST,8.4,8.4,9.4,,,56,0.17,7,0.12,,,,
RJ Turner,WR,LAMON,8.4,8.4,10.1,,,0,0,47,0.36,,,,
Victor Tucker,WR,CHARLO,8.4,8.4,11,,,0,0,50,0.17,,,,
Freddie Holly III,RB,HAWAII,8.4,8.4,8.9,,,46,0.44,9,0.03,,,,
Dayton Furuta,RB,HAWAII,8.4,8.4,10,,,42,0.34,15,0.16,,,,
Raelon Singleton,WR,HOU,8.4,8.4,9.9,,,0,0,43,0.46,,,,
Kevin Mensah,RB,UCONN,8.4,8.4,9.5,,,58,0.16,10,0.05,,,,
Frank Darby,WR,ARIZST,8.4,8.4,10.1,,,0,0.04,54,0.21,,,,
Patrick Taylor Jr.,RB,MEMP,8.4,8.4,9.1,,,42,0.46,9,0.02,,,,
Jordan Mitchell,WR,USM,8.4,8.4,10.6,,,-1,0,56,0.18,,,,
Ronald Cleveland,WR,AF,8.4,8.4,9,,,28,0.26,19,0.27,,,,
Mason Hays,WR,TXSTSM,8.4,8.4,9.9,,,0,0,45,0.41,,,,
Maleek Williams,RB,ARK,8.3,8.3,8.6,,,30,0.79,4,0.02,,,,
Western Kentucky,DEF,WKY,8.3,6.3,6.3,,,0,0,0,0,27,1.51,1.21,
Marcus Bennett,WR,AF,8.3,8.3,9.5,,,1,0,42,0.52,,,,
Tony Ellison,WR,ARIZ,8.3,8.3,9.8,,,1,0.02,43,0.39,,,,
Cameron Scarlett,RB,STNFRD,8.3,8.3,8.5,,,40,0.61,4,0.02,,,,
Devonta Smith,WR,BAMA,8.3,8.3,10,,,0,0,49,0.4,,,,
A.J. Taylor,WR,WISC,8.3,8.3,9.5,,,1,0,43,0.45,,,,
Kennedy Brooks,RB,OKLA,8.3,8.3,8.7,,,47,0.45,5,0.02,,,,
Shaq Vann,RB,EMICH,8.2,8.2,9.2,,,43,0.31,9,0.1,,,,
Noah Fant,TE,IOWA,8.2,8.2,9.4,,,0,0,30,0.69,,,,
Cameron Green,TE,NWEST,8.2,8.2,10.3,,,-1,0,38,0.44,,,,
Jared Pinkney,TE,VANDY,8.2,8.2,10.2,,,0,0,52,0.21,,,,
Clyde Edwards-Helaire,RB,LSU,8.2,8.2,8.7,,,57,0.36,2,0.01,,,,
Lynn Bowden,WR,UK,8.2,8.2,10.3,,,0,0,39,0.55,,,,
Jonah Morris,WR,AKRON,8.2,8.2,10.1,,,0,0,55,0.16,,,,
Ronnie Rivers,RB,FRESNO,8.2,8.2,9.1,,,23,0.33,21,0.21,,,,
Line Latu,WR,EMICH,8.2,8.2,9.6,,,2,0,49,0.3,,,,
Justin Hobbs,WR,TULSA,8.2,8.2,10.2,,,0,0,53,0.22,,,,
Dominique Heath,WR,APLST,8.1,8.1,9.8,,,1,0.02,34,0.49,,,,
Marshall,DEF,MRSHL,8.1,5.9,5.9,,,0,0,0,0,30.8,1.83,0.95,
JoJo Ward,WR,HAWAII,8.1,8.1,9.8,,,0,0,47,0.3,,,,
North Texas,DEF,NTEXAS,8.1,6.5,6.5,,,0,0,0,0,29,1.68,1.09,
Malik Williams,WR,APLST,8.1,8.1,9.3,,,0,0.05,36,0.5,,,,
Kansas,DEF,KANSAS,8,5.3,5.3,,,0,0,0,0,39.4,2.15,1.22,
Arizona State,DEF,ARIZST,8,6,6,,,0,0,0,0,25,2.11,0.76,
Marcus Williams Jr.,RB,APLST,8,8,8.4,,,44,0.12,10,0.28,,,,
Massachusetts,DEF,MA,8,6.4,6.4,,,0,0,0,0,32.8,2.71,0.5,
Ian Eriksen,RB,EMICH,8,8,8.6,,,42,0.36,11,0.02,,,,
Omar Bayless,WR,ARKST,8,8,10,,,0,0,48,0.26,,,,
Seth Green,WR,MINN,8,8,8.2,,,21,0.83,5,0.04,,,,
Jake Ferguson,TE,WISC,8,8,9.5,,,0,0,44,0.37,,,,
Aaron Cephus,WR,RICE,8,8,9.4,,,0,0,46,0.34,,,,
San Jose State,DEF,SJST,7.9,5.1,5.1,,,0,0,0,0,41,2.73,0.85,
KaVontae Turpin,WR,TCU,7.9,7.9,9.6,,,2,0.02,44,0.27,,,,
Michigan State,DEF,MICHST,7.9,5.8,5.8,,,0,0,0,0,23.5,1.7,0.79,
Hawaii,DEF,HAWAII,7.9,5.6,5.6,,,0,0,0,0,28.6,1.95,0.99,
Mitchell Wilcox,TE,SFLA,7.9,7.9,9.8,,,0,0,52,0.22,,,,
Zach Abey,RB,NAVY,7.9,7.9,8.2,,,40,0.67,1,0.03,,,,
Bennett Skowronek,WR,NWEST,7.9,7.9,9.9,,,0,0,47,0.23,,,,
Greg McCrae,RB,UCF,7.9,7.9,8.3,,,46,0.23,7,0.18,,,,
Whop Philyor,WR,IND,7.9,7.9,10,,,7,0.01,40,0.19,,,,
Keylon Stokes,WR,TULSA,7.9,7.9,9.6,,,6,0.01,47,0.15,,,,
Xavier Ubosi,WR,UAB,7.9,7.9,8.9,,,0,0,40,0.49,,,,
D'Wayne Eskridge,WR,WMICH,7.8,7.8,9.2,,,2,0,43,0.34,,,,
Ke'Mon Freeman,RB,SMU,7.8,7.8,8.8,,,33,0.35,15,0.09,,,,
Ole Miss,DEF,MISS,7.8,5.8,5.8,,,0,0,0,0,30.6,2.17,0.53,
Charlotte,DEF,CHARLO,7.8,5.5,5.5,,,0,0,0,0,28.6,1.38,0.8,
Kendall Parham,WR,UAB,7.8,7.8,8.9,,,5,0.25,38,0.14,,,,
Obi Obialo,WR,MRSHL,7.8,7.8,10,,,0,0,45,0.19,,,,
Kyle Fourtenbary,TE,WKY,7.8,7.8,9.6,,,0,0,36,0.42,,,,
Travon McMillian,RB,COLO,7.8,7.8,8.9,,,45,0.16,13,0.05,,,,
Jack Sorenson,WR,MIAOH,7.8,7.8,10.5,,,0,0,56,0.26,,,,
Dominique Robinson,WR,MIAOH,7.8,7.8,9.6,,,0,0,45,0.26,,,,
Jacquez Sloan,WR,WKY,7.7,7.7,9.5,,,1,0,52,0.16,,,,
Irv Smith Jr.,TE,BAMA,7.7,7.7,8.9,,,0,0,38,0.47,,,,
Bryce Singleton,WR,FIU,7.7,7.7,9.4,,,0,0,47,0.24,,,,
Arizona,DEF,ARIZ,7.7,5.1,5.1,,,0,0,0,0,34.3,2.63,0.77,
Tim Jones,WR,USM,7.7,7.7,9.4,,,-1,0,47,0.26,,,,
TCU,DEF,TCU,7.7,5.6,5.6,,,0,0,0,0,30.6,2.5,0.7,
Reggie Corbin,RB,ILL,7.7,7.7,8.5,,,47,0.25,12,0.03,,,,
Anthony McFarland,RB,MD,7.7,7.7,8.4,,,49,0.14,13,0.01,,,,
Maryland,DEF,MD,7.7,5.6,5.6,,,0,0,0,0,28.3,1.55,0.91,
Kaleb Fossum,WR,NEVADA,7.6,7.6,10.1,,,-1,0,47,0.18,,,,
Colorado,DEF,COLO,7.6,5.4,5.4,,,0,0,0,0,27.8,1.74,0.94,
UNLV,DEF,UNLV,7.6,5.2,5.2,,,0,0,0,0,30.8,0.92,0.8,
Salvon Ahmed,RB,WASH,7.6,7.6,8,,,43,0.4,5,0.02,,,,
Kelton Moore,RB,NEVADA,7.5,7.5,8.5,,,38,0.24,13,0.03,,,,
Nykeim Johnson,WR,CUSE,7.5,7.5,9.4,,,4,0.01,41,0.18,,,,
Mekhi Sargent,RB,IOWA,7.5,7.5,7.8,,,34,0.54,5,0.02,,,,
Mike Epstein,RB,ILL,7.5,7.5,8.2,,,39,0.24,15,0.01,,,,
Ta'Zhawn Henry,RB,TXTECH,7.5,7.5,8.5,,,24,0.47,12,0.03,,,,
Timmy Hernandez,WR,OREGST,7.5,7.5,9.7,,,0,0,42,0.19,,,,
Keenan Barnes,WR,LALAF,7.5,7.5,9,,,0,0,42,0.28,,,,
Vic Wharton III,WR,CAL,7.4,7.4,9.6,,,1,0,45,0.19,,,,
Keith Gavin,WR,FSU,7.4,7.4,9.2,,,0,0,49,0.17,,,,
Andrew Meyer,WR,OHIO,7.4,7.4,8.8,,,0,0,43,0.31,,,,
Texas State,DEF,TXSTSM,7.4,4.8,4.8,,,0,0,0,0,35.8,1.2,0.73,
Central Michigan,DEF,CMICH,7.4,5.1,5.1,,,0,0,0,0,30,1.61,0.81,
Toledo,DEF,TOLEDO,7.4,5.8,5.8,,,0,0,0,0,33.1,1.25,1.2,
Jacques Patrick,RB,FSU,7.4,7.4,8.4,,,40,0.17,10,0.12,,,,
Justin Hall,WR,BALLST,7.4,7.4,9.6,,,8,0.01,38,0.11,,,,
Indiana,DEF,IND,7.4,5,5,,,0,0,0,0,36.5,2.02,0.71,
Joseph Saucier,RB,AF,7.3,7.3,7.5,,,40,0.46,4,0.01,,,,
Cheyenne O'Grady,TE,ARK,7.3,7.3,8.6,,,0,0,33,0.5,,,,
Maurice Washington,RB,NEB,7.3,7.3,8.8,,,28,0.17,20,0.03,,,,
Brendan O'Leary-Orange,WR,NEVADA,7.3,7.3,8.5,,,0,0,40,0.36,,,,
Kerrith Whyte Jr.,RB,FAU,7.3,7.3,7.9,,,34,0.4,7,0.14,,,,
Mekhi Stevenson,WR,UNLV,7.3,7.3,8.9,,,0,0,48,0.19,,,,
Jordan Asberry,RB,ARMY,7.3,7.3,7.7,,,18,0.12,12,0.55,,,,
Andre Wilson,WR,UAB,7.3,7.3,8.7,,,3,0,38,0.39,,,,
New Mexico State,DEF,NMEXST,7.3,5.6,5.6,,,0,0,0,0,29.4,2.15,0.29,
Tamorrion Terry,WR,FSU,7.3,7.3,8.3,,,0,0,37,0.44,,,,
Anthony Ratliff-Williams,WR,UNC,7.3,7.3,8.5,,,3,0,42,0.31,,,,
Kahale Warring,TE,SDGST,7.3,7.3,8.6,,,0,0,34,0.42,,,,
Shawn Poindexter,WR,ARIZ,7.3,7.3,8.9,,,0,0,49,0.14,,,,
Cameron Odom,WR,OHIO,7.2,7.2,8.6,,,0,0,47,0.23,,,,
Ivory Kelly-Martin,RB,IOWA,7.2,7.2,7.6,,,40,0.31,9,0.04,,,,
Brandon Presley,WR,UNLV,7.2,7.2,9.4,,,1,0,52,0.17,,,,
Aaron Mcallister,RB,CHARLO,7.2,7.2,7.6,,,40,0.38,6,0.01,,,,
Hutch White,WR,TXSTSM,7.2,7.2,9.4,,,1,0,40,0.32,,,,
Corey Lacanaria,WR,BALLST,7.2,7.2,9.3,,,0,0,41,0.22,,,,
Emmanuel Esukpa,RB,RICE,7.2,7.2,8.1,,,46,0.23,9,0.05,,,,
Ball State,DEF,BALLST,7.2,4.9,4.9,,,0,0,0,0,31.1,2.01,0.79,
Robert Brown Jr.,RB,TXSTSM,7.2,7.2,8,,,48,0.11,10,0.03,,,,
Ahmari Davis,RB,NMEX,7.2,7.2,7.5,,,36,0.53,1,0.02,,,,
Jonathan Ward,RB,CMICH,7.2,7.2,8.4,,,33,0.19,16,0.1,,,,
Justyn Ross,WR,CLEM,7.2,7.2,8.4,,,0,0,39,0.34,,,,
Kelvin Harmon,WR,NCST,7.2,7.2,8.9,,,0,0,47,0.14,,,,
Terence Williams,RB,HOU,7.1,7.1,7.8,,,44,0.38,6,0.03,,,,
OJ Clark,WR,NMEXST,7.1,7.1,9.2,,,0,0,41,0.18,,,,
Jon Hilliman,RB,RUT,7.1,7.1,8.1,,,34,0.34,11,0.07,,,,
Javon Thomas,RB,TULSA,7.1,7.1,7.9,,,57,0.12,3,0.01,,,,
Aeris Williams,RB,MISSST,7.1,7.1,7.7,,,53,0.16,5,0.01,,,,
Austin Maloney,WR,FIU,7.1,7.1,8.3,,,0,0,40,0.32,,,,
Darrynton Evans,WR,APLST,7.1,7.1,7.7,,,42,0.16,8,0.12,,,,
Buffalo,DEF,BUFF,7.1,4.3,4.3,,,0,0,0,0,38,2.45,0.86,
Van Edwards Jr.,RB,AKRON,7.1,7.1,7.8,,,43,0.13,11,0.08,,,,
Navy,DEF,NAVY,7.1,4.4,4.4,,,0,0,0,0,36.1,1,0.69,
Marcel Williams,WR,MRSHL,7,7,8.6,,,0,0,42,0.22,,,,
Art Thompkins,RB,TOLEDO,7,7,7.7,,,34,0.27,13,0.03,,,,
Kendric Pryor,WR,WISC,7,7,7.9,,,9,0.24,26,0.22,,,,
Colorado State,DEF,COLOST,7,4.1,4.1,,,0,0,0,0,42.4,2.12,0.89,
Trent Pennix,RB,NCST,7,7,7.9,,,21,0.08,19,0.29,,,,
Charlie Jones,WR,BUFF,7,7,7.9,,,0,0,38,0.37,,,,
Tavonn Salter,WR,MTSU,7,7,8.5,,,0,0,47,0.14,,,,
Rice,DEF,RICE,7,4.2,4.2,,,0,0,0,0,38.8,1.62,0.92,
Charles Williams,RB,UNLV,7,7,7.6,,,59,0.12,1,0.02,,,,
Michael Colubiale,TE,UCF,7,7,8.1,,,0,0,41,0.29,,,,
Izaiah Lottie,WR,NMEXST,6.9,6.9,8.4,,,0,0,38,0.28,,,,
Rhashid Bonnette,WR,LATECH,6.9,6.9,8.5,,,1,0,44,0.17,,,,
Lyn-J Dixon,RB,CLEM,6.9,6.9,7.2,,,39,0.32,9,0.02,,,,
Randall St. Felix,WR,SFLA,6.9,6.9,8.9,,,0,0,48,0.21,,,,
Cade Otton,TE,WASH,6.9,6.9,8.2,,,0,0,36,0.35,,,,
Nate Stewart,WR,AKRON,6.9,6.9,8.9,,,0,0,40,0.33,,,,
Hasise Dubois,WR,UVA,6.9,6.9,8.8,,,0,0,44,0.13,,,,
Chase Cota,WR,UCLA,6.9,6.9,8.8,,,0,0,48,0.22,,,,
Bryce Williams,RB,MINN,6.9,6.9,7.4,,,54,0.14,6,0.01,,,,
Johnathan Boone,WR,NMEXST,6.9,6.9,8.3,,,-1,0,45,0.19,,,,
Wesley Kennedy III,WR,GAS,6.8,6.8,7.5,,,19,0.16,27,0.11,,,,
Bowling Green,DEF,BGREEN,6.8,3.8,3.8,,,0,0,0,0,47.6,0.8,0.78,
Bilal Ally,RB,MA,6.8,6.8,7.2,,,30,0.33,5,0.26,,,,
Anthony Schwartz,WR,AUBURN,6.8,6.8,7.4,,,20,0.25,19,0.16,,,,
Kendal Keys,WR,UNLV,6.8,6.8,8,,,0,0,37,0.32,,,,
Jonathan Nance,WR,ARK,6.8,6.8,7.9,,,2,0,35,0.34,,,,
Rashod Bateman,WR,MINN,6.8,6.8,8.4,,,0,0,32,0.34,,,,
Kaden Smith,TE,STNFRD,6.8,6.8,8.4,,,0,0,44,0.15,,,,
Delane Hart-Johnson,WR,NMEX,6.8,6.8,8,,,0,0,33,0.4,,,,
Quin Jernighan,WR,WKY,6.8,6.8,8.5,,,0,0,40,0.18,,,,
Ky'Jon Tyler,WR,CSTCAR,6.8,6.8,8.2,,,2,0,40,0.27,,,,
Harrison Bryant,TE,FAU,6.7,6.7,8,,,0,0,37,0.32,,,,
Brittain Brown,RB,DUKE,6.7,6.7,7.1,,,48,0.23,4,0.02,,,,
Jalen Rhodes,RB,TXSA,6.7,6.7,7.5,,,37,0.26,8,0.04,,,,
Aaron McLean,WR,UCONN,6.7,6.7,8.3,,,0,0,43,0.16,,,,
Jaelon Darden,WR,NTEXAS,6.7,6.7,8.3,,,0,0,41,0.25,,,,
Vavae Malepeai,RB,USC,6.7,6.7,7.1,,,27,0.55,4,0.01,,,,
Kasim Hill,QB,MD,6.7,6.7,7.5,135,0.98,-1,0.02,0,0,,,,
Parker Houston,TE,SDGST,6.7,6.7,7.7,,,0,0,23,0.56,,,,
Stephen Carr,RB,USC,6.7,6.7,7.6,,,47,0.12,7,0.01,,,,
Lala Davis,RB,ODU,6.7,6.7,6.9,,,36,0.41,4,0.02,,,,
Ryan Davis,WR,AUBURN,6.7,6.7,8.8,,,2,0,39,0.15,,,,
Ty Chandler,RB,TENN,6.7,6.7,7.4,,,30,0.1,14,0.19,,,,
Zavier Scott,WR,UCONN,6.6,6.6,8.4,,,21,0.04,24,0.13,,,,
Purdue,DEF,PURDUE,6.6,3.9,3.9,,,0,0,0,0,38.3,2.44,0.8,
Gary Brightwell,RB,ARIZ,6.6,6.6,6.9,,,42,0.33,4,0.02,,,,
Mathew Sexton,WR,EMICH,6.6,6.6,7.9,,,0,0,39,0.22,,,,
Ty Jones,WR,WASH,6.6,6.6,7.5,,,0,0,32,0.41,,,,
Romello Brooker,TE,HOU,6.6,6.6,7.9,,,0,0,33,0.33,,,,
Kell Walker,RB,ARMY,6.6,6.6,7.2,,,39,0.12,18,0.01,,,,
Missouri,DEF,MIZZOU,6.6,4.2,4.2,,,0,0,0,0,37.4,1.76,0.71,
Terry McLaurin,WR,OHIOST,6.5,6.5,7.4,,,0,0,32,0.41,,,,
Jarrett Guarantano,QB,TENN,6.5,6.5,6.8,136,0.7,-2,0.02,0,0,,,,
Texas-El Paso,DEF,UTEP,6.5,3.7,3.7,,,0,0,0,0,40.7,1.64,0.7,
DeAndre McNeal,WR,FAU,6.5,6.5,7.7,,,0,0,35,0.3,,,,
Illinois,DEF,ILL,6.5,3.8,3.8,,,0,0,0,0,35.5,1.23,1,
Blake Proehl,WR,ECU,6.5,6.5,8.3,,,0,0,41,0.11,,,,
Jonathan Adams Jr.,WR,ARKST,6.5,6.5,7.6,,,0,0,32,0.37,,,,
Tee Higgins,WR,CLEM,6.5,6.5,7.6,,,0,0,36,0.3,,,,
Trivenskey Mosley,RB,USM,6.5,6.5,9.5,,,60,0.19,4,0.03,,,,
Connor Slomka,RB,ARMY,6.4,6.4,6.5,,,36,0.45,1,0.01,,,,
Jaivon Heiligh,WR,CSTCAR,6.4,6.4,7.4,,,3,0,25,0.47,,,,
Chris Evans,RB,MICH,6.4,6.4,7.1,,,30,0.29,10,0.02,,,,
Michael Pittman Jr.,WR,USC,6.4,6.4,7.5,,,1,0,37,0.26,,,,
Bobby Holly,RB,LATECH,6.4,6.4,7,,,9,0.09,2,0.72,,,,
Marlon Williams,WR,UCF,6.4,6.4,7.6,,,1,0,36,0.24,,,,
Warren Jackson,WR,COLOST,6.4,6.4,8.1,,,0,0,39,0.3,,,,
Monteo Garrett,RB,GAS,6.4,6.4,6.6,,,41,0.34,1,0.01,,,,
Johnathan Lloyd,WR,DUKE,6.4,6.4,7.9,,,0,0,32,0.27,,,,
Alonzo Smith,RB,MIAOH,6.4,6.4,7,,,40,0.16,9,0.03,,,,
Reggie Gallaspy II,RB,NCST,6.4,6.4,7.2,,,23,0.46,6,0.04,,,,
Josh Love,QB,SJST,6.4,6.4,7,181,0.59,-1,0.01,0,0,,,,
Noah Togiai,TE,OREGST,6.4,6.4,7.6,,,0,0,31,0.35,,,,
Taivon Jacobs,WR,MD,6.4,6.4,7.8,,,3,0.01,30,0.26,,,,
Jo-el Shaw,RB,KENTST,6.4,6.4,7,,,27,0.08,11,0.28,,,,
Adam Choice,RB,CLEM,6.3,6.3,6.7,,,42,0.3,3,0.02,,,,
Darius Slayton,WR,AUBURN,6.3,6.3,7.5,,,0,0,40,0.22,,,,
Nick Westbrook,WR,IND,6.3,6.3,7.9,,,0,0.02,34,0.22,,,,
Preston Williams,WR,TENN,6.3,6.3,8,,,1,0,35,0.2,,,,
Garrett Groshek,RB,WISC,6.3,6.3,7.2,,,25,0.11,17,0.16,,,,
Elijah Cooks,WR,NEVADA,6.3,6.3,7.3,,,0,0,33,0.34,,,,
Jaylen Waddle,WR,BAMA,6.3,6.3,7.4,,,0,0,39,0.22,,,,
CT Thomas,WR,BOISE,6.3,6.3,7.5,,,0,0,35,0.26,,,,
Maurice Ways,WR,CAL,6.3,6.3,7.8,,,0,0,39,0.15,,,,
Markell Jones,RB,PURDUE,6.3,6.3,7.2,,,39,0.16,8,0.07,,,,
Ryheem Malone,WR,LALAF,6.3,6.3,8.1,,,2,0,34,0.15,,,,
Trenton Irwin,WR,STNFRD,6.3,6.3,8.2,,,0,0,37,0.17,,,,
Anthony Scott,RB,ECU,6.2,6.2,7.3,,,28,0.19,14,0.07,,,,
Malik Dunner,RB,BALLST,6.2,6.2,7,,,23,0.22,13,0.11,,,,
Ventell Bryant,WR,TEMPLE,6.2,6.2,7.8,,,0,0,40,0.13,,,,
Tahj Deans,WR,ECU,6.2,6.2,7.7,,,0,0,33,0.24,,,,
Kerr Johnson Jr.,WR,KANSAS,6.2,6.2,7.9,,,0,0,36,0.16,,,,
Matt Colburn,RB,WAKE,6.2,6.2,6.6,,,38,0.3,5,0.01,,,,
Jeremiah Booker,WR,KANSAS,6.2,6.2,7.4,,,0,0,29,0.35,,,,
Seth Paige,RB,GAST,6.2,6.2,6.7,,,34,0.33,8,0.01,,,,
Josh Oliver,TE,SJST,6.1,6.1,7.9,,,0,0,36,0.14,,,,
Marcus Armstrong-Brown,WR,HAWAII,6.1,6.1,7.9,,,0,0,34,0.18,,,,
Kenny Gainwell,RB,MEMP,6.1,6.1,7.1,,,13,0.3,19,0.02,,,,
Tavien Feaster,RB,CLEM,6.1,6.1,6.5,,,34,0.3,6,0.02,,,,
Travis Dye,RB,OREG,6.1,6.1,6.8,,,51,0.12,3,0.02,,,,
Jager Gardner,RB,TEMPLE,6.1,6.1,6.5,,,35,0.14,12,0.02,,,,
Danny Davis,WR,WISC,6,6,7.1,,,2,0,28,0.33,,,,
Binjimen Victor,WR,OHIOST,6,6,6.9,,,0,0,30,0.38,,,,
Sterling Palmer,TE,FIU,6,6,7.5,,,0,0,29,0.28,,,,
Juwan Johnson,WR,PSU,6,6,7.4,,,0,0,37,0.16,,,,
Kahlil Lewis,WR,CINCY,6,6,7.7,,,2,0,26,0.27,,,,
Taiwan Deal,RB,WISC,6,6,6.2,,,33,0.37,3,0.02,,,,
Maurice Alexander,WR,FIU,6,6,7.2,,,10,0.03,26,0.31,,,,
Asim Rose,RB,UK,6,6,6.2,,,35,0.39,1,0.01,,,,
Romeo Doubs,WR,NEVADA,6,6,7.5,,,0,0,38,0.12,,,,
Jah'Marae Sheread,WR,TXSTSM,6,6,7.2,,,3,0.01,37,0.11,,,,
Kazmeir Allen,RB,UCLA,6,6,6.6,,,32,0.26,6,0.02,,,,
John Bates,TE,BOISE,6,6,6.8,,,0,0,31,0.34,,,,
Renard Bell,WR,WASHST,6,6,7.2,,,0,0,35,0.23,,,,
Devon Spalding,RB,CMICH,6,6,7.2,,,19,0.21,21,0.03,,,,
Kam Martin,RB,AUBURN,6,6,6.6,,,39,0.09,9,0.03,,,,
Greg Campbell Jr.,WR,TXSA,5.9,5.9,7.6,,,4,0.01,35,0.12,,,,
Drew Dan,WR,NMEXST,5.9,5.9,6.9,,,0,0,33,0.28,,,,
Tayon Fleet-Davis,RB,MD,5.9,5.9,6.3,,,28,0.2,8,0.14,,,,
Donnie Lee,RB,UAB,5.9,5.9,6.6,,,24,0.26,10,0.08,,,,
Khalil Herbert,RB,KANSAS,5.9,5.9,6.3,,,35,0.28,4,0.02,,,,
Jeremiah Miller,WR,CSTCAR,5.9,5.9,7.1,,,0,0,38,0.16,,,,
Jessie Britt,WR,MA,5.9,5.9,7,,,1,0,28,0.33,,,,
La'Michael Pettway,WR,ARK,5.9,5.9,6.7,,,0,0,30,0.33,,,,
Cyrus Habibi-Likio,RB,OREG,5.8,5.8,6.1,,,8,0.76,3,0.02,,,,
Isaac Zico,WR,PURDUE,5.8,5.8,7.5,,,0,0,42,0.2,,,,
Aaron Young,WR,DUKE,5.8,5.8,7,,,0,0,32,0.26,,,,
Kyle Buss,WR,UCONN,5.8,5.8,7.5,,,0,0,39,0.13,,,,
Isaiah Harper,WR,ODU,5.8,5.8,7.6,,,3,0,31,0.12,,,,
Ricky Slade,RB,PSU,5.8,5.8,6.5,,,30,0.51,4,0.02,,,,
Nolan Eriksen,RB,AF,5.8,5.8,6,,,35,0.32,3,0.01,,,,
Royce Caldwell,WR,NMEXST,5.8,5.8,6.8,,,18,0.03,22,0.2,,,,
East Carolina,DEF,ECU,5.8,2.6,2.6,,,0,0,0,0,50.5,2.37,0.65,
Ja'Marcus Bradley,WR,LALAF,5.8,5.8,6.9,,,1,0,32,0.23,,,,
Dax Raymond,TE,UTAHST,5.8,5.8,7.2,,,0,0,34,0.18,,,,
Jaylon Redd,WR,OREG,5.8,5.8,6.6,,,5,0.03,25,0.31,,,,
KeSean Carter,WR,TXTECH,5.8,5.8,7.1,,,3,0,25,0.26,,,,
Isiah Cox,WR,OHIO,5.7,5.7,6.4,,,0,0,25,0.44,,,,
Sean Riley,WR,CUSE,5.7,5.7,7.2,,,4,0,28,0.19,,,,
Brycen Hopkins,TE,PURDUE,5.7,5.7,6.8,,,0,0,34,0.21,,,,
Destin Coates,RB,GAST,5.7,5.7,6.7,,,19,0.11,22,0.02,,,,
Jamire Jordan,WR,FRESNO,5.7,5.7,7.1,,,2,0.02,41,0.09,,,,
Brian Robinson Jr.,RB,BAMA,5.7,5.7,6,,,36,0.22,5,0.03,,,,
Dazz Newsome,WR,UNC,5.7,5.7,7,,,3,0,35,0.1,,,,
JJ Jefferson,WR,NWEST,5.7,5.7,6.7,,,0,0,30,0.27,,,,
Mike Carrigan,WR,KENTST,5.7,5.7,6.9,,,2,0.03,27,0.3,,,,
Nick Easley,WR,IOWA,5.6,5.6,6.9,,,0,0,25,0.32,,,,
Sage Surratt,WR,WAKE,5.6,5.6,7,,,0,0,36,0.12,,,,
Samson Nacua,WR,UTAH,5.6,5.6,6.7,,,0,0,26,0.34,,,,
C.J. Bolar,WR,VANDY,5.6,5.6,7.1,,,0,0,37,0.07,,,,
Brennon Dingle,WR,MA,5.6,5.6,6.5,,,0,0,29,0.32,,,,
Johnnie Dixon,WR,OHIOST,5.6,5.6,6.5,,,0,0.02,27,0.3,,,,
Stephon Robinson Jr.,WR,KANSAS,5.6,5.6,7.1,,,0,0,35,0.11,,,,
Gatlin Casey,WR,MTSU,5.6,5.6,7.2,,,0,0,32,0.12,,,,
Sean Dykes,TE,MEMP,5.6,5.6,6.8,,,0,0,32,0.25,,,,
Miami (Ohio),DEF,MIAOH,5.6,3.4,3.4,,,0,0,0,0,28.5,0.31,0.54,
Braylon Sanders,WR,MISS,5.6,5.6,6.8,,,0,0,38,0.09,,,,
Tyler Mabry,TE,BUFF,5.6,5.6,6.8,,,0,0,27,0.27,,,,
Gunnar Oakes,TE,EMICH,5.5,5.5,6.6,,,0,0,28,0.3,,,,
Jamire Calvin,WR,WASHST,5.5,5.5,7.2,,,0,0,33,0.12,,,,
Javonis Isaac,TE,ARKST,5.5,5.5,7.4,,,0,0,31,0.25,,,,
Donovan Peoples-Jones,WR,MICH,5.5,5.5,6.5,,,3,0,22,0.35,,,,
Keishawn Watson,WR,WMICH,5.5,5.5,6.5,,,0,0,26,0.31,,,,
Hunter Renfrow,WR,CLEM,5.5,5.5,6.8,,,0,0,32,0.17,,,,
Branden Mack,WR,TEMPLE,5.4,5.4,6.7,,,0,0,25,0.29,,,,
Kyle Sweet,WR,WASHST,5.4,5.4,6.9,,,0,0,34,0.11,,,,
Ricky Smalling,WR,ILL,5.4,5.4,6.4,,,0,0,29,0.27,,,,
Bo Melton,WR,RUT,5.4,5.4,6.8,,,3,0,33,0.07,,,,
Seth Williams,WR,AUBURN,5.4,5.4,6.3,,,0,0,30,0.26,,,,
JaCorey Sullivan,WR,CMICH,5.4,5.4,6.4,,,0,0,25,0.33,,,,
Javen Banks,WR,TXSTSM,5.4,5.4,6.2,,,1,0.09,25,0.26,,,,
Andrew Van Buren,RB,BOISE,5.4,5.4,5.7,,,27,0.3,6,0.03,,,,
Rico Arnold,WR,CHARLO,5.4,5.4,6.5,,,2,0,30,0.17,,,,
Hergy Mayala,WR,UCONN,5.4,5.4,6.9,,,0,0,33,0.1,,,,
Ian Bunting,TE,CAL,5.4,5.4,6.5,,,0,0,31,0.2,,,,
Sadiq Palmer,WR,MA,5.3,5.3,6.3,,,0,0.05,30,0.17,,,,
Marvin Kinsey Jr.,RB,COLOST,5.3,5.3,6,,,30,0.11,10,0.03,,,,
Myron Gailliard,WR,SMU,5.3,5.3,6.2,,,1,0,22,0.35,,,,
Mulbah Car,RB,HOU,5.3,5.3,5.7,,,33,0.2,6,0.03,,,,
Josiah Deguara,TE,CINCY,5.3,5.3,6.9,,,0,0,27,0.17,,,,
Jarveon Howard,RB,CUSE,5.3,5.3,5.9,,,30,0.38,5,0.02,,,,
Kendall Blanton,TE,MIZZOU,5.3,5.3,6.2,,,0,0,22,0.37,,,,
Andy Davidson,RB,ARMY,5.3,5.3,5.5,,,36,0.28,1,0.01,,,,
Cameron Butler,TE,COLOST,5.3,5.3,6.6,,,0,0,32,0.14,,,,
Jordan Duncan,WR,CAL,5.3,5.3,6.2,,,0,0,22,0.34,,,,
Drew Tejchman,WR,UNLV,5.2,5.2,6.3,,,2,0,22,0.29,,,,
Ryan Becker,TE,SMU,5.2,5.2,6.4,,,0,0,22,0.33,,,,
Tre Hartley,WR,SJST,5.2,5.2,6.4,,,0,0,32,0.15,,,,
Luke Timian,WR,IND,5.2,5.2,7,,,0,0,29,0.1,,,,
Shadell Bell,TE,CLEM,5.2,5.2,6.2,,,0,0,26,0.28,,,,
Tony Brooks-James,RB,OREG,5.2,5.2,5.8,,,30,0.18,10,0.03,,,,
K.D. Nixon,WR,COLO,5.2,5.2,7.7,,,1,0.01,39,0.08,,,,
Xavier Gaines,TE,MRSHL,5.2,5.2,6.5,,,1,0,27,0.19,,,,
Tyler Watts,WR,TXSTSM,5.2,5.2,6.6,,,2,0.03,27,0.13,,,,
Jay'Shawn Washington,TE,USM,5.2,5.2,6.2,,,0,0,31,0.18,,,,
Chase Hayden,RB,ARK,5.2,5.2,5.7,,,33,0.19,7,0.02,,,,
Master Teague,RB,OHIOST,5.2,5.2,5.5,,,30,0.21,5,0.03,,,,
Austin Trammell,WR,RICE,5.2,5.2,6.5,,,2,0,32,0.08,,,,
BJ Busbee,WR,SDGST,5.2,5.2,6.2,,,4,0,23,0.38,,,,
Tre' McKitty,TE,FSU,5.2,5.2,6.7,,,0,0,29,0.23,,,,
CJ Windham,WR,MTSU,5.2,5.2,6.2,,,0,0,28,0.25,,,,
Xavier Brown,WR,LAMON,5.2,5.2,6.2,,,0,0,32,0.2,,,,
Taz Bateman,RB,GAST,5.2,5.2,5.9,,,22,0.07,19,0.01,,,,
Seth Collins,WR,TXTECH,5.2,5.2,6.4,,,1,0,31,0.13,,,,
Johnny Johnson,WR,OREG,5.1,5.1,6,,,0,0,24,0.32,,,,
Kam Scott,WR,MIZZOU,5.1,5.1,6.4,,,0,0,29,0.16,,,,
Tyliek Raynor,RB,TEMPLE,5.1,5.1,5.4,,,24,0.35,4,0.02,,,,
Jalen Greene,WR,UTAHST,5.1,5.1,6.2,,,0,0,29,0.2,,,,
Austin Mack,WR,OHIOST,5.1,5.1,6.3,,,0,0,32,0.14,,,,
Demetric Felton,WR,UCLA,5.1,5.1,5.9,,,6,0.1,25,0.11,,,,
Tennessee,DEF,TENN,5.1,2,2,,,0,0,0,0,48.3,1.8,0.34,
Jerome Buckner,WR,OHIO,5.1,5.1,5.9,,,0,0,34,0.15,,,,
Armond Weh-Weh,RB,ARKST,5.1,5.1,5.5,,,33,0.06,10,0.02,,,,
Malik Roberson,RB,SJST,5.1,5.1,5.9,,,18,0.21,10,0.06,,,,
Donavan Hale,WR,IND,5.1,5.1,6.3,,,0,0,24,0.25,,,,
D'Vonte Price,RB,FIU,5.1,5.1,5.6,,,31,0.24,5,0.03,,,,
Connecticut,DEF,UCONN,5.1,1.9,1.9,,,0,0,0,0,48.2,1.9,0.49,
Tre King,RB,TXTECH,5.1,5.1,6.1,,,26,0.11,10,0.03,,,,
Armani Levias,TE,MRSHL,5,5,6.1,,,0,0,25,0.26,,,,
Isaiah McKoy,WR,KENTST,5,5,6.5,,,0,0,26,0.17,,,,
Tavaris Harrison,WR,FAU,5,5,6.1,,,0,0,35,0.07,,,,
Bryce Roberts,TE,NMEXST,5,5,6.2,,,0,0,25,0.24,,,,
DJ Turner,WR,MD,5,5,6.3,,,2,0.01,26,0.15,,,,
Ihmir Smith-Marsette,WR,IOWA,5,5,5.8,,,5,0.01,28,0.15,,,,
Caleb Huntley,RB,BALLST,5,5,5.4,,,38,0.09,3,0.01,,,,
Malik Miller,RB,AUBURN,5,5,6,,,15,0.07,20,0.02,,,,
Dylan Drummond,WR,EMICH,5,5,6.3,,,0,0,30,0.12,,,,
Colby Parkinson,TE,STNFRD,5,5,5.8,,,0,0,22,0.32,,,,
Isaiah Wright,WR,TEMPLE,4.9,4.9,6.1,,,11,0.03,22,0.1,,,,
Connor Brown,TE,OHIO,4.9,4.9,5.6,,,0,0,19,0.4,,,,
Blaze Moorhead,WR,TXSA,4.9,4.9,5.9,,,0,0,29,0.18,,,,
Elijah Dale,RB,HAWAII,4.9,4.9,5.3,,,16,0.06,7,0.35,,,,
Maurice Gordon,RB,MTSU,4.9,4.9,5.3,,,29,0.21,5,0.02,,,,
Jarion Anderson,WR,TULSA,4.9,4.9,6.3,,,0,0,27,0.22,,,,
Chase Blakley,TE,BOISE,4.9,4.9,6,,,0,0,14,0.4,,,,
Joey Magnifico,TE,MEMP,4.9,4.9,5.6,,,0,0,27,0.25,,,,
Jalen Virgil,WR,APLST,4.9,4.9,5.8,,,1,0,31,0.14,,,,
Taye Barber,WR,TCU,4.9,4.9,6.1,,,1,0,23,0.22,,,,
Bentavious Thompson,RB,UCF,4.9,4.9,5.2,,,26,0.23,6,0.03,,,,
Austin Vaughn,RB,LAMON,4.9,4.9,5.2,,,29,0.2,6,0.02,,,,
Demario McCall,RB,OHIOST,4.9,4.9,5.6,,,18,0.1,15,0.06,,,,
Xavier Lane,WR,WKY,4.9,4.9,6.1,,,0,0,30,0.12,,,,
Michael Woods,WR,ARK,4.9,4.9,5.7,,,0,0,26,0.25,,,,
Khari Blasingame,RB,VANDY,4.9,4.9,5.6,,,24,0.13,10,0.02,,,,
Taj Griffin,WR,OREG,4.9,4.9,5.3,,,14,0.09,16,0.15,,,,
Deondre Farrier,WR,ECU,4.9,4.9,6.2,,,1,0,25,0.2,,,,
Michael Lawrence,WR,NTEXAS,4.9,4.9,5.9,,,0,0,31,0.14,,,,
Raghib Ismail Jr.,WR,WYO,4.8,4.8,6.1,,,1,0,28,0.12,,,,
Devin Gentry,WR,GAST,4.8,4.8,5.6,,,4,0.03,30,0.1,,,,
Pat Freiermuth,TE,PSU,4.8,4.8,5.8,,,0,0,21,0.29,,,,
George Rushing,WR,BUFF,4.8,4.8,6.2,,,0,0,26,0.18,,,,
Anthony Muse,WR,NMEXST,4.8,4.8,5.9,,,0,0,26,0.17,,,,
Elijah Kothe,WR,SDGST,4.8,4.8,6.1,,,0,0,25,0.18,,,,
Austin Fort,TE,WYO,4.8,4.8,5.5,,,1,0.05,20,0.28,,,,
Zach Austin,WR,TXTECH,4.8,4.8,6.1,,,0,0,26,0.14,,,,
John Williams,WR,MEMP,4.8,4.8,6,,,1,0,29,0.14,,,,
Ra'veion Hargrove,RB,BGREEN,4.8,4.8,5.3,,,16,0.22,14,0.02,,,,
Samuel Emilus,WR,MA,4.7,4.7,5.4,,,0,0,21,0.35,,,,
Matt Sokol,TE,MICHST,4.7,4.7,6,,,0,0,27,0.14,,,,
Dawson Knox,TE,MISS,4.7,4.7,5.8,,,0,0,32,0.12,,,,
Tony Gaiter IV,WR,FIU,4.7,4.7,5.9,,,0,0,23,0.22,,,,
James Price,WR,WYO,4.7,4.7,5.6,,,-1,0,25,0.24,,,,
Caleb Twyford,WR,TXSTSM,4.7,4.7,5.7,,,10,0.04,20,0.09,,,,
Dee Anderson,WR,LSU,4.7,4.7,5.8,,,0,0,32,0.08,,,,
Taylor Edwards,TE,MA,4.7,4.7,5.8,,,0,0,27,0.16,,,,
Luke Farrell,TE,OHIOST,4.7,4.7,5.7,,,0,0,25,0.21,,,,
Kobe Smith,WR,SDGST,4.7,4.7,5.7,,,0,0,29,0.14,,,,
Reed Tyler,RB,ARKST,4.7,4.7,5.9,,,10,0.06,21,0.02,,,,
Evan Owens,RB,UNLV,4.7,4.7,5.1,,,29,0.19,3,0.02,,,,
Jocquez Bruce,RB,MTSU,4.7,4.7,5.6,,,8,0.07,23,0.07,,,,
Joe Reed,WR,UVA,4.7,4.7,5.7,,,3,0.01,29,0.14,,,,
Emmanuel Reed,RB,BUFF,4.7,4.7,5.2,,,35,0.13,6,0.03,,,,
Aaren Vaughns,WR,UTAHST,4.6,4.6,5.6,,,5,0.02,25,0.1,,,,
Darrius Scott,WR,FIU,4.6,4.6,5.6,,,-1,0,30,0.14,,,,
Collin Lisa,WR,UAB,4.6,4.6,5.5,,,0,0,31,0.11,,,,
Travell Harris,WR,WASHST,4.6,4.6,5.8,,,0,0,24,0.16,,,,
Jeshaun Jones,WR,MD,4.6,4.6,5.3,,,5,0.08,19,0.18,,,,
Drew Sample,TE,WASH,4.6,4.6,5.7,,,0,0,26,0.16,,,,
Jerome Washington,TE,RUT,4.6,4.6,5.7,,,0,0,32,0.07,,,,
Eli Stove,WR,AUBURN,4.6,4.6,5.5,,,12,0.09,17,0.06,,,,
Zach Gentry,TE,MICH,4.6,4.6,5.6,,,0,0,29,0.11,,,,
Jamauri Wakefield,RB,VANDY,4.6,4.6,4.8,,,30,0.14,4,0.01,,,,
Michael Ezeike,WR,UCLA,4.5,4.5,5.2,,,0,0,14,0.41,,,,
Giovanni Ricci,WR,WMICH,4.5,4.5,5.8,,,0,0,25,0.14,,,,
Khalil Shakir,WR,BOISE,4.5,4.5,5.1,,,10,0.21,12,0.09,,,,
Evan Butts,TE,UVA,4.5,4.5,5.8,,,0,0,26,0.11,,,,
Isaih Pacheco,RB,RUT,4.5,4.5,4.7,,,34,0.11,3,0.01,,,,
C.J. Conrad,TE,UK,4.5,4.5,5.7,,,0,0,24,0.17,,,,
Zahneer Shuler,RB,NMEX,4.5,4.5,4.8,,,21,0.27,5,0.02,,,,
Terry Wright,WR,PURDUE,4.5,4.5,5.6,,,1,0,25,0.17,,,,
Stephon Huderson,RB,TULANE,4.5,4.5,4.7,,,30,0.11,6,0.02,,,,
Xzaviar Campbell,RB,UNLV,4.5,4.5,4.7,,,32,0.11,2,0.03,,,,
Brandon Smith,WR,IOWA,4.5,4.5,5.4,,,0,0,27,0.14,,,,
Michiah Quick,WR,FRESNO,4.5,4.5,5.9,,,0,0,23,0.12,,,,
Isaiah Sanders,QB,AF,4.5,4.5,4.5,69,0.55,1,0.01,0,0,,,,
Armand Shyne,RB,UTAH,4.4,4.4,4.7,,,30,0.2,1,0.01,,,,
Austin Watkins,WR,UAB,4.4,4.4,5.4,,,0,0,28,0.12,,,,
Raekwon James,RB,KENTST,4.4,4.4,5.6,,,9,0.06,20,0.02,,,,
Jay MacIntyre,WR,COLO,4.4,4.4,5.9,,,1,0,23,0.14,,,,
Travis Vokolek,TE,RUT,4.4,4.4,5.4,,,0,0,23,0.2,,,,
Lee Morris,WR,OKLA,4.4,4.4,4.9,,,0,0,21,0.3,,,,
Chris Autman-Bell,WR,MINN,4.4,4.4,5.3,,,0,0,30,0.09,,,,
Marcus McElroy,RB,COLOST,4.4,4.4,4.8,,,28,0.06,7,0.03,,,,
Jacob Breeland,TE,OREG,4.4,4.4,5.2,,,0,0,22,0.23,,,,
Nico Collins,WR,MICH,4.4,4.4,5.3,,,0,0,29,0.09,,,,
Cornelius McCoy,WR,GAST,4.4,4.4,5.7,,,0,0,32,0.08,,,,
Leroy Henley,WR,ECU,4.4,4.4,5.6,,,0,0,28,0.07,,,,
Mac Hippenhammer,WR,PSU,4.4,4.4,5.1,,,0,0,25,0.2,,,,
Tim Jordan,RB,TENN,4.4,4.4,5,,,22,0.2,7,0.04,,,,
Jakobi Meyers,WR,NCST,4.4,4.4,5.7,,,0,0,25,0.09,,,,
Antonio Nunn,WR,BUFF,4.4,4.4,5.3,,,0,0,22,0.22,,,,
Warren Redix,WR,UTEP,4.3,4.3,5.4,,,0,0,28,0.08,,,,
Cedric Peterson,WR,ARIZ,4.3,4.3,5.2,,,0,0,22,0.23,,,,
Markis McCray,WR,LAMON,4.3,4.3,5.3,,,8,0.01,22,0.08,,,,
Trey McBride,TE,COLOST,4.3,4.3,5,,,2,0.01,21,0.22,,,,
Darius Pinnix,RB,ECU,4.3,4.3,5,,,22,0.1,11,0.01,,,,
Marcelias Sutton,RB,OKLA,4.3,4.3,4.5,,,24,0.22,4,0.02,,,,
Justin Holmes,WR,SJST,4.3,4.3,5.4,,,0,0,27,0.08,,,,
Isaiah Smalls,TE,OREGST,4.3,4.3,5.4,,,0,0,25,0.12,,,,
Ricky Person,RB,NCST,4.3,4.3,4.9,,,39,0.11,3,0.01,,,,
Calen Holt,RB,ARMY,4.3,4.3,4.5,,,25,0.18,6,0.01,,,,
Tony Brown,WR,COLO,4.3,4.3,5.7,,,0,0,26,0.05,,,,
Mykel Traylor-Bennett,TE,AKRON,4.3,4.3,4.9,,,4,0.31,11,0.06,,,,
Tra Barnett,RB,GAST,4.3,4.3,5.1,,,17,0.18,8,0.05,,,,
Josh Hokit,RB,FRESNO,4.3,4.3,4.9,,,24,0.08,8,0.02,,,,
Rashad Medaris,WR,CINCY,4.3,4.3,5.2,,,0,0,21,0.21,,,,
David Bouvier,WR,UK,4.3,4.3,4.9,,,0,0,22,0.24,,,,
Jarrod Jackson,WR,LALAF,4.2,4.2,5.2,,,0,0,22,0.19,,,,
Brandon Aiyuk,WR,ARIZST,4.2,4.2,5.2,,,0,0,25,0.14,,,,
Akilian Butler,WR,BOISE,4.2,4.2,5.3,,,1,0,19,0.23,,,,
Hayden Kingston,QB,UCF,4.2,4.2,4.3,55,0.48,2,0.03,0,0,,,,
Dyami Brown,WR,UNC,4.2,4.2,5.1,,,0,0,18,0.26,,,,
Emeka Emezie,WR,NCST,4.2,4.2,5.4,,,0,0,23,0.16,,,,
Ty Fryfogle,WR,IND,4.2,4.2,5.5,,,0,0,25,0.09,,,,
CJ Williams,RB,NAVY,4.2,4.2,4.7,,,13,0.13,17,0.01,,,,
Hasaan Klugh,QB,CHARLO,4.2,4.2,4.2,63,0.48,1,0.01,0,0,,,,
Trenard Davis,WR,ILL,4.2,4.2,5.2,,,0,0,28,0.07,,,,
Andre Baccellia,WR,WASH,4.2,4.2,5.1,,,2,0,24,0.11,,,,
Sean Ryan,WR,TEMPLE,4.2,4.2,5,,,0,0,21,0.22,,,,
De'Michael Harris,WR,USM,4.2,4.2,4.8,,,10,0.01,22,0.07,,,,
Henry Pearson,TE,APLST,4.2,4.2,5,,,0,0,26,0.13,,,,
Scotty Washington,WR,WAKE,4.2,4.2,5.2,,,0,0,26,0.09,,,,
Jordan Myers,WR,RICE,4.2,4.2,4.8,,,9,0.06,18,0.09,,,,
Luke Mayock,WR,MIAOH,4.2,4.2,5.1,,,0,0,25,0.13,,,,
Kelvin Smith,TE,NTEXAS,4.2,4.2,5.5,,,0,0,25,0.16,,,,
T'Rod Daniels,RB,USM,4.2,4.2,4.5,,,16,0.34,4,0.02,,,,
Noah Gray,TE,DUKE,4.2,4.2,4.9,,,0,0,20,0.24,,,,
Tavion Thomas,RB,CINCY,4.1,4.1,4.4,,,26,0.2,2,0.01,,,,
D.J. Matthews,WR,FSU,4.1,4.1,5.4,,,0,0,23,0.13,,,,
Randle Jones,WR,TEMPLE,4.1,4.1,4.9,,,0,0,23,0.18,,,,
Derrick Dillon,WR,LSU,4.1,4.1,4.9,,,3,0.01,23,0.18,,,,
Cameron Cole,WR,CMICH,4.1,4.1,5,,,0,0,26,0.1,,,,
Christian Beal,RB,WAKE,4.1,4.1,4.3,,,31,0.09,3,0.01,,,,
Jonathan Giles,WR,LSU,4.1,4.1,5.1,,,0,0,23,0.16,,,,
UL Lafayette,DEF,LALAF,4.1,1.1,1.1,,,0,0,0,0,43.5,0.78,0.5,
Romello Harris,RB,FRESNO,4.1,4.1,4.4,,,21,0.2,5,0.02,,,,
Darion Anderson,WR,GAS,4.1,4.1,4.6,,,0,0,18,0.31,,,,
Jaxson Kincaide,RB,NEVADA,4.1,4.1,4.7,,,13,0.12,6,0.15,,,,
Johnathan Hawkins,RB,BUFF,4.1,4.1,4.8,,,18,0.07,11,0.04,,,,
Tyler Davis,WR,UCONN,4.1,4.1,5.1,,,0,0,20,0.19,,,,
Tyron Arnett,WR,WMICH,4.1,4.1,5,,,0,0,26,0.1,,,,
Romello Ross,RB,CMICH,4.1,4.1,4.4,,,26,0.19,1,0.02,,,,
Jack Stoll,TE,NEB,4.1,4.1,5.3,,,0,0,21,0.22,,,,
Jared Sparks,WR,PURDUE,4.1,4.1,5.2,,,3,0.01,21,0.08,,,,
Tykee Ogle-Kellogg,WR,TXSA,4.1,4.1,4.8,,,0,0,20,0.22,,,,
Raymond Calais,RB,LALAF,4.1,4.1,4.3,,,28,0.08,6,0.01,,,,
T. J. Bedford,WR,TXSTSM,4,4,5,,,0,0,26,0.08,,,,
Brandon Polk,WR,PSU,4,4,4.7,,,0,0,21,0.23,,,,
Garland LaFrance,RB,WKY,4,4,5.3,,,12,0.09,11,0.02,,,,
Jacqez Hairston,RB,CSTCAR,4,4,4.3,,,30,0.1,2,0.02,,,,
Justin Sawmiller,WR,BGREEN,4,4,4.6,,,0,0,21,0.23,,,,
Hale Hentges,TE,BAMA,4,4,4.5,,,0,0,13,0.36,,,,
Daniel George,WR,PSU,4,4,4.6,,,0,0,20,0.25,,,,
Lucious Stanley,RB,UAB,4,4,4.3,,,28,0.09,2,0.05,,,,
Robert Mahone,RB,BOISE,4,4,4.5,,,20,0.13,8,0.03,,,,
Camden Harrison,WR,ARMY,4,4,4.4,,,0,0,16,0.34,,,,
Keynan Foster,WR,UTEP,4,4,4.7,,,2,0,22,0.14,,,,
Antwan Dixon,WR,KENTST,4,4,5.1,,,0,0,21,0.12,,,,
Trae Wells,TE,NEVADA,4,4,5.1,,,0,0,19,0.16,,,,
Workpeh Kofa,WR,CHARLO,4,4,5.2,,,0,0,21,0.1,,,,
Mike Williams,WR,NEB,4,4,5,,,0,0,24,0.08,,,,
Jarrison Stewart,WR,TCU,3.9,3.9,5.1,,,1,0,22,0.08,,,,
Jordan Wayne-Prather,WR,BGREEN,3.9,3.9,5,,,0,0,22,0.1,,,,
Stephen Guidry,WR,MISSST,3.9,3.9,4.7,,,0,0,22,0.17,,,,
Greg Bell,RB,NEB,3.9,3.9,4.8,,,29,0.07,4,0.02,,,,
Geraud Sanders,WR,AF,3.9,3.9,4.6,,,0,0,26,0.12,,,,
Alex Bachman,WR,WAKE,3.9,3.9,4.7,,,0,0,18,0.23,,,,
Shameen Jones,WR,RUT,3.9,3.9,4.6,,,1,0,20,0.16,,,,
Alfred Smith,WR,LATECH,3.9,3.9,4.9,,,0,0,16,0.2,,,,
Mechane Slade,WR,MEMP,3.9,3.9,4.6,,,0,0,16,0.26,,,,
Eddie Lewis,WR,RUT,3.9,3.9,5,,,0,0,23,0.06,,,,
Demari Simpkins,WR,UTAH,3.8,3.8,4.6,,,0,0,21,0.17,,,,
Martell Irby,RB,UCLA,3.8,3.8,4.3,,,19,0.12,7,0.02,,,,
Willie Johnson,WR,MRSHL,3.8,3.8,4.9,,,0,0,22,0.14,,,,
Dorian Baker,WR,UK,3.8,3.8,4.6,,,0,0,23,0.14,,,,
Kade Waguespack,TE,AF,3.8,3.8,4.3,,,0,0,14,0.35,,,,
Elijah Moore,WR,MISS,3.8,3.8,4.8,,,0,0,20,0.15,,,,
Carl Tucker,TE,UNC,3.8,3.8,4.7,,,0,0,23,0.11,,,,
Josh Pederson,TE,LAMON,3.8,3.8,4.5,,,0,0,16,0.26,,,,
Brian Snead,RB,OHIOST,3.8,3.8,4.1,,,13,0.26,5,0.03,,,,
Kumehnnu Gwilly,RB,CMICH,3.8,3.8,4.4,,,19,0.22,5,0.02,,,,
Cole Herdman,TE,PURDUE,3.8,3.8,4.7,,,0,0,23,0.09,,,,
Gino Appleberry Jr.,RB,WKY,3.8,3.8,4.1,,,8,0.35,6,0.02,,,,
Chris Sharp,RB,UVA,3.8,3.8,4.5,,,6,0.04,12,0.24,,,,
Stanley Berryhill III,WR,ARIZ,3.8,3.8,4.4,,,0,0,21,0.18,,,,
Jay Griffin IV,WR,NMEX,3.8,3.8,4.8,,,4,0.04,20,0.11,,,,
Bryce Wolma,TE,ARIZ,3.7,3.7,4.7,,,0,0,19,0.15,,,,
Alex James,RB,CSTCAR,3.7,3.7,4.3,,,17,0.1,4,0.23,,,,
Jordan Wilson,TE,UCLA,3.7,3.7,4.4,,,0,0,15,0.26,,,,
Jerome Ford,RB,BAMA,3.7,3.7,4,,,19,0.18,5,0.03,,,,
Chase Brown,RB,WMICH,3.7,3.7,4.3,,,29,0.09,4,0.02,,,,
Kolby Taylor,WR,OREGST,3.7,3.7,4.7,,,0,0,24,0.07,,,,
Breck Turner,RB,EMICH,3.7,3.7,4.2,,,14,0.19,8,0.02,,,,
Obe Fortune,WR,GAS,3.7,3.7,4.5,,,0,0,20,0.18,,,,
Christian Pabico,WR,UCLA,3.7,3.7,4.5,,,2,0,22,0.11,,,,
Jonathan Holland,TE,PSU,3.7,3.7,4.8,,,0,0,29,0.1,,,,
Kayin White,RB,LAMON,3.7,3.7,4.3,,,17,0.26,4,0.02,,,,
Jauan Jennings,WR,TENN,3.7,3.7,4.7,,,0,0,20,0.12,,,,
Rico Frye,RB,BGREEN,3.7,3.7,4,,,26,0.05,5,0.02,,,,
T.J. Hammonds,WR,ARK,3.7,3.7,4,,,17,0.03,9,0.11,,,,
Peyton Hendershot,TE,IND,3.7,3.7,4.8,,,0,0,16,0.17,,,,
Judah Bell,WR,SMU,3.7,3.7,4.5,,,0,0,22,0.11,,,,
Amari Rodgers,WR,CLEM,3.7,3.7,5,,,0,0,23,0.08,,,,
Taylor Jackson,WR,NAVY,3.7,3.7,4.3,,,0,0,21,0.17,,,,
Taj Mustapha,WR,WISC,3.7,3.7,4.4,,,0,0,10,0.33,,,,
Chris Taylor,WR,DUKE,3.7,3.7,4.7,,,0,0,22,0.08,,,,
Tyler Page,WR,SMU,3.7,3.7,4.3,,,0,0,25,0.1,,,,
Jared Cornelius,WR,ARK,3.7,3.7,4.3,,,2,0.04,18,0.11,,,,
Walter Dawn,RB,UTEP,3.7,3.7,4.3,,,10,0.06,15,0.05,,,,
Deron Thompson,RB,KANSAS,3.6,3.6,4,,,24,0.12,3,0.02,,,,
Hussein Howe,RB,ECU,3.6,3.6,4.4,,,19,0.06,8,0.01,,,,
Jordan Nathan,WR,UTAHST,3.6,3.6,4.7,,,1,0,21,0.16,,,,
Isaiah Floyd,RB,ARIZST,3.6,3.6,4,,,19,0.13,6,0.02,,,,
Matt Dotson,TE,MICHST,3.6,3.6,4.4,,,0,0,17,0.19,,,,
Josh Falo,TE,USC,3.6,3.6,4.9,,,0,0,23,0.21,,,,
Maurice Thomas,RB,MIAOH,3.6,3.6,4.3,,,20,0.06,7,0.01,,,,
Thomas Jackson,WR,UNC,3.6,3.6,4.4,,,0,0,18,0.17,,,,
Terrance Dixon,WR,GAST,3.6,3.6,4.3,,,0,0,27,0.05,,,,
Tommy Hudson,TE,ARIZST,3.6,3.6,4.8,,,0,0,16,0.14,,,,
Laress Nelson,WR,MICHST,3.6,3.6,4.6,,,0,0,22,0.06,,,,
Tre Walker,WR,SJST,3.6,3.6,4.7,,,0,0,26,0.03,,,,
Jaylen Dixon,WR,UTAH,3.6,3.6,4.3,,,0,0,25,0.06,,,,
Brandon Childress,WR,CMICH,3.6,3.6,4.7,,,0,0,26,0.1,,,,
Osirus Mitchell,WR,MISSST,3.6,3.6,4.5,,,0,0,23,0.07,,,,
Andrew Homer,TE,MIAOH,3.6,3.6,4.3,,,0,0,17,0.2,,,,
DeAndre Thompkins,WR,PSU,3.6,3.6,4.2,,,0,0,22,0.13,,,,
Richaud Floyd,WR,MIZZOU,3.6,3.6,4.4,,,0,0,23,0.16,,,,
Nate Craig-Myers,WR,AUBURN,3.6,3.6,4.1,,,0,0,20,0.17,,,,
Westin Elliott,QB,LATECH,3.6,3.6,3.7,45,0.39,3,0.04,0,0,,,,
Jack Freudenthal,TE,WAKE,3.6,3.6,4.3,,,0,0,18,0.16,,,,
Reggie Gilliam,TE,TOLEDO,3.5,3.5,4.4,,,0,0,14,0.22,,,,
Demarcus Felton,RB,TXTECH,3.5,3.5,3.9,,,17,0.18,4,0.03,,,,
Ronnie Clark,TE,BAMA,3.5,3.5,3.9,,,11,0.04,11,0.11,,,,
Javonte Williams,RB,UNC,3.5,3.5,4.4,,,11,0.07,11,0.02,,,,
Bryson Denley,RB,BGREEN,3.5,3.5,4,,,18,0.07,8,0.02,,,,
Bubba Ogbebor,WR,ARKST,3.5,3.5,4.3,,,0,0,21,0.1,,,,
Mark Quattlebaum,WR,CHARLO,3.5,3.5,4.5,,,0,0,19,0.15,,,,
J-Shun Harris II,WR,IND,3.5,3.5,4.7,,,0,0,18,0.1,,,,
Zachari Jackson,WR,LAMON,3.5,3.5,4,,,0,0,18,0.2,,,,
Antonio Gibson,WR,MEMP,3.5,3.5,4,,,0,0,12,0.29,,,,
Colby Ransom,WR,GAS,3.5,3.5,4,,,0,0,17,0.22,,,,
Jabril Clewis,WR,TULANE,3.5,3.5,4.3,,,0,0,21,0.09,,,,
Kyle Riddering,TE,FRESNO,3.5,3.5,4.2,,,0,0,13,0.24,,,,
Jaelan Austin,WR,TCU,3.5,3.5,4.3,,,0,0,19,0.14,,,,
Stephen Louis,WR,NCST,3.5,3.5,4.3,,,1,0,23,0.04,,,,
Ronnie Walker Jr.,RB,IND,3.5,3.5,3.8,,,22,0.12,3,0.01,,,,
Earnest Patterson,WR,LALAF,3.5,3.5,4.2,,,0,0,22,0.08,,,,
Anselem Umeh,WR,NMEX,3.5,3.5,4.1,,,0,0,22,0.12,,,,
Nahshon Ellerbe,RB,RICE,3.4,3.4,3.7,,,19,0.2,3,0.01,,,,
Isaiah Woullard,RB,MISS,3.4,3.4,4,,,12,0.14,8,0.03,,,,
Austin Conway,WR,WYO,3.4,3.4,4.5,,,4,0.03,15,0.1,,,,
Trevon Sands,RB,SFLA,3.4,3.4,3.8,,,15,0.23,4,0.03,,,,
Christian Mallard,RB,AF,3.4,3.4,3.6,,,23,0.15,2,0.01,,,,
Sam Mays,WR,ILL,3.4,3.4,4.3,,,0,0,22,0.06,,,,
Landon Board,RB,MTSU,3.4,3.4,3.7,,,22,0.07,5,0.02,,,,
Zak Simon,WR,MA,3.4,3.4,4.1,,,0,0,22,0.09,,,,
Gerald Hearns,RB,FAU,3.4,3.4,3.6,,,21,0.12,4,0.02,,,,
Jaylin Nelson,RB,TXSTSM,3.4,3.4,3.7,,,23,0.11,4,0.02,,,,
Sihiem King,RB,UK,3.4,3.4,3.8,,,21,0.1,4,0.01,,,,
Terelle West,RB,MTSU,3.4,3.4,3.8,,,18,0.12,5,0.02,,,,
Kyle Horn,TE,MA,3.4,3.4,4.2,,,0,0,14,0.2,,,,
Trey Harrell,WR,KENTST,3.4,3.4,4.3,,,3,0,18,0.06,,,,
Daniel Barker,TE,ILL,3.4,3.4,4.5,,,0,0,19,0.08,,,,
Freddie Johnson,WR,TEMPLE,3.4,3.4,3.9,,,0,0,18,0.16,,,,
Isaiah Bowser,RB,NWEST,3.4,3.4,3.6,,,11,0.25,4,0.02,,,,
Chris Pierce,WR,VANDY,3.4,3.4,4.4,,,0,0,18,0.16,,,,
Tavin Richardson,WR,UK,3.3,3.3,4.1,,,0,0,21,0.07,,,,
Derrion Grim,WR,FRESNO,3.3,3.3,3.9,,,0,0,18,0.16,,,,
Kyle Schrank,TE,BALLST,3.3,3.3,4.1,,,0,0,17,0.15,,,,
Blake Wright,RB,NEVADA,3.3,3.3,3.6,,,16,0.19,3,0.02,,,,
Cole Neph,TE,TULSA,3.3,3.3,4.1,,,0,0,18,0.13,,,,
Stephen Sullivan,WR,LSU,3.3,3.3,4.1,,,3,0.02,18,0.06,,,,
Tru Wilson,RB,MICH,3.3,3.3,3.7,,,19,0.11,4,0.01,,,,
Zac Lefebvre,TE,BUFF,3.3,3.3,4.2,,,0,0,19,0.09,,,,
Thayer Thomas,WR,NCST,3.3,3.3,4.6,,,1,0,22,0.07,,,,
Rashod Berry,TE,OHIOST,3.3,3.3,3.9,,,0,0,13,0.26,,,,
Charles Lamar,WR,BGREEN,3.3,3.3,3.8,,,10,0.03,11,0.08,,,,
Connor Wedington,WR,STNFRD,3.3,3.3,4.2,,,1,0,16,0.09,,,,
Ja'Marr Chase,WR,LSU,3.3,3.3,3.9,,,0,0,17,0.17,,,,
Grant Calcaterra,TE,OKLA,3.3,3.3,4.2,,,0,0,22,0.17,,,,
Nolan Givan,TE,BALLST,3.3,3.3,4.3,,,0,0,14,0.16,,,,
Tyree Mayfield,TE,WYO,3.3,3.3,4.2,,,0,0,18,0.09,,,,
Will Matthews,RB,KENTST,3.3,3.3,3.7,,,18,0.06,8,0.01,,,,
Rashaad Boddie,RB,COLOST,3.3,3.3,3.5,,,16,0.18,4,0.02,,,,
Milan Richard,TE,CLEM,3.2,3.2,4.1,,,0,0,18,0.1,,,,
Trevon Sidney,WR,USC,3.2,3.2,4,,,0,0,23,0.04,,,,
Tristan Payton,WR,UCF,3.2,3.2,4,,,0,0,16,0.14,,,,
Mychal Cooper,WR,NAVY,3.2,3.2,3.6,,,0,0,16,0.21,,,,
Dylan Thomas,WR,COLO,3.2,3.2,4.1,,,0,0,21,0.03,,,,
Gabe Horan,TE,CUSE,3.2,3.2,3.9,,,0,0,11,0.24,,,,
Nick Orekoya,RB,MA,3.2,3.2,3.5,,,10,0.19,7,0.03,,,,
Javonte Woodard,WR,LATECH,3.2,3.2,3.8,,,0,0,20,0.1,,,,
Grant Perry,WR,MICH,3.2,3.2,4.2,,,0,0,17,0.09,,,,
Daniel Helm,TE,DUKE,3.2,3.2,4.1,,,0,0,16,0.13,,,,
Bernhard Raimann,TE,CMICH,3.2,3.2,4,,,0,0,15,0.15,,,,
Jacob Huesman,QB,APLST,3.2,3.2,3.3,39,0.41,2,0.02,0,0,,,,
Nate Wieting,TE,IOWA,3.2,3.2,3.8,,,0,0,21,0.08,,,,
Chris James,RB,WISC,3.2,3.2,3.4,,,20,0.11,3,0.02,,,,
Kyle Evans,RB,COLO,3.2,3.2,3.6,,,17,0.07,8,0.01,,,,
Asa Martin,RB,AUBURN,3.2,3.2,3.6,,,9,0.07,14,0.02,,,,
Journey Brown,RB,PSU,3.2,3.2,3.4,,,12,0.22,4,0.02,,,,
Tyrick James,TE,TULANE,3.2,3.2,4,,,0,0,19,0.09,,,,
Anthony Watley,TE,ECU,3.2,3.2,4.2,,,0,0,14,0.12,,,,
Emari Demercado,RB,TCU,3.2,3.2,3.5,,,17,0.1,5,0.03,,,,
Terrell Chatman,WR,ARIZST,3.2,3.2,3.9,,,0,0,14,0.18,,,,
Jeremiah Haydel,WR,TXSTSM,3.2,3.2,3.7,,,-1,0,17,0.18,,,,
Tanner Cowley,TE,UVA,3.2,3.2,4,,,0,0,21,0.05,,,,
Saevion Johnson,RB,FRESNO,3.1,3.1,3.4,,,10,0.22,5,0.02,,,,
Tylan Knight,RB,MISS,3.1,3.1,3.5,,,19,0.05,6,0.03,,,,
Perry Carter,WR,LAMON,3.1,3.1,3.8,,,0,0,21,0.06,,,,
TreVontae Hights,WR,TCU,3.1,3.1,3.7,,,0,0,17,0.15,,,,
Johnathan Thomas,RB,PSU,3.1,3.1,3.3,,,13,0.19,4,0.02,,,,
Davon Tucker,RB,WMICH,3.1,3.1,3.3,,,18,0.13,3,0.02,,,,
Jamil Sabbagh,WR,CMICH,3.1,3.1,3.6,,,1,0,14,0.2,,,,
John Samuel Shenker,TE,AUBURN,3.1,3.1,3.9,,,0,0,18,0.1,,,,
Kevrin Justice,RB,HOU,3.1,3.1,3.4,,,17,0.1,6,0.03,,,,
Tavares Kelly,WR,UVA,3.1,3.1,4.2,,,1,0,28,0.05,,,,
Sean McKeon,TE,MICH,3.1,3.1,3.9,,,0,0,15,0.14,,,,
Brett Kean,QB,SFLA,3.1,3.1,3.2,41,0.38,0,0.02,0,0,,,,
Hunter Thedford,TE,SMU,3.1,3.1,4.1,,,0,0,13,0.14,,,,
SaRodorick Thompson,RB,TXTECH,3.1,3.1,3.4,,,13,0.12,6,0.03,,,,
Bryce Kemp,TE,EMICH,3.1,3.1,3.6,,,0,0,18,0.13,,,,
Dalton Rigdon,WR,TXTECH,3.1,3.1,3.8,,,0,0,18,0.09,,,,
Keegan Brewer,WR,NTEXAS,3.1,3.1,3.9,,,0,0,19,0.06,,,,
DeVaughn Cooper,WR,ARIZ,3.1,3.1,3.9,,,0,0,19,0.06,,,,
Jayshon Jackson,WR,CINCY,3,3,4,,,0,0,13,0.14,,,,
Mykel Jones,WR,OKLA,3,3,3.6,,,0,0,20,0.08,,,,
Terrell Green,WR,ECU,3,3,3.8,,,0,0,19,0.05,,,,
Derek Kief,WR,BAMA,3,3,3.6,,,0,0,13,0.2,,,,
Shaun Shivers,RB,AUBURN,3,3,3.3,,,13,0.18,4,0.02,,,,
Drake Harris,WR,MICH,3,3,3.9,,,0,0,15,0.1,,,,
Jeremiah Hawkins,WR,CAL,3,3,3.6,,,4,0,16,0.08,,,,
Jeremy Patton,TE,ARK,3,3,3.6,,,0,0,19,0.08,,,,
Jeremy Singleton,WR,HOU,3,3,3.9,,,0,0,17,0.08,,,,
Charles Jones II,TE,TULANE,3,3,4.1,,,0,0,11,0.15,,,,
Sam Pinckney,WR,GAST,3,3,3.6,,,0,0,22,0.04,,,,
Marquez Trigg,RB,WKY,3,3,3.3,,,18,0.1,4,0.02,,,,
Trevion Armstrong,WR,NEVADA,3,3,3.6,,,0,0,11,0.21,,,,
Chico McClatcher,WR,WASH,3,3,3.8,,,4,0.02,18,0.07,,,,
Jordan Jones,WR,ARK,3,3,3.5,,,3,0,15,0.1,,,,
Calvin Camp,WR,CHARLO,3,3,3.5,,,19,0.05,6,0.04,,,,
Larry Collins Jr.,WR,CSTCAR,3,3,3.6,,,0,0,17,0.1,,,,
Jevon Bigelow,RB,WYO,3,3,4.1,,,27,0.3,2,0.01,,,,
Jaylon Bester,WR,MIAOH,3,3,3.5,,,11,0.06,7,0.05,,,,
Nate Becker,TE,MIAOH,3,3,3.6,,,0,0,20,0.05,,,,
Marquez Callaway,WR,TENN,3,3,4.1,,,0,0,23,0.05,,,,
Chris Myarick,TE,TEMPLE,3,3,3.7,,,0,0,16,0.1,,,,
Beau Corrales,WR,UNC,2.9,2.9,3.5,,,0,0,15,0.16,,,,
Malik Murray,WR,GAS,2.9,2.9,3.4,,,1,0,19,0.08,,,,
Dymond Lee,WR,UCLA,2.9,2.9,3.7,,,0,0,14,0.12,,,,
Artice Hobbs IV,RB,ARMY,2.9,2.9,3.1,,,16,0.12,5,0.01,,,,
Josh Crawford,RB,VANDY,2.9,2.9,3.3,,,8,0.2,6,0.01,,,,
Kirk Johnson Jr.,WR,TXSA,2.9,2.9,4.1,,,0,0,17,0.08,,,,
Osiris St. Brown,WR,STNFRD,2.9,2.9,3.5,,,0,0,20,0.06,,,,
R.J. Tyler,TE,CHARLO,2.9,2.9,3.6,,,0,0,11,0.18,,,,
David Lucero,TE,UTEP,2.9,2.9,3.7,,,0,0,13,0.15,,,,
Jelani Roberts,WR,NWEST,2.9,2.9,3.5,,,7,0.12,7,0.06,,,,
Mike Majette,RB,IND,2.9,2.9,3.8,,,6,0.04,8,0.08,,,,
Keyion Dixon,WR,UCONN,2.9,2.9,3.5,,,1,0,15,0.11,,,,
Kailon Carter,WR,UAB,2.9,2.9,3.4,,,2,0,18,0.06,,,,
Drayton Law,WR,CMICH,2.9,2.9,3.5,,,0,0,19,0.06,,,,
T.J. Pledger,RB,OKLA,2.9,2.9,3.1,,,17,0.08,4,0.02,,,,
Rontavius Groves,WR,UNC,2.9,2.9,3.4,,,0,0,21,0.04,,,,
Ramaud Chiaokhiao-Bowman,WR,NWEST,2.9,2.9,3.9,,,0,0,17,0.06,,,,
Quan Hampton,WR,KANSAS,2.8,2.8,3.7,,,1,0,15,0.06,,,,
Markice Hurt Jr.,RB,BALLST,2.8,2.8,3.1,,,20,0.06,3,0.01,,,,
Tre Walker,RB,NAVY,2.8,2.8,3.1,,,13,0.08,3,0.17,,,,
Brandon Sowards,WR,MICHST,2.8,2.8,3.5,,,0,0,19,0.05,,,,
Tariq Woolen,WR,TXSA,2.8,2.8,3.5,,,0,0,19,0.05,,,,
Amir Rasul,RB,FSU,2.8,2.8,3.1,,,12,0.24,0,0.02,,,,
Velus Jones Jr.,WR,USC,2.8,2.8,3.5,,,1,0,18,0.04,,,,
John Okwoli,WR,WYO,2.8,2.8,3.5,,,0,0,14,0.13,,,,
Brodrick Yancy,WR,TEMPLE,2.8,2.8,3.5,,,0,0,20,0.04,,,,
Deltron Sands,RB,AKRON,2.8,2.8,3.2,,,21,0.12,1,0.02,,,,
Cudjoe Young,WR,NTEXAS,2.8,2.8,3.5,,,0,0,18,0.06,,,,
Ray Hudson,TE,CAL,2.8,2.8,3.3,,,0,0,13,0.16,,,,
Brendan Harmon,WR,RICE,2.8,2.8,3.5,,,0,0,11,0.16,,,,
Jahrvis Davenport,WR,MD,2.8,2.8,3.6,,,0,0,16,0.09,,,,
Myles Tease,WR,OKLA,2.8,2.8,3.3,,,0,0,13,0.17,,,,
Ceejhay French-Love,TE,ARIZST,2.8,2.8,3.5,,,0,0,17,0.07,,,,
Calvin Jackson Jr.,WR,WASHST,2.8,2.8,3.6,,,0,0,13,0.1,,,,
Tyler Petite,TE,USC,2.8,2.8,3.4,,,0,0,15,0.12,,,,
Diondre Overton,WR,CLEM,2.7,2.7,3.4,,,0,0,11,0.17,,,,
D'Marius Gillespie,WR,LAMON,2.7,2.7,3.3,,,0,0,17,0.09,,,,
Foster Moreau,TE,LSU,2.7,2.7,3.4,,,0,0,16,0.09,,,,
Patrick Reed,WR,NMEX,2.7,2.7,3.1,,,2,0.01,13,0.15,,,,
Logan Hessbrook,TE,CMICH,2.7,2.7,3.3,,,0,0,16,0.09,,,,
Tre'shaun Harrison,WR,FSU,2.7,2.7,3.4,,,3,0,13,0.07,,,,
Thomas Geddis,WR,CINCY,2.7,2.7,3.6,,,0,0,16,0.05,,,,
Phillip Howard,WR,MINN,2.7,2.7,3.5,,,1,0,14,0.08,,,,
Davion Johnson,RB,MIAOH,2.7,2.7,3,,,19,0.08,2,0.01,,,,
Giovanni Fauolo,TE,UNLV,2.7,2.7,3.6,,,0,0,8,0.16,,,,
Sal Cannella,TE,AUBURN,2.7,2.7,3.3,,,0,0,10,0.19,,,,
Christian Hosley,RB,NTEXAS,2.7,2.7,3,,,7,0.1,11,0.02,,,,
A.D. Miller,WR,OKLA,2.7,2.7,3.4,,,0,0,12,0.22,,,,
Kenny Yeboah,TE,TEMPLE,2.7,2.7,3.3,,,0,0,14,0.11,,,,
Drake Stoops,WR,OKLA,2.7,2.7,3.4,,,0,0,14,0.1,,,,
Daiyan Henley,WR,NEVADA,2.7,2.7,3.3,,,0,0,16,0.14,,,,
Xazavian Valladay,RB,WYO,2.7,2.7,2.8,,,20,0.06,2,0.01,,,,
Willie Parker,RB,EMICH,2.7,2.7,2.9,,,12,0.14,4,0.02,,,,
Davis Koppenhaver,TE,DUKE,2.7,2.7,3.3,,,0,0,9,0.2,,,,
Keion White,TE,ODU,2.6,2.6,3.3,,,0,0,17,0.05,,,,
Jalen Hurts,QB,BAMA,2.6,2.6,3,27,0.29,7,0.06,0,0,,,,
Ryan Jenkins,WR,ARIZST,2.6,2.6,3.4,,,0,0,15,0.06,,,,
Amare Jones,RB,TULANE,2.6,2.6,2.9,,,12,0.11,5,0.02,,,,
Kyle Philips,WR,UCLA,2.6,2.6,3.4,,,0,0,11,0.12,,,,
Nick Basquine,WR,OKLA,2.6,2.6,3.2,,,0,0,15,0.08,,,,
Eltoro Allen,RB,UTAHST,2.6,2.6,3.1,,,12,0.12,6,0.02,,,,
Devan Stubblefield,WR,HAWAII,2.6,2.6,3.1,,,0,0,16,0.08,,,,
Roger Carter,TE,GAST,2.6,2.6,3.1,,,0,0,13,0.14,,,,
Sandon McCoy,RB,ARMY,2.6,2.6,2.7,,,17,0.12,1,0.01,,,,
Josh Palmer,WR,TENN,2.6,2.6,3.2,,,1,0,15,0.06,,,,
Marcus Williams,TE,NMEX,2.6,2.6,3.2,,,0,0,12,0.14,,,,
Sam Dobbs,TE,VANDY,2.6,2.6,3.4,,,1,0,15,0.04,,,,
Darveon Brown,WR,ARKST,2.6,2.6,3.2,,,1,0,12,0.1,,,,
Carmoni Green,WR,ILL,2.5,2.5,3.8,,,-1,0,19,0.07,,,,
Deon Stewart,WR,ARK,2.5,2.5,3.2,,,0,0,17,0.07,,,,
Bruno Labelle,TE,CINCY,2.5,2.5,3.6,,,0,0,12,0.06,,,,
Greg White,WR,NTEXAS,2.5,2.5,3.1,,,0,0,17,0.06,,,,
Ra'Von Bonner,RB,ILL,2.5,2.5,2.7,,,17,0.11,1,0.01,,,,
Jackson Anthrop,WR,PURDUE,2.5,2.5,3.3,,,0,0.02,12,0.08,,,,
Justin Allen,WR,FRESNO,2.5,2.5,3.3,,,0,0,14,0.06,,,,
Kyric McGowan,WR,NWEST,2.5,2.5,3,,,3,0,11,0.1,,,,
Deangelo Antoine,WR,SFLA,2.5,2.5,3.5,,,1,0,16,0.1,,,,
C.J. Sanders,WR,SMU,2.5,2.5,3.2,,,1,0,15,0.11,,,,
Emmanuel Harris,WR,NMEX,2.5,2.5,3,,,2,0,12,0.12,,,,
Tario Fuller,RB,PURDUE,2.5,2.5,3.1,,,9,0.04,8,0.02,,,,
Julian Ross,RB,OHIO,2.5,2.5,2.8,,,13,0.12,2,0.03,,,,
Christian Owens,WR,GAST,2.5,2.5,3,,,0,0,12,0.14,,,,
Brett Borske,TE,WMICH,2.5,2.5,2.9,,,0,0,12,0.16,,,,
Thai Cottrell,WR,SJST,2.5,2.5,3.4,,,1,0.01,12,0.05,,,,
Sean McGrew,RB,WASH,2.5,2.5,2.8,,,12,0.08,6,0.02,,,,
Kano Dillon,TE,OREG,2.5,2.5,3,,,0,0,11,0.16,,,,
Cam Brown,TE,GAS,2.5,2.5,3.1,,,0,0,7,0.22,,,,
Jaetavian Toles,WR,TULANE,2.5,2.5,3.2,,,0,0,14,0.08,,,,
Josh Fields,RB,UTEP,2.5,2.5,3,,,15,0.04,3,0.02,,,,
Cee Jay Powell,WR,LATECH,2.5,2.5,3.3,,,0,0,12,0.1,,,,
James Prather,TE,NWEST,2.5,2.5,3.3,,,0,0,14,0.06,,,,
Cary Angeline,TE,NCST,2.5,2.5,3.2,,,0,0,14,0.05,,,,
Christopher Brown Jr.,RB,CAL,2.5,2.5,2.8,,,13,0.08,4,0.02,,,,
Beau Bisharat,RB,COLO,2.5,2.5,2.8,,,10,0.04,3,0.12,,,,
Terry Juniel,WR,UTEP,2.4,2.4,3.2,,,0,0,17,0.07,,,,
Brady Bodine,RB,NCST,2.4,2.4,2.7,,,11,0.14,3,0.01,,,,
Mark Salazar,QB,SDGST,2.4,2.4,2.6,32,0.32,1,0.02,0,0,,,,
Daevon Vigilant,RB,NMEX,2.4,2.4,2.7,,,16,0.06,3,0.02,,,,
Ryan Bay,TE,OREG,2.4,2.4,3.2,,,0,0,13,0.07,,,,
Donaven Tennyson,WR,VANDY,2.4,2.4,3.1,,,2,0,17,0.04,,,,
Dejonte O'Neal,RB,FRESNO,2.4,2.4,2.9,,,10,0.07,5,0.02,,,,
Isaiah Likely,TE,CSTCAR,2.4,2.4,2.7,,,0,0,12,0.16,,,,
Ko Kieft,TE,MINN,2.4,2.4,2.9,,,0,0,14,0.09,,,,
Riley Lees,WR,NWEST,2.4,2.4,3,,,1,0,12,0.08,,,,
Matt LaRoche,RB,GAS,2.4,2.4,2.5,,,15,0.1,2,0.01,,,,
Nikko Hall,WR,COLOST,2.4,2.4,2.9,,,3,0,12,0.06,,,,
Terrace Marshall Jr.,WR,LSU,2.4,2.4,2.8,,,0,0,17,0.03,,,,
Brenden Schooler,WR,OREG,2.4,2.4,2.8,,,0,0,12,0.12,,,,
Octavius Evans,WR,BOISE,2.4,2.4,3.3,,,0,0,12,0.17,,,,
JaQuan Blackwell,WR,SJST,2.4,2.4,3.1,,,0,0,14,0.03,,,,
Jahcour Pearson,WR,WKY,2.4,2.4,2.9,,,1,0.01,12,0.1,,,,
Donta Anthony Jr.,TE,ODU,2.3,2.3,3,,,0,0,15,0.05,,,,
Christian Turner,RB,MICH,2.3,2.3,2.5,,,14,0.08,3,0.01,,,,
Jamal Turner,TE,TOLEDO,2.3,2.3,2.9,,,0,0,13,0.09,,,,
Brant Kuithe,TE,UTAH,2.3,2.3,3,,,0,0,11,0.1,,,,
Stanley Clerveaux,WR,SFLA,2.3,2.3,2.8,,,0,0,11,0.12,,,,
DJ Nelson,WR,UTAHST,2.3,2.3,2.9,,,2,0.06,9,0.05,,,,
Ruben Garnett,WR,MTSU,2.3,2.3,3,,,2,0.01,12,0.07,,,,
Miles Reed,RB,HAWAII,2.3,2.3,2.6,,,12,0.06,5,0.03,,,,
Isaiah King,WR,BUFF,2.3,2.3,2.7,,,2,0.01,12,0.08,,,,
Jordan Wright,RB,LALAF,2.3,2.3,2.5,,,14,0.06,3,0.02,,,,
Chris Phillips,TE,CHARLO,2.3,2.3,2.8,,,0,0,10,0.14,,,,
Nick Eubanks,TE,MICH,2.3,2.3,2.8,,,0,0,16,0.04,,,,
Griffin Hammer,TE,COLOST,2.3,2.3,3,,,0,0,13,0.06,,,,
Keshaun McGaugh,RB,CHARLO,2.3,2.3,2.5,,,5,0.22,3,0.01,,,,
Ryan Newsome,WR,ARIZST,2.3,2.3,3.1,,,-1,0,20,0.06,,,,
Tre'Shon Wolf,WR,UTEP,2.3,2.3,3,,,0,0,14,0.03,,,,
Kavika Johnson,WR,UTEP,2.3,2.3,2.8,,,3,0.02,11,0.05,,,,
Eric Swinney,RB,MISS,2.2,2.2,2.8,,,11,0.05,2,0.03,,,,
Desmond Phillips,WR,TOLEDO,2.2,2.2,2.8,,,0,0,12,0.09,,,,
Major Tennison,TE,BAMA,2.2,2.2,2.7,,,0,0,11,0.1,,,,
Dom Williams,RB,KANSAS,2.2,2.2,2.6,,,14,0.06,3,0.02,,,,
Ronnie Bell,WR,MICH,2.2,2.2,2.6,,,0,0,11,0.13,,,,
Timothy Taylor,RB,MEMP,2.2,2.2,2.5,,,9,0.09,5,0.02,,,,
Madre London,RB,TENN,2.2,2.2,2.4,,,14,0.1,2,0.01,,,,
Deddrick Thomas,WR,MISSST,2.2,2.2,2.7,,,0,0,12,0.08,,,,
Charlie Fessler,WR,NWEST,2.2,2.2,2.7,,,0,0,13,0.06,,,,
Jaylon Robinson,WR,OKLA,2.2,2.2,2.7,,,0,0,12,0.08,,,,
Kurt Rafdal,TE,NEB,2.2,2.2,2.7,,,0,0,14,0.06,,,,
Markenzy Pierre,RB,CUSE,2.2,2.2,2.5,,,11,0.09,4,0.02,,,,
Keith Mixon,WR,MISSST,2.2,2.2,2.7,,,2,0.01,12,0.1,,,,
Isaac Holder,WR,EMICH,2.2,2.2,2.8,,,0,0,12,0.06,,,,
Austin Cantrell,TE,ARK,2.2,2.2,2.7,,,1,0.04,10,0.06,,,,
Jonathan Ifedi,WR,GAST,2.1,2.1,2.8,,,0,0,12,0.04,,,,
Jonathan Hodoh,WR,LAMON,2.1,2.1,2.8,,,0,0,10,0.09,,,,
Aston Walter,WR,RICE,2.1,2.1,2.4,,,10,0.02,6,0.03,,,,
Christian Hayes,WR,ARMY,2.1,2.1,2.4,,,0,0,11,0.14,,,,
Kade Warner,WR,NEB,2.1,2.1,2.8,,,0,0,11,0.06,,,,
Danzel McKinley-Lewis,WR,TOLEDO,2.1,2.1,2.9,,,0,0,14,0.1,,,,
Kamari Pleasant,RB,WASH,2.1,2.1,2.4,,,12,0.08,3,0.02,,,,
Scott Bracey,WR,DUKE,2.1,2.1,2.8,,,0,0,10,0.06,,,,
Julon Williams,WR,HOU,2.1,2.1,2.8,,,0,0,10,0.08,,,,
Brandon Johnson,WR,TENN,2.1,2.1,2.8,,,0,0,12,0.03,,,,
Carson Terrell,TE,UTAHST,2.1,2.1,2.6,,,0,0,13,0.05,,,,
Weston Bridges,RB,MICHST,2.1,2.1,2.3,,,11,0.09,3,0.01,,,,
Oliver Martin,WR,MICH,2.1,2.1,2.6,,,0,0,13,0.05,,,,
Trelon Smith,RB,ARIZST,2.1,2.1,3.5,,,10,0.07,9,0.02,,,,
Conor Brumfield,TE,KENTST,2.1,2.1,2.7,,,0,0,10,0.08,,,,
TJ Green,RB,UTAH,2.1,2.1,2.3,,,12,0.07,3,0.01,,,,
Matt Barnes,TE,LALAF,2.1,2.1,2.8,,,0,0,11,0.04,,,,
Farrod Green,TE,MISSST,2,2,2.6,,,0,0,12,0.06,,,,
Neil McLaurin,WR,USM,2,2,2.5,,,0,0,12,0.07,,,,
Brenden Fulton,WR,COLOST,2,2,2.5,,,0,0,12,0.06,,,,
Brayden Lenius,WR,WASH,2,2,2.5,,,0,0,11,0.06,,,,
Shea Holebrook Jr.,WR,NMEXST,2,2,2.6,,,0,0,10,0.07,,,,
Danny Dalton,TE,PSU,2,2,2.6,,,0,0,10,0.07,,,,
Zamore Zigler,RB,SJST,2,2,2.3,,,10,0.08,3,0.02,,,,
Alex Ofodile,WR,MIZZOU,2,2,2.5,,,0,0,10,0.07,,,,
Marcus Joyner,TE,ODU,2,2,2.5,,,0,0,12,0.05,,,,
Roscoe Johnson,WR,UNC,2,2,2.5,,,0,0,12,0.04,,,,
Mohamed Jabbie,WR,RUT,2,2,2.5,,,0,0,12,0.04,,,,
Trey Ellis,WR,VANDY,1.9,1.9,2.5,,,0,0,12,0.04,,,,
Henry Geil,RB,IOWA,1.9,1.9,2.1,,,9,0.08,3,0.02,,,,
Zack Kuntz,TE,PSU,1.9,1.9,2.5,,,0,0,10,0.06,,,,
Jeremy Ruckert,TE,OHIOST,1.9,1.9,2.3,,,0,0,10,0.08,,,,
Miller Forristall,TE,BAMA,1.9,1.9,2.3,,,0,0,10,0.08,,,,
Jonathan Femi-Cole,RB,MINN,1.9,1.9,2.1,,,11,0.06,3,0.01,,,,
Curtis Hodges,WR,ARIZST,1.9,1.9,3,,,0,0,15,0.06,,,,
Matt Bjorson,TE,IND,1.9,1.9,2.4,,,0,0,11,0.04,,,,
Gavin Sharp,TE,TXSA,1.9,1.9,2.6,,,0,0,6,0.1,,,,
Kase Rogers,RB,OREGST,1.9,1.9,2.1,,,8,0.12,2,0.02,,,,
Tevis Abraham,WR,NMEXST,1.9,1.9,2.5,,,0,0,9,0.07,,,,
Tazh Maloy,RB,NAVY,1.9,1.9,2.2,,,10,0.08,1,0.01,,,,
Leki Nunn,WR,SJST,1.9,1.9,2.6,,,0,0,10,0.02,,,,
John Raine,TE,FAU,1.8,1.8,2.6,,,0,0,9,0.05,,,,
Jake Bargas,TE,UNC,1.8,1.8,2.3,,,0,0,12,0.04,,,,
James Noble,RB,UAB,1.8,1.8,2,,,9,0.09,2,0.02,,,,
C.J. Saunders,WR,OHIOST,1.8,1.8,2.6,,,1,0,11,0.08,,,,
Terrell Jana,WR,UVA,1.8,1.8,2.3,,,0,0,11,0.04,,,,
Jesse Jackson,WR,MISSST,1.8,1.8,2.3,,,0,0,10,0.04,,,,
Dontea Jones,TE,MISSST,1.8,1.8,2.2,,,0,0,12,0.03,,,,
Clevan Thomas,WR,UK,1.8,1.8,2.2,,,0,0,11,0.04,,,,
Devonte Lee,RB,NEVADA,1.8,1.8,2.1,,,8,0.05,5,0.02,,,,
Brendan Manigo,RB,SJST,1.7,1.7,2,,,10,0.07,3,0.01,,,,
Austin Liles,WR,SJST,1.7,1.7,2.2,,,0,0,12,0.02,,,,
Tre Miller,RB,UTAHST,1.7,1.7,2,,,10,0.07,2,0.02,,,,
Tyraiq Beals,WR,UCONN,1.7,1.7,2.3,,,0,0,11,0.03,,,,
Daevon Robinson,WR,RUT,1.7,1.7,2.3,,,0,0,10,0.03,,,,
Brandon Sinclair,RB,ODU,1.7,1.7,2.1,,,11,0.06,4,0.02,,,,
Giovanni Gentosi,RB,RICE,1.7,1.7,1.9,,,10,0.05,2,0.01,,,,
T.J. Chase,WR,CLEM,1.7,1.7,2.2,,,0,0,9,0.04,,,,
Rhett Cardwell,WR,RICE,1.7,1.7,2.3,,,0,0,9,0.04,,,,
Nick Gibson,RB,MISSST,1.7,1.7,2.1,,,10,0.06,3,0.01,,,,
Morian Walker Jr.,RB,UTAHST,1.6,1.6,1.9,,,7,0.07,4,0.02,,,,
Darius Wise,WR,COLOST,1.6,1.6,2.2,,,0,0,8,0.06,,,,
Charles McClelland,RB,CINCY,1.6,1.6,1.9,,,9,0.05,2,0.01,,,,
Heron Maurisseau,WR,UCONN,1.6,1.6,2.2,,,0,0,8,0.03,,,,
De'Quan Bowman,WR,TXTECH,1.6,1.6,2.9,,,1,0,11,0.22,,,,
Keoni-Kordell Mahekau,RB,NAVY,1.6,1.6,1.7,,,10,0.08,1,0.01,,,,
Tyjon Lindsey,WR,NEB,1.6,1.6,2.4,,,2,0.01,9,0.06,,,,
Alex Fontenot,RB,COLO,1.6,1.6,1.9,,,7,0.04,4,0.01,,,,
Keegan Cossou,TE,CMICH,1.6,1.6,2.2,,,0,0,5,0.07,,,,
Jaeger Bull,TE,RICE,1.5,1.5,2.2,,,0,0,4,0.08,,,,
Will Swinney,WR,CLEM,1.5,1.5,2,,,0,0,7,0.04,,,,
Jeremy Banks,RB,TENN,1.5,1.5,2,,,12,0.11,2,0.01,,,,
Will Drawdy,RB,WAKE,1.5,1.5,1.6,,,6,0.06,3,0.01,,,,
Keyan Williams,WR,BALLST,1.4,1.4,1.9,,,0,0,7,0.03,,,,
Artayvious Lynn,TE,TCU,1.4,1.4,2.3,,,0,0,11,0.05,,,,
Nakia Robinson Jr.,RB,NCST,1.4,1.4,1.6,,,6,0.05,3,0.01,,,,
Hunter Hayek,WR,RUT,1.3,1.3,1.9,,,0,0,8,0.03,,,,
Bronson Boyd,WR,UTAH,1.3,1.3,1.9,,,0,0,12,0.04,,,,
Cody Scherff,TE,UNLV,1.2,1.2,1.7,,,0,0,4,0.04,,,,
Chris Curry,RB,LSU,1.1,1.1,1.3,,,2,0.08,3,0.01,,,,
Terry Mark,WR,HOU,1.1,1.1,2.5,,,0,0,11,0.08,,,,
C.J. Riley,WR,NCST,0.9,0.9,1.9,,,0,0,11,0.02,,,,
Jarrett Burgess,WR,PURDUE,0.9,0.9,1.9,,,0,0,11,0.04,,,,
