player,position,team,upper,lower,points,YD,TD,sdPts,dropoff,sdRank,risk,DPA,SACK,INT
Laviska Shenault,WR,COLO,31.6,31.6,38.3,,,23,0.94,129,1.06,,,
Justice Hansen,QB,ARKST,33.5,33.5,36.2,424,2.66,43,0.66,0,0,,,
Kyler Murray,QB,OKLA,33.7,33.7,36.1,325,3.29,58,0.44,0,0,,,
Marcus McMaryion,QB,FRESNO,29.5,29.5,32,375,2.45,19,0.68,0,0,,,
David Pindell,QB,UCONN,30.4,30.4,32,272,1.88,86,0.84,0,0,,,
D'Eriq King,QB,HOU,28.3,28.3,30,279,2.44,38,0.83,0,0,,,
Steven Montez,QB,COLO,27.7,27.7,29.7,300,2.43,35,0.6,0,0,,,
Ian Book,QB,ND,26.3,26.3,28.7,322,2.42,25,0.43,0,0,,,
Devin Singletary,RB,FAU,24.9,24.9,28.1,,,131,1.54,14,0.09,,,
Mason Fine,QB,NTEXAS,25.1,25.1,27.7,325,2.76,4,0.3,0,0,,,
Michael Curtis,QB,MA,25.5,25.5,27.4,296,2.13,16,0.72,0,0,,,
Jack Abraham,QB,USM,23.9,23.9,26.7,347,2.22,8,0.37,0,0,,,
Brett Rypien,QB,BOISE,24.1,24.1,26.7,373,2.5,3,0.05,0,0,,,
Ross Comis,QB,MA,24.6,24.6,26.6,294,2.11,19,0.6,0,0,,,
Eric Dungey,QB,CUSE,24.8,24.8,26.5,273,1.53,50,0.77,0,0,,,
A.J. Erdely,QB,UAB,25.2,25.2,26.1,227,1.87,41,0.94,0,0,,,
Manny Wilkins,QB,ARIZST,23.4,23.4,25.9,355,1.83,21,0.32,0,0,,,
Lexington Thomas,RB,UNLV,22.4,22.4,25.7,,,114,1.39,15,0.12,,,
Sam Ehlinger,QB,TEXAS,23.1,23.1,25.4,304,1.67,28,0.5,0,0,,,
Dan Ellington,QB,GAST,22.7,22.7,24.5,275,1.62,38,0.46,0,0,,,
Taylor Cornelius,QB,OKLAST,22.2,22.2,24.3,298,1.95,20,0.38,0,0,,,
Justin Herbert,QB,OREG,22.9,22.9,24.2,259,2.36,24,0.34,0,0,,,
Blake Barnett,QB,SFLA,22.6,22.6,24,263,1.67,26,0.68,0,0,,,
Jonathan Banks,QB,TULANE,21.6,21.6,23.9,278,1.82,44,0.26,0,0,,,
KeeSean Johnson,WR,FRESNO,18.3,18.3,23.9,,,1,0,105,0.8,,,
Drew Eckels,QB,WKY,21.2,21.2,23.7,320,1.99,17,0.04,0,0,,,
Chase Jasmin,RB,SDGST,20.3,20.3,23.4,,,120,1.09,11,0.09,,,
Gardner Minshew,QB,WASHST,20.7,20.7,23.3,366,1.87,3,0.12,0,0,,,
Bryce Perkins,QB,UVA,22,22,23.1,230,2,47,0.33,0,0,,,
Chris Robison,QB,FAU,21.2,21.2,23,283,1.8,28,0.31,0,0,,,
Josh Adkins,QB,NMEXST,20.1,20.1,23,322,2.11,12,0.06,0,0,,,
Peyton Ramsey,QB,IND,20.9,20.9,22.5,269,1.81,24,0.34,0,0,,,
Nick Fitzgerald,QB,MISSST,22.1,22.1,22.3,160,1.01,86,0.76,0,0,,,
Tommy Lazzaro,QB,CMICH,21.3,21.3,22.3,214,1.75,54,0.47,0,0,,,
Trace McSorley,QB,PSU,21.5,21.5,22.3,214,1.65,45,0.54,0,0,,,
Ryan Finley,QB,NCST,19.7,19.7,22.2,321,1.67,10,0.07,0,0,,,
Desmond Ridder,QB,CINCY,20.5,20.5,22,256,1.76,36,0.28,0,0,,,
Tyler Huntley,QB,UTAH,20.8,20.8,21.9,230,1.45,43,0.48,0,0,,,
Olamide Zaccheaus,RB,UVA,17.8,17.8,21.7,,,24,0.16,72,0.75,,,
J'mar Smith,QB,LATECH,19.9,19.9,21.7,279,1.78,14,0.25,0,0,,,
Patrick Laird,RB,CAL,17.8,17.8,21.6,,,86,0.49,25,0.31,,,
Brent Stockstill,QB,MTSU,19.9,19.9,21.6,261,2.06,27,0.09,0,0,,,
Brock Purdy,QB,IOWAST,20.2,20.2,21.3,250,1.81,26,0.21,0,0,,,
Eno Benjamin,RB,ARIZST,18,18,21.2,,,74,0.61,32,0.28,,,
Drew Lock,QB,MIZZOU,19,19,21.1,290,1.77,11,0.19,0,0,,,
Max Gilliam,QB,UNLV,19.1,19.1,21.1,295,2.32,-7,0.05,0,0,,,
Kenny Pickett,QB,PITT,18.6,18.6,21,312,1.49,7,0.19,0,0,,,
Malik Rosier,QB,MIAMI,19.8,19.8,20.9,242,1.63,26,0.61,0,0,,,
Jordan Cronkrite,RB,SFLA,17.5,17.5,20.7,,,117,0.7,9,0.08,,,
James Proche,WR,SMU,16.3,16.3,20.7,,,1,0,81,0.86,,,
Jordan Love,QB,UTAHST,19.4,19.4,20.6,245,2.15,8,0.26,0,0,,,
Alan Bowman,QB,TXTECH,18.1,18.1,20.5,314,1.62,4,0.03,0,0,,,
Michael Warren II,RB,CINCY,18.1,18.1,20.4,,,88,1.04,19,0.09,,,
N'Keal Harry,WR,ARIZST,15.9,15.9,20.3,,,2,0.07,89,0.56,,,
Sam Hartman,QB,WAKE,18.8,18.8,20,250,1.84,23,0.09,0,0,,,
Kellen Mond,QB,TXAM,18.7,18.7,20,249,1.19,38,0.31,0,0,,,
Jalen Reagor,WR,TCU,16,16,19.8,,,3,0,84,0.78,,,
Josh Love,QB,SJST,17.1,17.1,19.6,307,1.96,-5,0,0,0,,,
Darius Bradwell,RB,TULANE,17.1,17.1,19.6,,,96,0.84,14,0.09,,,
Jawon Pass,QB,LVILLE,18,18,19.5,259,1.79,3,0.34,0,0,,,
Kyle Shurmur,QB,VANDY,17.2,17.2,19.5,307,1.73,-8,0.02,0,0,,,
Rondale Moore,WR,PURDUE,15.2,15.2,19.5,,,12,0.06,76,0.52,,,
Andy Isabella,WR,MA,15.2,15.2,19.3,,,7,0.01,86,0.58,,,
Kalija Lipscomb,WR,VANDY,15.1,15.1,19.3,,,3,0.01,78,0.65,,,
Marcus Childers,QB,NILL,18.1,18.1,19.1,236,1.59,24,0.23,0,0,,,
Jake Bentley,QB,SC,18.1,18.1,19.1,231,2.12,12,0.1,0,0,,,
Darnell Mooney,WR,TULANE,15.1,15.1,19.1,,,1,0,86,0.7,,,
Marquise Brown,WR,OKLA,15.4,15.4,19,,,0,0,89,0.73,,,
Kato Nelson,QB,AKRON,18.6,18.6,19,184,1.53,49,0.26,0,0,,,
Daniel Jones,QB,DUKE,17.7,17.7,19,221,1.62,27,0.29,0,0,,,
Marquez Stevenson,WR,HOU,15.5,15.5,18.9,,,9,0.26,75,0.48,,,
Adrian Hardy,WR,LATECH,15.1,15.1,18.9,,,0,0,87,0.7,,,
Spencer Brown,RB,UAB,16.6,16.6,18.9,,,95,0.94,7,0.09,,,
Kirk Merritt,WR,ARKST,13.9,13.9,18.9,,,0,0,73,0.45,,,
Jonathan Taylor,RB,WISC,15.7,15.7,18.8,,,116,0.55,7,0.06,,,
Rhett Rodriguez,QB,ARIZ,17.3,17.3,18.7,269,1.86,8,0.04,0,0,,,
Rico Bussey Jr.,WR,NTEXAS,15.5,15.5,18.7,,,0,0,74,0.95,,,
Jack Sears,QB,USC,17.4,17.4,18.6,255,1.95,3,0.04,0,0,,,
Darius Anderson,RB,TCU,16.3,16.3,18.6,,,91,0.92,7,0.04,,,
Terren Encalade,WR,TULANE,14.9,14.9,18.5,,,5,0.01,82,0.66,,,
Nico Evans,RB,WYO,15.9,15.9,18.5,,,104,0.62,10,0.07,,,
Evan Marshman,QB,RICE,17.5,17.5,18.4,182,0.97,50,0.77,0,0,,,
Bryce Love,RB,STNFRD,16.1,16.1,18.4,,,96,0.78,9,0.09,,,
Miles Boykin,WR,ND,14.8,14.8,18.2,,,0,0,86,0.71,,,
Justin McInnis,WR,ARKST,14.2,14.2,18.1,,,0,0,79,0.57,,,
CJ Verdell,RB,OREG,15.5,15.5,18.1,,,93,0.44,22,0.12,,,
David Blough,QB,PURDUE,16.5,16.5,18.1,274,1.42,4,0.14,0,0,,,
Travis Etienne,RB,CLEM,16.2,16.2,18,,,78,1,12,0.12,,,
Benjamin Snell Jr.,RB,UK,15.9,15.9,18,,,92,0.9,8,0.06,,,
Kai Locksley,QB,UTEP,17.5,17.5,17.8,174,0.97,46,0.56,0,0,,,
Alex Barnes,RB,KSTATE,16,16,17.8,,,86,0.92,13,0.06,,,
Marcus Outlow,RB,CSTCAR,15.8,15.8,17.8,,,91,0.8,10,0.09,,,
Antoine Wesley,WR,TXTECH,13.9,13.9,17.8,,,0,0,82,0.47,,,
K.J. Carta-Samuels,QB,COLST,16.2,16.2,17.6,253,1.81,-3,0.15,0,0,,,
Willie Jones III,QB,TXSTSM,16.7,16.7,17.6,202,1.55,29,0.24,0,0,,,
Lil'Jordan Humphrey,WR,TEXAS,13.7,13.7,17.5,,,3,0.11,79,0.35,,,
Jermar Jefferson,RB,OREGST,14.9,14.9,17.4,,,98,0.69,7,0.05,,,
Dorian Thompson-Robinson,QB,UCLA,16,16,17.4,249,1.62,10,0.06,0,0,,,
Cole McDonald,QB,HAWAII,16.2,16.2,17.4,230,1.36,24,0.16,0,0,,,
Joshua Kelley,RB,UCLA,15.3,15.3,17.4,,,67,0.78,24,0.08,,,
Jason Huntley,RB,NMEXST,15,15,17.2,,,46,0.5,43,0.26,,,
Dexter Williams,RB,ND,15.1,15.1,17.1,,,71,1.04,3,0.14,,,
Ryan Agnew,QB,SDGST,16.2,16.2,17.1,216,1.73,16,0.06,0,0,,,
Elijah Mitchell,RB,LALAF,15.8,15.8,17,,,68,0.89,21,0.18,,,
Teddy Veal,WR,LATECH,12.6,12.6,16.7,,,0,0,80,0.23,,,
Collin Johnson,WR,TEXAS,13,13,16.7,,,0,0,77,0.42,,,
Sewo Olonilua,RB,TCU,14.5,14.5,16.7,,,64,0.68,20,0.13,,,
Izzy Matthews,RB,COLOST,14.4,14.4,16.6,,,59,0.53,27,0.18,,,
Ben Hicks,QB,SMU,15.4,15.4,16.5,240,2.06,-6,0.06,0,0,,,
Kilton Anderson,QB,CSTCAR,15.8,15.8,16.5,202,1.74,15,0.05,0,0,,,
Tyrone Owens,RB,NMEX,13.9,13.9,16.4,,,89,0.46,14,0.16,,,
Jordan Ellis,RB,UVA,14.3,14.3,16.4,,,75,0.55,19,0.12,,,
Albert Okwuegbunam,TE,MIZZOU,12.7,12.7,16.4,,,0,0,68,0.68,,,
Trey Ragas,RB,LALAF,14.6,14.6,16.4,,,83,0.61,15,0.11,,,
Tyler Wiegers,QB,EMICH,14.4,14.4,16.3,254,1.42,6,0.08,0,0,,,
Myles Gaskin,RB,WASH,14.4,14.4,16.3,,,84,0.64,11,0.07,,,
Cole Kelley,QB,ARK,15.7,15.7,16.3,202,1.53,9,0.39,0,0,,,
James Morgan,QB,FIU,15.2,15.2,16.2,244,1.61,-2,0.08,0,0,,,
Zach Wilson,QB,BYU,15.4,15.4,16.2,223,1.24,14,0.26,0,0,,,
Tavares Thomas,RB,MTSU,14.6,14.6,16.2,,,48,0.68,20,0.43,,,
Zack Moss,RB,UTAH,14.2,14.2,16.1,,,86,0.64,10,0.07,,,
Alexander Mattison,RB,BOISE,14.6,14.6,16.1,,,66,0.89,14,0.12,,,
Ty Lee,WR,MTSU,12.9,12.9,16.1,,,5,0.04,65,0.48,,,
Jake Browning,QB,WASH,15.4,15.4,16.1,214,1.35,6,0.32,0,0,,,
Jaelon Darden,WR,NTEXAS,13,13,16,,,0,0,70,0.65,,,
Greg Dortch,WR,WAKE,12.7,12.7,15.9,,,1,0,67,0.56,,,
Blake LaRussa,QB,ODU,15,15,15.9,231,1.71,-5,0.12,0,0,,,
Trevor Lawrence,QB,CLEM,14.8,14.8,15.9,236,1.54,9,0.06,0,0,,,
Trayveon Williams,RB,TXAM,13.9,13.9,15.8,,,80,0.54,17,0.06,,,
Quez Watkins,WR,USM,13,13,15.8,,,1,0,65,0.68,,,
Travon McMillian,RB,COLO,13.7,13.7,15.8,,,85,0.37,15,0.12,,,
John Ursua,WR,HAWAII,12.4,12.4,15.7,,,0,0.05,66,0.46,,,
Malcolm Williams,WR,CSTCAR,12.5,12.5,15.5,,,5,0.12,72,0.31,,,
Andre Nunez,QB,LALAF,13.9,13.9,15.4,234,1.81,-1,0.03,0,0,,,
Skylar Thompson,QB,KSTATE,15.1,15.1,15.4,165,1.11,34,0.32,0,0,,,
Shamari Brooks,RB,TULSA,13.8,13.8,15.4,,,78,0.78,8,0.06,,,
David Montgomery,RB,IOWAST,13.5,13.5,15.4,,,78,0.56,12,0.09,,,
A.J. Bush,QB,ILL,15,15,15.4,165,0.88,55,0.27,0,0,,,
Kesean Strong,RB,ODU,14.2,14.2,15.3,,,54,0.74,18,0.3,,,
Jaylond Adams,WR,USM,12.4,12.4,15.3,,,2,0,68,0.51,,,
Jalen Guyton,WR,NTEXAS,12.8,12.8,15.3,,,0,0,65,0.71,,,
Darwin Thompson,RB,UTAHST,14.1,14.1,15.3,,,55,0.99,17,0.02,,,
Jonathan Duhart,WR,ODU,12.2,12.2,15.2,,,0,0,65,0.58,,,
Torrance Marable,RB,CSTCAR,14,14,15.2,,,72,0.45,11,0.44,,,
Marquis Young,RB,MA,13.3,13.3,15.2,,,66,0.55,20,0.12,,,
JJ Arcega-Whiteside,WR,STNFRD,12.8,12.8,15.2,,,0,0.02,60,0.79,,,
Garret Lewis,QB,NAVY,14.7,14.7,15.1,64,0.66,78,0.55,0,0,,,
K.J. Costello,QB,STNFRD,14.4,14.4,15,197,1.69,7,0.07,0,0,,,
Marcel Murray,RB,ARKST,13.4,13.4,15,,,62,0.63,17,0.14,,,
Braeden West,RB,SMU,13.2,13.2,15,,,63,0.48,22,0.1,,,
Isaiah Sanders,QB,AF,14.7,14.7,15,118,0.89,52,0.41,0,0,,,
Isaiah Zuber,WR,KSTATE,11.9,11.9,15,,,0,0,65,0.5,,,
Ty Gangi,QB,NEVADA,14.1,14.1,15,221,1.33,12,0.13,0,0,,,
Tyler Johnson,WR,MINN,12.1,12.1,14.9,,,0,0,68,0.69,,,
A.J. Richardson,WR,BOISE,12.3,12.3,14.9,,,0,0,73,0.54,,,
Jovon Durante,WR,FAU,11.5,11.5,14.9,,,5,0.01,73,0.18,,,
Darnell Woolfolk,RB,ARMY,13.4,13.4,14.8,,,84,0.77,3,0.04,,,
James Williams,RB,WASHST,12.1,12.1,14.8,,,37,0.23,37,0.18,,,
Bryce Williams,RB,MINN,12.3,12.3,14.6,,,104,0.26,5,0.02,,,
Tylan Wallace,WR,OKLAST,11.2,11.2,14.6,,,0,0,77,0.3,,,
Ronnie Rivers,RB,FRESNO,13.3,13.3,14.5,,,31,0.6,34,0.38,,,
Rakeem Boyd,RB,ARK,12,12,14.5,,,79,0.14,24,0.02,,,
Deebo Samuel,WR,SC,11.9,11.9,14.5,,,5,0.16,55,0.47,,,
Clemson,DEF,CLEM,15.7,14.4,14.4,,,0,0,0,0,12.2,4.27,1.44
Benny LeMay,RB,CHARLO,12.8,12.8,14.4,,,75,0.49,16,0.05,,,
Chase Garbers,QB,CAL,13.6,13.6,14.4,211,1.12,24,0.06,0,0,,,
Clayton Thorson,QB,NWEST,12.7,12.7,14.2,246,1.17,-7,0.24,0,0,,,
Trey Sermon,RB,OKLA,12.9,12.9,14.2,,,66,0.51,17,0.17,,,
Jalen Knox,WR,MIZZOU,11.8,11.8,14.2,,,3,0,71,0.43,,,
Jamal Custis,WR,CUSE,11.5,11.5,14.2,,,0,0,67,0.46,,,
Jauan Wesley,WR,NILL,10.8,10.8,14.1,,,0,0.02,61,0.3,,,
Willie Wright,WR,FAU,11.4,11.4,14,,,11,0.02,52,0.44,,,
J.J. Taylor,RB,ARIZ,11.9,11.9,14,,,76,0.43,14,0.09,,,
Tyler Vander Waal,QB,WYO,13.5,13.5,14,196,1.42,7,0.05,0,0,,,
Christian Gibson,RB,NMEXST,13,13,14,,,70,0.89,4,0.02,,,
DeAndre Torrey,RB,NTEXAS,12.8,12.8,13.9,,,38,0.96,16,0.16,,,
Kennedy Brooks,RB,OKLA,12.3,12.3,13.9,,,70,0.67,6,0.03,,,
Terry Wilson,QB,UK,13.4,13.4,13.9,155,1.09,34,0.21,0,0,,,
Darren Woods Jr.,WR,UNLV,11.4,11.4,13.8,,,1,0,55,0.62,,,
LJ Scott,RB,MICHST,12.3,12.3,13.8,,,67,0.49,18,0.07,,,
Cade Carney,RB,WAKE,12.6,12.6,13.8,,,61,0.7,13,0.09,,,
Reggie Gallaspy II,RB,NCST,12.7,12.7,13.7,,,44,1.05,9,0.08,,,
Rocky Lombardi,QB,MICHST,13.1,13.1,13.7,219,1.28,3,0.02,0,0,,,
Dillon Mitchell,WR,OREG,10.9,10.9,13.7,,,1,0,63,0.38,,,
Nick Smith,RB,NTEXAS,12.7,12.7,13.7,,,61,0.69,9,0.18,,,
Amon-Ra St. Brown,WR,USC,11.1,11.1,13.6,,,2,0,63,0.43,,,
Easop Winston,WR,WASHST,11,11,13.6,,,0,0,61,0.43,,,
Sheriron Jones,QB,NMEX,13.1,13.1,13.5,145,1.33,35,0.08,0,0,,,
CeeDee Lamb,WR,OKLA,11.5,11.5,13.5,,,0,0,59,0.66,,,
Tony Jones Jr.,RB,ND,12.3,12.3,13.4,,,72,0.55,15,0.03,,,
Johnny Ford,RB,SFLA,12.6,12.6,13.4,,,68,0.8,8,0.02,,,
Keenen Brown,TE,OKLAST,11.3,11.3,13.3,,,4,0.21,57,0.4,,,
John Hightower,WR,BOISE,11.2,11.2,13.3,,,11,0.32,52,0.41,,,
Tyre McCants,WR,SFLA,10.7,10.7,13.3,,,4,0.01,59,0.35,,,
North Texas,DEF,NTEXAS,13.9,13.3,13.3,,,0,0,0,0,16.5,2.63,1.94
Jake Fromm,QB,UGA,12.7,12.7,13.3,206,1.5,-2,0.04,0,0,,,
Deon Jackson,RB,DUKE,11.8,11.8,13.2,,,70,0.62,10,0.02,,,
Corey Taylor II,RB,TULSA,12.5,12.5,13.2,,,64,0.87,6,0.01,,,
Kelvin Harmon,WR,NCST,10.6,10.6,13.2,,,0,0,70,0.29,,,
D.J. Brown,WR,NILL,10.2,10.2,13.1,,,5,0.07,46,0.34,,,
Tyler Nevens,RB,SJST,11.6,11.6,13.1,,,65,0.45,16,0.1,,,
Trent Pennix,RB,NCST,11.9,11.9,13,,,38,0.11,30,0.57,,,
Nathan Elliott,QB,UNC,12.1,12.1,13,218,1.21,5,0.06,0,0,,,
Pooka Williams Jr.,RB,KANSAS,11,11,13,,,61,0.34,19,0.06,,,
Andre Williams,WR,AKRON,11,11,13,,,1,0,51,0.68,,,
Seth Boomer,QB,TULSA,11.9,11.9,12.9,196,1.25,15,0.09,0,0,,,
Britain Covey,WR,UTAH,9.6,9.6,12.9,,,4,0.01,63,0.21,,,
Jordan Mims,RB,FRESNO,11.5,11.5,12.9,,,38,0.35,38,0.13,,,
Trivenskey Mosley,RB,USM,10.2,10.2,12.8,,,71,0.15,14,0.03,,,
Kevin Mensah,RB,UCONN,11.3,11.3,12.8,,,69,0.4,10,0.1,,,
Jaqwis Dancy,RB,LATECH,11.5,11.5,12.8,,,61,0.49,13,0.09,,,
Qadree Ollison,RB,PITT,11.5,11.5,12.7,,,57,0.6,12,0.08,,,
Jace Sternberger,TE,TXAM,10.5,10.5,12.7,,,0,0,64,0.41,,,
Sean Modster,WR,BOISE,10.3,10.3,12.6,,,0,0,64,0.35,,,
Arthur Jackson III,WR,EMICH,10,10,12.6,,,0,0,56,0.37,,,
Penny Hart,WR,GAST,10.1,10.1,12.6,,,-1,0,65,0.29,,,
Washington,DEF,WASH,13.9,12.5,12.5,,,0,0,0,0,16.3,2.67,1.49
Stevie Scott,RB,IND,10.7,10.7,12.5,,,60,0.42,14,0.13,,,
TCU,DEF,TCU,13.2,12.5,12.5,,,0,0,0,0,15.7,3.74,1.13
Chase Claypool,WR,ND,10.4,10.4,12.4,,,0,0,54,0.54,,,
Justice Hill,RB,OKLAST,11.1,11.1,12.4,,,61,0.53,8,0.1,,,
Mik'Quan Deane,TE,WKY,10.4,10.4,12.3,,,1,0,51,0.6,,,
Miles Sanders,RB,PSU,11,11,12.3,,,63,0.47,11,0.08,,,
Boston College,DEF,BC,14.1,12.3,12.3,,,0,0,0,0,23.3,3.35,2.3
Flynn Nagel,WR,NWEST,9.5,9.5,12.2,,,0,0,61,0.19,,,
Warren Wand,RB,ARKST,10.8,10.8,12.2,,,61,0.27,16,0.1,,,
Evan Shirreffs,QB,CHARLO,11.9,11.9,12.2,169,1.23,3,0.22,0,0,,,
Josh Oliver,TE,SJST,9.9,9.9,12.2,,,0,0,54,0.44,,,
Jeremy Larkin,RB,NWEST,10.5,10.5,12.1,,,40,0.43,23,0.03,,,
Kyle Fourtenbary,TE,WKY,9.9,9.9,12.1,,,0,0,43,0.59,,,
Shawn Poindexter,WR,ARIZ,9.9,9.9,12,,,0,0,60,0.37,,,
Damarea Crockett,RB,MIZZOU,10.6,10.6,12,,,64,0.31,15,0.09,,,
Lucky Jackson,WR,WKY,9.3,9.3,12,,,0,0,56,0.23,,,
Corey Dauphine,RB,TULANE,10.8,10.8,12,,,74,0.46,4,0.02,,,
Julian Hicks,WR,CMICH,10.1,10.1,12,,,1,0,41,0.68,,,
C.J. Worton,WR,FIU,10.1,10.1,11.9,,,0,0,56,0.48,,,
Bryan Edwards,WR,SC,9.8,9.8,11.9,,,0,0,47,0.58,,,
Davontavean Martin,WR,WASHST,9.4,9.4,11.9,,,0,0,46,0.41,,,
Jared Pinkney,TE,VANDY,9.6,9.6,11.8,,,0,0,62,0.27,,,
Austin Walter,RB,RICE,10.3,10.3,11.7,,,47,0.18,29,0.09,,,
New Mexico State,DEF,NMEXST,13,11.7,11.7,,,0,0,0,0,21.1,4.08,1.16
OJ Clark,WR,NMEXST,8.9,8.9,11.7,,,0,0,50,0.24,,,
Tim Jones,WR,USM,9.4,9.4,11.7,,,0,0,61,0.24,,,
Darrius Smith,RB,ARIZ,10.9,10.9,11.7,,,58,0.75,3,0.02,,,
Dezmon Patmon,WR,WASHST,9.2,9.2,11.6,,,0,0,58,0.2,,,
Ty Chandler,RB,TENN,10.6,10.6,11.6,,,44,0.17,20,0.39,,,
Ron'Quavion Tarver,WR,UTAHST,9.9,9.9,11.5,,,0,0,43,0.67,,,
Johnathan Boone,WR,NMEXST,9.1,9.1,11.5,,,-1,0,57,0.25,,,
Kanawai Noa,WR,CAL,8.9,8.9,11.5,,,1,0,50,0.25,,,
Maryland,DEF,MD,13,11.5,11.5,,,0,0,0,0,17.1,2.72,1.77
T.J. Rahming,WR,DUKE,9.1,9.1,11.5,,,1,0,48,0.32,,,
Larry Rountree III,RB,MIZZOU,10.5,10.5,11.4,,,68,0.49,4,0.02,,,
Warren Jackson,WR,COLOST,9.4,9.4,11.3,,,0,0,47,0.52,,,
Tyleek Collins,WR,UNLV,9.8,9.8,11.3,,,9,0.2,47,0.26,,,
Tre Hartley,WR,SJST,9.6,9.6,11.3,,,0,0,55,0.47,,,
Aaron McLean,WR,UCONN,9.3,9.3,11.2,,,0,0,57,0.32,,,
Danny Vanden Boom,QB,WISC,11,11,11.2,171,1.17,5,0.03,0,0,,,
Jack Coan,QB,WISC,11,11,11.2,171,1.17,5,0.03,0,0,,,
Jared Rice,TE,FRESNO,9.1,9.1,11.2,,,0,0,56,0.28,,,
Jordan Mitchell,WR,USM,8.5,8.5,11.2,,,0,0,56,0.27,,,
Ty Johnson,RB,MD,10.1,10.1,11.2,,,66,0.33,8,0.08,,,
Kyle Williams,WR,ARIZST,8.8,8.8,11.2,,,1,0,52,0.22,,,
Cedric Byrd,WR,HAWAII,8.7,8.7,11.2,,,0,0,46,0.3,,,
Matt Colburn,RB,WAKE,10.1,10.1,11.2,,,62,0.43,10,0.02,,,
Nathan Stanley,QB,IOWA,10.6,10.6,11.1,175,1.22,0,0.02,0,0,,,
Ja'Deion High,WR,TXTECH,8.7,8.7,11.1,,,0,0,53,0.18,,,
Travis Fulgham,WR,ODU,9.3,9.3,11.1,,,0,0,48,0.46,,,
Omar Bayless,WR,ARKST,9,9,11.1,,,0,0,58,0.26,,,
Dez Fitzpatrick,WR,LVILLE,9.3,9.3,11.1,,,0,0,46,0.52,,,
Kahlil Lewis,WR,CINCY,9.3,9.3,11.1,,,2,0,46,0.47,,,
Virginia,DEF,UVA,12.9,11.1,11.1,,,0,0,0,0,19.3,2.75,1.69
Shun Brown,WR,ARIZ,8.7,8.7,11,,,3,0,49,0.26,,,
Max Borghi,RB,WASHST,8.6,8.6,11,,,26,0.33,20,0.18,,,
Patrick Carr,RB,HOU,9.8,9.8,11,,,54,0.28,14,0.12,,,
Rafael Araujo-Lopes,WR,PITT,8.6,8.6,10.9,,,1,0,48,0.31,,,
Courtney Lark,WR,HOU,9.1,9.1,10.9,,,0,0,50,0.39,,,
Anthony Brown,QB,BC,10.8,10.8,10.9,127,1.57,5,0.05,0,0,,,
Darnell Salomon,WR,SFLA,9.4,9.4,10.9,,,0,0,47,0.56,,,
Travis Homer,RB,MIAMI,9.7,9.7,10.9,,,63,0.21,13,0.08,,,
Aaron Fuller,WR,WASH,8.8,8.8,10.8,,,0,0,52,0.28,,,
Jarrett Guarantano,QB,TENN,10.3,10.3,10.8,180,1.23,-6,0.03,0,0,,,
Brandon Presley,WR,UNLV,8.5,8.5,10.8,,,1,0,52,0.28,,,
Shawndarrius Phillips,RB,FIU,9.9,9.9,10.8,,,46,0.51,12,0.08,,,
Stanford,DEF,STNFRD,12.7,10.8,10.8,,,0,0,0,0,21.8,2.87,1.72
Blake Banham,RB,EMICH,8.9,8.9,10.8,,,18,0.15,38,0.18,,,
Brevin Jordan,TE,MIAMI,9,9,10.7,,,0,0,50,0.4,,,
Gerold Bright,WR,UTAHST,9.9,9.9,10.7,,,43,0.34,17,0.18,,,
UNLV,DEF,UNLV,13,10.7,10.7,,,0,0,0,0,29.5,2.81,1.53
Aca'Cedric Ware,RB,USC,9.7,9.7,10.7,,,46,0.49,12,0.1,,,
C.J. Bolar,WR,VANDY,8.9,8.9,10.7,,,0,0,56,0.32,,,
Jacquez Sloan,WR,WKY,8.6,8.6,10.7,,,1,0,58,0.16,,,
Hakeem Butler,WR,IOWAST,9.1,9.1,10.7,,,0,0,49,0.47,,,
UAB,DEF,UAB,11.8,10.6,10.6,,,0,0,0,0,16.3,3.03,0.95
Feleipe Franks,QB,FLA,10,10,10.6,167,1.01,10,0.08,0,0,,,
Michael Carter,RB,UNC,9.2,9.2,10.6,,,54,0.2,11,0.15,,,
Wisconsin,DEF,WISC,12.5,10.6,10.6,,,0,0,0,0,19.9,3.08,1.45
Whop Philyor,WR,IND,8.5,8.5,10.6,,,7,0.01,42,0.24,,,
Colorado,DEF,COLO,12.2,10.6,10.6,,,0,0,0,0,16.6,2.93,0.99
Tulane,DEF,TULANE,12.8,10.6,10.6,,,0,0,0,0,25.4,2.93,1.76
Preston Williams,WR,TENN,8.6,8.6,10.6,,,1,0,46,0.35,,,
Artavis Pierce,RB,OREGST,9.4,9.4,10.6,,,53,0.22,19,0.03,,,
Maurice Ffrench,WR,PITT,8.6,8.6,10.6,,,5,0.03,46,0.36,,,
Lawrence Cager,WR,MIAMI,9.1,9.1,10.6,,,0,0,49,0.5,,,
Keaontay Ingram,RB,TEXAS,9.3,9.3,10.6,,,53,0.32,9,0.02,,,
Josiah Deguara,TE,CINCY,8.6,8.6,10.6,,,0,0,51,0.31,,,
Olabisi Johnson,WR,COLOST,8.5,8.5,10.5,,,0,0,51,0.32,,,
Aaron Cephus,WR,RICE,8.9,8.9,10.5,,,0,0,51,0.41,,,
Rico Dowdle,RB,SC,9.3,9.3,10.5,,,46,0.34,15,0.15,,,
Keith Corbin,WR,HOU,8.8,8.8,10.5,,,0,0,47,0.51,,,
Tyler Vaughns,WR,USC,8.4,8.4,10.4,,,0,0,46,0.33,,,
Kasim Hill,QB,MD,10.1,10.1,10.4,150,1.47,-2,0.02,0,0,,,
D.J. Knox,RB,PURDUE,9.4,9.4,10.4,,,44,0.43,14,0.07,,,
Tony Ellison,WR,ARIZ,8.9,8.9,10.4,,,1,0.02,47,0.42,,,
Quardraiz Wadley,RB,UTEP,9.3,9.3,10.4,,,48,0.2,18,0.19,,,
Georgia,DEF,UGA,12,10.4,10.4,,,0,0,0,0,17.1,2.04,1.23
Utah State,DEF,UTAHST,11.3,10.3,10.3,,,0,0,0,0,21.5,1.46,1.27
Caleb Wilson,TE,UCLA,8.2,8.2,10.3,,,0,0,54,0.18,,,
Tre Watson,RB,TEXAS,9,9,10.2,,,41,0.24,16,0.22,,,
Malik Roberson,RB,SJST,9.3,9.3,10.2,,,29,0.5,15,0.21,,,
Keenan Barnes,WR,LALAF,8.8,8.8,10.2,,,0,0,47,0.46,,,
Jaylen Smith,WR,LVILLE,8.3,8.3,10.2,,,0,0,52,0.26,,,
D'Andre Swift,RB,UGA,9.3,9.3,10.1,,,50,0.32,14,0.11,,,
San Diego State,DEF,SDGST,11.3,10.1,10.1,,,0,0,0,0,18.5,1.29,1.62
KJ Hamler,WR,PSU,8.7,8.7,10.1,,,2,0.07,41,0.45,,,
Indiana,DEF,IND,11.8,10.1,10.1,,,0,0,0,0,25.1,2.44,1.68
T.J. Vasher,WR,TXTECH,8.4,8.4,10,,,0,0,46,0.37,,,
Fred Trevillion,WR,SDGST,8.1,8.1,10,,,1,0,55,0.15,,,
Kendall Parham,WR,UAB,8.8,8.8,10,,,5,0.3,41,0.17,,,
Harrison Bryant,TE,FAU,8.4,8.4,10,,,0,0,42,0.45,,,
Landon Wolf,WR,OKLAST,8.1,8.1,10,,,1,0,44,0.3,,,
Reggie Corbin,RB,ILL,8.9,8.9,10,,,53,0.35,12,0.04,,,
Alize Mack,TE,ND,8,8,10,,,0,0,46,0.25,,,
Squally Canada,RB,BYU,9.2,9.2,10,,,40,0.55,11,0.06,,,
Kyle Buss,WR,UCONN,8.1,8.1,10,,,0,0,52,0.27,,,
Delane Hart-Johnson,WR,NMEX,8.4,8.4,10,,,0,0,42,0.48,,,
Lynn Bowden,WR,UK,7.9,7.9,9.9,,,1,0,37,0.51,,,
Antonio Williams,RB,UNC,8.9,8.9,9.9,,,44,0.4,11,0.06,,,
McLane Mannix,WR,NEVADA,8.1,8.1,9.9,,,1,0,46,0.27,,,
USC,DEF,USC,12,9.9,9.9,,,0,0,0,0,26.7,3.66,1.72
Kylin Hill,RB,MISSST,8.9,8.9,9.9,,,54,0.2,8,0.14,,,
Hergy Mayala,WR,UCONN,7.9,7.9,9.9,,,0,0,49,0.21,,,
North Carolina,DEF,UNC,11.5,9.8,9.8,,,0,0,0,0,25.9,3.08,1.42
Andre Wilson,WR,UAB,8.2,8.2,9.8,,,2,0,40,0.48,,,
Chris Finke,WR,ND,7.9,7.9,9.8,,,1,0,50,0.23,,,
Darrin Hall,RB,PITT,8.9,8.9,9.6,,,42,0.49,10,0.03,,,
Moe Neal,WR,CUSE,8.4,8.4,9.6,,,42,0.16,17,0.14,,,
Victor Tucker,WR,CHARLO,7.5,7.5,9.6,,,0,0,46,0.16,,,
Jake Luton,QB,OREGST,9.1,9.1,9.6,167,0.97,1,0.03,0,0,,,
Patrick Smith,WR,MTSU,7.7,7.7,9.6,,,0,0,40,0.33,,,
Johnathon Johnson,WR,MIZZOU,7.7,7.7,9.6,,,1,0,48,0.23,,,
Keylon Stokes,WR,TULSA,8,8,9.5,,,6,0.01,50,0.17,,,
Seth Green,WR,MINN,9.3,9.3,9.5,,,20,1.05,6,0.04,,,
Lopini Katoa,RB,BYU,7.7,7.7,9.5,,,27,0.22,20,0.14,,,
Quartney Davis,WR,TXAM,7.4,7.4,9.4,,,1,0,45,0.27,,,
Vic Wharton III,WR,CAL,6.9,6.9,9.4,,,1,0,42,0.1,,,
Mississippi State,DEF,MISSST,11.3,9.4,9.4,,,0,0,0,0,21,2.77,1.24
Xavier Jones,RB,SMU,8.6,8.6,9.4,,,44,0.27,12,0.11,,,
Fresno State,DEF,FRESNO,11.1,9.4,9.4,,,0,0,0,0,16.5,2.17,1
Zavier Scott,WR,UCONN,7.7,7.7,9.4,,,19,0.04,27,0.27,,,
Anthony McFarland,RB,MD,8.5,8.5,9.3,,,53,0.21,14,0.02,,,
Connor Heyward,RB,MICHST,8.1,8.1,9.3,,,31,0.4,14,0.02,,,
Vavae Malepeai,RB,USC,8.9,8.9,9.3,,,32,0.8,4,0.02,,,
Xavier Ubosi,WR,UAB,8.3,8.3,9.3,,,0,0,39,0.56,,,
Kerrith Whyte Jr.,RB,FAU,8.5,8.5,9.3,,,45,0.44,7,0.16,,,
Jeff Thomas,WR,MIAMI,7.8,7.8,9.3,,,1,0,50,0.25,,,
Tre Harbison,RB,NILL,8.1,8.1,9.3,,,41,0.3,12,0.08,,,
Darrell Stewart Jr.,WR,MICHST,7.5,7.5,9.3,,,5,0.01,39,0.22,,,
Army,DEF,ARMY,11.2,9.2,9.2,,,0,0,0,0,21.1,2.65,0.85
Penn State,DEF,PSU,10.5,9.2,9.2,,,0,0,0,0,17.3,2.02,0.71
Jakobi Meyers,WR,NCST,7.2,7.2,9.1,,,0,0,43,0.18,,,
Iowa State,DEF,IOWAST,11.1,9.1,9.1,,,0,0,0,0,22.8,3.46,1.18
South Carolina,DEF,SC,10.8,9.1,9.1,,,0,0,0,0,18.5,2.21,0.76
Peyton Bender,QB,KANSAS,8.9,8.9,9.1,169,1.08,-9,0,0,0,,,
Keenen Johnson,WR,TULSA,7.7,7.7,9.1,,,0,0,40,0.39,,,
Taye Barber,WR,TCU,7.4,7.4,9.1,,,1,0,38,0.3,,,
Elijah Holyfield,RB,UGA,8.5,8.5,9.1,,,59,0.33,4,0.02,,,
Morgan Ellison,RB,IND,7.8,7.8,9,,,51,0.42,6,0.02,,,
Da'Leon Ward,RB,TXTECH,7.8,7.8,9,,,29,0.34,16,0.08,,,
Nick Westbrook,WR,IND,7.4,7.4,9,,,0,0.02,40,0.28,,,
Utah,DEF,UTAH,11.1,9,9,,,0,0,0,0,23.8,2.8,1.07
Dae Williams,RB,LVILLE,8.5,8.5,9,,,44,0.61,1,0.02,,,
Theo Howard,WR,UCLA,7.3,7.3,9,,,0,0,41,0.28,,,
Steven Sims Jr.,WR,KANSAS,7,7,9,,,2,0,36,0.24,,,
Luke Langdon,QB,ARMY,8.9,8.9,8.9,68,0.89,20,0.19,0,0,,,
Timothy Wilson Jr.,WR,SDGST,7.7,7.7,8.9,,,0,0,37,0.46,,,
Justin Hobbs,WR,TULSA,7.2,7.2,8.9,,,0,0,47,0.22,,,
Tez Parks,RB,USM,7.7,7.7,8.9,,,22,0.35,19,0.17,,,
Shaq Vann,RB,EMICH,7.9,7.9,8.9,,,43,0.29,10,0.07,,,
Randall St. Felix,WR,SFLA,7.1,7.1,8.9,,,0,0,48,0.25,,,
Royce Caldwell,WR,NMEXST,7.5,7.5,8.9,,,14,0.02,34,0.26,,,
Hasise Dubois,WR,UVA,7,7,8.9,,,0,0,41,0.18,,,
Jonathan Adams Jr.,WR,ARKST,7.8,7.8,8.9,,,0,0,40,0.48,,,
Taivon Jacobs,WR,MD,7.5,7.5,8.9,,,3,0.01,34,0.38,,,
Joshua Samuel,RB,WKY,8,8,8.8,,,59,0.29,4,0.02,,,
Michael Pittman Jr.,WR,USC,7.7,7.7,8.8,,,1,0,40,0.4,,,
Quin Jernighan,WR,WKY,7,7,8.8,,,0,0,42,0.16,,,
Tyron Johnson,WR,OKLAST,7.7,7.7,8.8,,,0,0.08,43,0.31,,,
Oregon,DEF,OREG,11.1,8.8,8.8,,,0,0,0,0,27.9,2.42,1.76
Purdue,DEF,PURDUE,10.7,8.8,8.8,,,0,0,0,0,19.4,2.41,1.16
Frank Darby,WR,ARIZST,7.4,7.4,8.8,,,0,0.03,48,0.19,,,
Mason Hays,WR,TXSTSM,7.4,7.4,8.8,,,0,0,39,0.36,,,
Duke,DEF,DUKE,10.9,8.8,8.8,,,0,0,0,0,25.5,2.43,1.23
Javonis Isaac,TE,ARKST,7,7,8.8,,,0,0,40,0.34,,,
Central Michigan,DEF,CMICH,10.7,8.8,8.8,,,0,0,0,0,19.5,2.55,1.11
Northern Illinois,DEF,NILL,10.8,8.8,8.8,,,0,0,0,0,21.1,2.36,1.14
Boise State,DEF,BOISE,10.1,8.8,8.8,,,0,0,0,0,20,1.45,0.75
Ahmari Davis,RB,NMEX,8.4,8.4,8.8,,,41,0.65,1,0.03,,,
T.J. Hockenson,TE,IOWA,7.3,7.3,8.7,,,0,0.1,41,0.22,,,
Taj Harris,WR,CUSE,7,7,8.7,,,0,0,48,0.11,,,
Vanderbilt,DEF,VANDY,10.8,8.7,8.7,,,0,0,0,0,24.6,2.04,1.36
Drew Dan,WR,NMEXST,7.4,7.4,8.7,,,0,0,40,0.36,,,
Trey Smith,RB,LVILLE,7.7,7.7,8.7,,,42,0.22,13,0.09,,,
North Carolina State,DEF,NCST,10.9,8.7,8.7,,,0,0,0,0,28.4,2.94,1.39
DeAndre McNeal,WR,FAU,7.4,7.4,8.7,,,0,0,38,0.37,,,
Texas A&amp;M,DEF,TXAM,10.2,8.7,8.7,,,0,0,0,0,19.7,2.32,1.15
Marcus Bennett,WR,AF,7.5,7.5,8.7,,,0,0,44,0.34,,,
Donnie Lee,RB,UAB,7.7,7.7,8.6,,,34,0.3,15,0.09,,,
Ryheem Malone,WR,LALAF,7.1,7.1,8.6,,,2,0,40,0.23,,,
Jordan Scarlett,RB,FLA,7.8,7.8,8.6,,,47,0.29,8,0.05,,,
Ricky Person,RB,NCST,7.2,7.2,8.6,,,70,0.11,2,0.02,,,
Florida State,DEF,FSU,10.7,8.6,8.6,,,0,0,0,0,26.8,2.7,1.44
Robert Brown Jr.,RB,TXSTSM,7.9,7.9,8.6,,,40,0.39,8,0.03,,,
Southern Methodist,DEF,SMU,10.7,8.6,8.6,,,0,0,0,0,28.9,2.33,1.41
Napoleon Maxwell,RB,FIU,7.9,7.9,8.6,,,53,0.33,3,0.02,,,
Toa Taua,RB,NEVADA,7.6,7.6,8.6,,,39,0.3,10,0.07,,,
Gino Appleberry Jr.,RB,WKY,8.2,8.2,8.5,,,22,0.87,5,0.02,,,
Jaylon Redd,WR,OREG,7.5,7.5,8.5,,,4,0.03,31,0.48,,,
Kendal Keys,WR,UNLV,7.2,7.2,8.5,,,0,0,34,0.42,,,
Florida,DEF,FLA,10.6,8.5,8.5,,,0,0,0,0,26.5,2.28,1.35
Tee Higgins,WR,CLEM,7.2,7.2,8.5,,,0,0,40,0.31,,,
Akron,DEF,AKRON,10.6,8.5,8.5,,,0,0,0,0,24.6,1.35,1.62
UCLA,DEF,UCLA,10.7,8.5,8.5,,,0,0,0,0,25,2.83,0.88
Oklahoma State,DEF,OKLAST,10.4,8.4,8.4,,,0,0,0,0,26.1,3.52,1
Mitchell Wilcox,TE,SFLA,6.7,6.7,8.4,,,0,0,44,0.16,,,
Cam Chambers,WR,MICHST,7,7,8.4,,,0,0,47,0.15,,,
Jamauri Wakefield,RB,VANDY,7.8,7.8,8.4,,,56,0.28,5,0.02,,,
Wake Forest,DEF,WAKE,10.6,8.4,8.4,,,0,0,0,0,28.1,2.5,1.21
Luke Timian,WR,IND,6.4,6.4,8.4,,,0,0,36,0.13,,,
Javon Thomas,RB,TULSA,7.6,7.6,8.4,,,62,0.11,3,0.01,,,
Miami (Fla.),DEF,MIAMI,10.6,8.4,8.4,,,0,0,0,0,26.2,2.42,1.17
Nykeim Johnson,WR,CUSE,6.8,6.8,8.4,,,2,0.01,40,0.18,,,
Kendrick Rogers,WR,TXAM,6.8,6.8,8.4,,,0,0,38,0.25,,,
Minnesota,DEF,MINN,10.5,8.4,8.4,,,0,0,0,0,25.7,2.3,1.01
Sage Surratt,WR,WAKE,7,7,8.4,,,0,0,40,0.27,,,
Nevada,DEF,NEVADA,10.7,8.4,8.4,,,0,0,0,0,29.3,3.26,0.77
David Bailey,RB,BC,8,8,8.4,,,49,0.46,2,0.02,,,
Rashad Medaris,WR,CINCY,7.2,7.2,8.3,,,0,0,39,0.38,,,
Southern Mississippi,DEF,USM,10.3,8.3,8.3,,,0,0,0,0,20.8,2.14,1.19
K.D. Nixon,WR,COLO,6.2,6.2,8.3,,,1,0.01,44,0.16,,,
Mike Epstein,RB,ILL,7.6,7.6,8.3,,,39,0.27,14,0.01,,,
Brigham Young,DEF,BYU,10.2,8.3,8.3,,,0,0,0,0,19.6,1.68,1.08
Anthony Ratliff-Williams,WR,UNC,6.9,6.9,8.3,,,3,0,40,0.24,,,
Pittsburgh,DEF,PITT,9.8,8.3,8.3,,,0,0,0,0,21.6,1.99,0.81
Line Latu,WR,EMICH,7,7,8.3,,,1,0,40,0.27,,,
Jordan Fredericks,RB,MA,7.4,7.4,8.2,,,41,0.15,12,0.14,,,
Arkansas State,DEF,ARKST,10.3,8.2,8.2,,,0,0,0,0,28.7,3.08,1.34
Massachusetts,DEF,MA,9.7,8.2,8.2,,,0,0,0,0,25.9,1.99,1.23
Isaiah Bowser,RB,NWEST,7.3,7.3,8.2,,,33,0.32,12,0.06,,,
Stephen Carr,RB,USC,7.2,7.2,8.2,,,52,0.14,7,0.02,,,
Kell Walker,RB,ARMY,7.4,7.4,8.2,,,51,0.13,15,0.01,,,
Michigan State,DEF,MICHST,10,8.1,8.1,,,0,0,0,0,19.4,1.79,1.04
Shi Smith,WR,SC,6.8,6.8,8.1,,,0,0,39,0.27,,,
Khari Blasingame,RB,VANDY,7.3,7.3,8.1,,,35,0.25,15,0.02,,,
Nyqwan Murray,WR,FSU,6.5,6.5,8.1,,,0,0.01,40,0.23,,,
Ian Eriksen,RB,EMICH,7.5,7.5,8.1,,,42,0.33,9,0.02,,,
Will Knight,RB,ODU,7.5,7.5,8.1,,,40,0.27,12,0.02,,,
Rashod Bateman,WR,MINN,6.6,6.6,8.1,,,0,0,31,0.34,,,
Notre Dame,DEF,ND,9.8,8.1,8.1,,,0,0,0,0,17.9,1.36,0.86
Ta'Zhawn Henry,RB,TXTECH,6.9,6.9,8.1,,,24,0.32,14,0.02,,,
Kwadarrius Smith,WR,AKRON,6.5,6.5,8.1,,,1,0.01,39,0.24,,,
DeeJay Dallas,WR,MIAMI,7.7,7.7,8.1,,,44,0.26,10,0.06,,,
Kentucky,DEF,UK,10.2,8.1,8.1,,,0,0,0,0,25,1.96,1.15
Justyn Ross,WR,CLEM,6.8,6.8,8,,,0,0,38,0.3,,,
Trevon Bradford,WR,OREGST,6.6,6.6,8,,,7,0.01,28,0.3,,,
Kaleb Fossum,WR,NEVADA,5.8,5.8,8,,,-1,0,36,0.11,,,
Arkansas,DEF,ARK,10,8,8,,,0,0,0,0,22.4,2.45,0.9
Sadiq Palmer,WR,MA,6.7,6.7,8,,,0,0.05,39,0.21,,,
Texas State,DEF,TXSTSM,10.4,8,8,,,0,0,0,0,31,2.11,1.41
Jonathan Ward,RB,CMICH,6.8,6.8,8,,,33,0.16,14,0.09,,,
Cincinnati,DEF,CINCY,10.2,8,8,,,0,0,0,0,26.8,1.81,1.75
Deondre Francois,QB,FSU,7.7,7.7,8,151,0.77,0,0.09,0,0,,,
Lamical Perine,RB,FLA,7.2,7.2,8,,,39,0.26,15,0.02,,,
Dennis Robinson,WR,NILL,6.4,6.4,7.9,,,0,0,31,0.28,,,
Gatlin Casey,WR,MTSU,6.4,6.4,7.9,,,0,0,32,0.29,,,
Cam Akers,RB,FSU,7.2,7.2,7.9,,,45,0.26,8,0.04,,,
Ty Jones,WR,WASH,6.8,6.8,7.9,,,0,0,34,0.38,,,
Bryce Roberts,TE,NMEXST,6.3,6.3,7.9,,,0,0,30,0.29,,,
Charles Williams,RB,UNLV,7.2,7.2,7.9,,,60,0.13,1,0.02,,,
Tim Jordan,RB,TENN,7.1,7.1,7.8,,,36,0.32,9,0.06,,,
Trenton Irwin,WR,STNFRD,5.9,5.9,7.8,,,0,0,34,0.17,,,
Austin Maloney,WR,FIU,6.6,6.6,7.8,,,0,0,38,0.27,,,
Jarrison Stewart,WR,TCU,6.1,6.1,7.8,,,1,0,35,0.15,,,
Emeka Emezie,WR,NCST,6.4,6.4,7.8,,,0,0,34,0.32,,,
Austin Trammell,WR,RICE,6.2,6.2,7.8,,,2,0,39,0.11,,,
Cade Otton,TE,WASH,6.4,6.4,7.8,,,0,0,34,0.28,,,
Jamire Jordan,WR,FRESNO,6.3,6.3,7.8,,,2,0.02,44,0.11,,,
Mike Harley,WR,MIAMI,6.2,6.2,7.8,,,0,0,38,0.15,,,
Johnathan Lloyd,WR,DUKE,6.2,6.2,7.7,,,0,0,32,0.24,,,
Isaac Zico,WR,PURDUE,6.1,6.1,7.7,,,0,0,41,0.23,,,
Donavan Hale,WR,IND,6.4,6.4,7.7,,,0,0,30,0.34,,,
Destin Coates,RB,GAST,6.7,6.7,7.7,,,25,0.15,22,0.02,,,
Jonah Morris,WR,AKRON,6.1,6.1,7.7,,,0,0,37,0.15,,,
Deshaunte Jones,WR,IOWAST,6.1,6.1,7.7,,,1,0,33,0.22,,,
Jake Ferguson,TE,WISC,6.4,6.4,7.6,,,0,0,38,0.23,,,
CT Thomas,WR,BOISE,6.3,6.3,7.6,,,1,0,38,0.18,,,
James Price,WR,WYO,6.6,6.6,7.6,,,-1,0,38,0.31,,,
Raghib Ismail Jr.,WR,WYO,6.3,6.3,7.6,,,1,0,40,0.16,,,
Aeris Williams,RB,MISSST,7.1,7.1,7.6,,,51,0.18,6,0.01,,,
Tyler Badie,RB,MIZZOU,6.9,6.9,7.6,,,43,0.1,14,0.02,,,
Tulsa,DEF,TULSA,9.9,7.6,7.6,,,0,0,0,0,28.9,2.43,1.07
Hassan Hall,RB,LVILLE,6.5,6.5,7.6,,,38,0.22,12,0.02,,,
Mekhi Stevenson,WR,UNLV,6.3,6.3,7.6,,,0,0,39,0.19,,,
Tayon Fleet-Davis,RB,MD,7.2,7.2,7.6,,,30,0.32,8,0.22,,,
Tra Barnett,RB,GAST,6.7,6.7,7.6,,,27,0.35,9,0.08,,,
Gary Brightwell,RB,ARIZ,7.2,7.2,7.6,,,46,0.33,4,0.02,,,
Justin Holmes,WR,SJST,6.2,6.2,7.5,,,0,0,33,0.27,,,
Tre Walker,WR,SJST,6.2,6.2,7.5,,,0,0,46,0.11,,,
Isaiah Harper,WR,ODU,5.8,5.8,7.5,,,2,0,30,0.13,,,
Ja'Marcus Bradley,WR,LALAF,6.6,6.6,7.5,,,1,0,35,0.35,,,
Ke'Mon Freeman,RB,SMU,6.6,6.6,7.5,,,30,0.26,11,0.07,,,
Ivory Kelly-Martin,RB,IOWA,6.7,6.7,7.5,,,41,0.18,9,0.06,,,
Cornelius McCoy,WR,GAST,6.1,6.1,7.5,,,0,0,36,0.24,,,
Texas,DEF,TEXAS,9.7,7.5,7.5,,,0,0,0,0,29.8,2.21,1.29
Dontae Strickland,RB,CUSE,6.7,6.7,7.5,,,30,0.27,12,0.04,,,
Raelon Singleton,WR,HOU,6.3,6.3,7.5,,,0,0,29,0.39,,,
Rhashid Bonnette,WR,LATECH,6.1,6.1,7.5,,,1,0,41,0.1,,,
Kaden Smith,TE,STNFRD,6,6,7.5,,,0,0,37,0.14,,,
Cameron Green,TE,NWEST,5.9,5.9,7.4,,,-1,0,29,0.3,,,
Jordan Asberry,RB,ARMY,7.1,7.1,7.4,,,22,0.13,10,0.49,,,
Wyoming,DEF,WYO,9.4,7.4,7.4,,,0,0,0,0,24.4,1.9,1.03
Cyrus Habibi-Likio,RB,OREG,7.2,7.2,7.4,,,7,0.97,4,0.02,,,
Salvon Ahmed,RB,WASH,7,7,7.4,,,38,0.4,5,0.01,,,
Aaron Young,WR,DUKE,6.1,6.1,7.4,,,0,0,34,0.26,,,
Michael Lawrence,WR,NTEXAS,6.1,6.1,7.3,,,0,0,37,0.22,,,
Florida International,DEF,FIU,9.3,7.3,7.3,,,0,0,0,0,27.8,1.95,1.06
Dax Raymond,TE,UTAHST,6.1,6.1,7.3,,,0,0,34,0.23,,,
Kam McKnight,WR,LATECH,6.8,6.8,7.3,,,19,0.5,10,0.08,,,
Nate Stewart,WR,AKRON,5.5,5.5,7.3,,,0,0,29,0.27,,,
Old Dominion,DEF,ODU,9.3,7.3,7.3,,,0,0,0,0,25.5,2.21,1.04
Anthony Muse,WR,NMEXST,5.8,5.8,7.3,,,0,0,30,0.22,,,
Stephon Huderson,RB,TULANE,6.7,6.7,7.3,,,42,0.1,14,0.02,,,
Noah Fant,TE,IOWA,6,6,7.2,,,0,0,24,0.39,,,
Hutch White,WR,TXSTSM,5.4,5.4,7.2,,,0,0,29,0.29,,,
Bennett Skowronek,WR,NWEST,5.8,5.8,7.2,,,0,0,36,0.16,,,
Juwann Winfree,WR,COLO,5.9,5.9,7.2,,,0,0,28,0.33,,,
Missouri,DEF,MIZZOU,9,7.2,7.2,,,0,0,0,0,21.4,1.43,0.95
Renard Bell,WR,WASHST,5.8,5.8,7.2,,,0,0,34,0.2,,,
Dayton Furuta,RB,HAWAII,5.9,5.9,7.2,,,34,0.17,12,0.07,,,
Tavonn Salter,WR,MTSU,5.9,5.9,7.2,,,0,0,38,0.14,,,
A.J. Taylor,WR,WISC,6.1,6.1,7.1,,,1,0,36,0.25,,,
Seth Paige,RB,GAST,6.7,6.7,7.1,,,34,0.41,7,0.02,,,
Dazz Newsome,WR,UNC,5.7,5.7,7.1,,,3,0.01,34,0.1,,,
Van Edwards Jr.,RB,AKRON,6.4,6.4,7.1,,,39,0.12,9,0.08,,,
Tyler Davis,WR,UCONN,6,6,7.1,,,0,0,26,0.39,,,
Ricky Smalling,WR,ILL,6.1,6.1,7.1,,,0,0,30,0.35,,,
Devon Spalding,RB,CMICH,5.8,5.8,7.1,,,21,0.19,18,0.02,,,
Samson Nacua,WR,UTAH,5.9,5.9,7.1,,,0,0,30,0.29,,,
DJ Turner,WR,MD,5.8,5.8,7,,,2,0.01,29,0.23,,,
Riley Ridley,WR,UGA,6,6,7,,,1,0,30,0.32,,,
Chatarius Atwell,WR,LVILLE,6.1,6.1,7,,,0,0,31,0.35,,,
Travis Dye,RB,OREG,6.4,6.4,7,,,51,0.15,4,0.02,,,
Zach Abey,RB,NAVY,6.8,6.8,7,,,36,0.55,1,0.02,,,
Terence Williams,RB,HOU,6.6,6.6,7,,,43,0.31,4,0.02,,,
Tennessee,DEF,TENN,9.3,7,7,,,0,0,0,0,27.9,2.2,1.05
Spencer Tears,WR,NILL,5.5,5.5,7,,,0,0,28,0.2,,,
JoJo Ward,WR,HAWAII,5.7,5.7,7,,,0,0,34,0.17,,,
Jordan Byrd,RB,SDGST,6.7,6.7,7,,,36,0.43,3,0.02,,,
Louisiana Tech,DEF,LATECH,9.4,7,7,,,0,0,0,0,34,1.86,1.49
Dontavius Butler-Jenkins,WR,PITT,5.1,5.1,7,,,0,0,25,0.14,,,
Oklahoma,DEF,OKLA,9,7,7,,,0,0,0,0,22.6,2.41,0.84
Austin Fort,TE,WYO,6.2,6.2,7,,,1,0.06,27,0.36,,,
Isaiah Hodgins,WR,OREGST,5.6,5.6,6.9,,,0,0,32,0.19,,,
UL Lafayette,DEF,LALAF,9.5,6.9,6.9,,,0,0,0,0,35.7,2.7,1.48
Ty'Son Williams,RB,SC,6.5,6.5,6.9,,,38,0.28,5,0.02,,,
Brycen Hopkins,TE,PURDUE,5.8,5.8,6.9,,,0,0,36,0.17,,,
Jordon Brown,RB,UNC,6,6,6.9,,,27,0.25,10,0.02,,,
Connor Slomka,RB,ARMY,6.8,6.8,6.9,,,42,0.4,1,0.01,,,
Jessie Britt,WR,MA,5.6,5.6,6.8,,,1,0,30,0.24,,,
Jacob Breeland,TE,OREG,5.9,5.9,6.8,,,0,0,31,0.31,,,
Tavaris Harrison,WR,FAU,5.6,5.6,6.8,,,0,0,38,0.09,,,
Andy Davidson,RB,ARMY,6.6,6.6,6.8,,,47,0.33,1,0.01,,,
Camron Buckley,WR,TXAM,5.6,5.6,6.8,,,0,0,38,0.1,,,
Maleek Williams,RB,ARK,6.6,6.6,6.8,,,31,0.5,3,0.02,,,
Evan Butts,TE,UVA,5.5,5.5,6.8,,,0,0,25,0.3,,,
Kelvin Smith,TE,NTEXAS,5.4,5.4,6.8,,,0,0,27,0.27,,,
Western Kentucky,DEF,WKY,8.7,6.8,6.8,,,0,0,0,0,24.9,1.25,1.11
Chase Cota,WR,UCLA,4.9,4.9,6.7,,,0,0,40,0.12,,,
Kahale Warring,TE,SDGST,5.4,5.4,6.7,,,0,0,26,0.26,,,
Cheyenne O'Grady,TE,ARK,5.6,5.6,6.7,,,0,0,26,0.33,,,
Taz Bateman,RB,GAST,5.9,5.9,6.7,,,28,0.08,20,0.02,,,
Marvin Kinsey Jr.,RB,COLOST,6,6,6.7,,,30,0.12,14,0.04,,,
Tony Brooks-James,RB,OREG,6.1,6.1,6.7,,,32,0.22,12,0.04,,,
Jauan Jennings,WR,TENN,5.4,5.4,6.7,,,0,0,29,0.19,,,
Maurice Alexander,WR,FIU,5.6,5.6,6.7,,,15,0.11,21,0.18,,,
Louisville,DEF,LVILLE,8.9,6.7,6.7,,,0,0,0,0,27.5,2.16,1.16
Tarique Milton,WR,IOWAST,5.2,5.2,6.7,,,0,0,33,0.14,,,
Michiah Quick,WR,FRESNO,5,5,6.7,,,0,0,26,0.14,,,
Illinois,DEF,ILL,8.8,6.7,6.7,,,0,0,0,0,25.8,2.01,1.04
Kadin Remsberg,RB,AF,6.1,6.1,6.7,,,44,0.28,0,0.04,,,
Mecole Hardman,WR,UGA,5.3,5.3,6.7,,,4,0.03,29,0.22,,,
Devin Duvernay,WR,TEXAS,5.3,5.3,6.7,,,0,0,33,0.13,,,
Lee Morris,WR,OKLA,6,6,6.7,,,0,0,26,0.45,,,
Ty Harmston,TE,NILL,5.4,5.4,6.6,,,0,0,25,0.28,,,
Jay MacIntyre,WR,COLO,5.4,5.4,6.6,,,1,0,25,0.31,,,
Ben Glines,WR,BC,6.1,6.1,6.6,,,31,0.33,5,0.13,,,
Ky'Jon Tyler,WR,CSTCAR,5.3,5.3,6.6,,,2,0,31,0.18,,,
Romello Brooker,TE,HOU,5.5,5.5,6.6,,,0,0,24,0.34,,,
Cameron Butler,TE,COLOST,5.3,5.3,6.6,,,0,0,31,0.17,,,
Jeshaun Jones,WR,MD,5.9,5.9,6.6,,,6,0.12,22,0.28,,,
Bruno Labelle,TE,CINCY,5.1,5.1,6.6,,,0,0,28,0.13,,,
Jaivon Heiligh,WR,CSTCAR,5.7,5.7,6.5,,,3,0,22,0.37,,,
Maurice Ways,WR,CAL,4.9,4.9,6.5,,,0,0,30,0.07,,,
Bryce Singleton,WR,FIU,5.2,5.2,6.5,,,0,0,33,0.12,,,
Connecticut,DEF,UCONN,9.1,6.5,6.5,,,0,0,0,0,35,2.88,0.72
Kyle Sweet,WR,WASHST,5,5,6.5,,,0,0,32,0.07,,,
Taj Griffin,WR,OREG,5.9,5.9,6.5,,,15,0.12,19,0.21,,,
Georgia State,DEF,GAST,8.3,6.5,6.5,,,0,0,0,0,27.9,2.47,0.59
Thayer Thomas,WR,NCST,4.9,4.9,6.5,,,2,0,32,0.14,,,
Northwestern,DEF,NWEST,8.5,6.5,6.5,,,0,0,0,0,22.5,1.24,1.13
John Bates,TE,BOISE,5.6,5.6,6.4,,,0,0,30,0.29,,,
Jalen Greene,WR,UTAHST,5.5,5.5,6.4,,,0,0,30,0.26,,,
Arizona State,DEF,ARIZST,8.6,6.4,6.4,,,0,0,0,0,28.2,1.95,0.95
Jaelan Austin,WR,TCU,5.3,5.3,6.4,,,0,0,29,0.24,,,
Washington State,DEF,WASHST,8.6,6.4,6.4,,,0,0,0,0,26.3,2.49,0.87
Elijah Cooks,WR,NEVADA,5.4,5.4,6.4,,,1,0.09,26,0.22,,,
Jamire Calvin,WR,WASHST,4.8,4.8,6.4,,,0,0,30,0.08,,,
Aaron Mcallister,RB,CHARLO,6.1,6.1,6.4,,,36,0.29,5,0.01,,,
Xavier Lane,WR,WKY,5.1,5.1,6.4,,,0,0,32,0.11,,,
Brennon Dingle,WR,MA,5.3,5.3,6.4,,,0,0,30,0.24,,,
Keynan Foster,WR,UTEP,5.5,5.5,6.4,,,3,0,30,0.23,,,
Jonathan Nance,WR,ARK,5.3,5.3,6.4,,,2,0,27,0.25,,,
Colorado State,DEF,COLOST,8.5,6.3,6.3,,,0,0,0,0,24.7,2.36,0.76
Stephen Louis,WR,NCST,5.3,5.3,6.3,,,3,0,36,0.07,,,
Middle Tennessee,DEF,MTSU,8.6,6.3,6.3,,,0,0,0,0,28.3,2.33,1.02
Johnny Johnson,WR,OREG,5.5,5.5,6.3,,,0,0,25,0.37,,,
Hunter Renfrow,WR,CLEM,5,5,6.3,,,0,0,29,0.14,,,
Van Jefferson,WR,FLA,5,5,6.3,,,1,0,27,0.17,,,
Travell Harris,WR,WASHST,4.9,4.9,6.3,,,0,0,30,0.09,,,
Lyn-J Dixon,RB,CLEM,6,6,6.3,,,32,0.31,8,0.02,,,
Iowa,DEF,IOWA,8.6,6.3,6.3,,,0,0,0,0,28.5,2.04,0.98
Timmy Hernandez,WR,OREGST,4.8,4.8,6.3,,,0,0,28,0.1,,,
Juwan Johnson,WR,PSU,5.1,5.1,6.3,,,0,0,32,0.11,,,
Texas Tech,DEF,TXTECH,8.3,6.3,6.3,,,0,0,0,0,24.1,1.24,0.85
Scotty Washington,WR,WAKE,5.1,5.1,6.2,,,0,0,33,0.11,,,
Brendan O'Leary-Orange,WR,NEVADA,5.2,5.2,6.2,,,0,0,28,0.22,,,
D'Vonte Price,RB,FIU,5.4,5.4,6.2,,,35,0.12,9,0.02,,,
Trenard Davis,WR,ILL,5.1,5.1,6.2,,,0,0,34,0.1,,,
Kansas,DEF,KANSAS,8.7,6.2,6.2,,,0,0,0,0,33.2,1.55,1.09
Mathew Sexton,WR,EMICH,4.9,4.9,6.2,,,0,0,30,0.12,,,
Charlotte,DEF,CHARLO,8.5,6.2,6.2,,,0,0,0,0,29.7,1.34,0.74
Israel Tucker,RB,LATECH,5.6,5.6,6.2,,,40,0.09,6,0.02,,,
Charlie Kolar,TE,IOWAST,5.3,5.3,6.2,,,0,0,28,0.28,,,
Dillon Stoner,WR,OKLAST,5.1,5.1,6.2,,,0,0,29,0.21,,,
Darrell Langham,WR,MIAMI,4.9,4.9,6.1,,,0,0,26,0.2,,,
Jay'Shawn Washington,TE,USM,4.7,4.7,6.1,,,0,0,29,0.19,,,
Toren Young,RB,IOWA,5.9,5.9,6.1,,,42,0.16,3,0.07,,,
Florida Atlantic,DEF,FAU,8,6.1,6.1,,,0,0,0,0,27.6,2.62,0.8
Collin Lisa,WR,UAB,5.1,5.1,6.1,,,0,0,32,0.14,,,
Matt Sokol,TE,MICHST,5,5,6.1,,,0,0,26,0.22,,,
Joe Reed,WR,UVA,5,5,6.1,,,4,0.02,27,0.21,,,
Aaron Mathews,WR,PITT,4.9,4.9,6.1,,,0,0,33,0.09,,,
Seth Collins,WR,TXTECH,4.7,4.7,6.1,,,1,0,25,0.13,,,
Andrew Beck,TE,TEXAS,4.8,4.8,6.1,,,0,0,27,0.13,,,
Rico Arnold,WR,CHARLO,5.1,5.1,6.1,,,2,0,29,0.17,,,
Chris Taylor,WR,DUKE,4.8,4.8,6.1,,,0,0,29,0.12,,,
Matt Bushman,TE,BYU,5,5,6.1,,,0,0,33,0.14,,,
Reed Tyler,RB,ARKST,4.8,4.8,6,,,10,0.07,22,0.03,,,
Nate Brown,WR,MIZZOU,4.8,4.8,6,,,0,0,32,0.09,,,
Austin Watkins,WR,UAB,4.9,4.9,6,,,0,0,30,0.15,,,
Taylor Edwards,TE,MA,4.7,4.7,6,,,0,0,28,0.12,,,
Aleva Hifo,WR,BYU,5,5,6,,,8,0.02,26,0.1,,,
Ravian Pierce,TE,CUSE,4.7,4.7,6,,,0,0,23,0.3,,,
Kerr Johnson Jr.,WR,KANSAS,4.6,4.6,6,,,0,0,26,0.1,,,
Jarrod Jackson,WR,LALAF,5.1,5.1,6,,,0,0,25,0.28,,,
Mekhi Sargent,RB,IOWA,5.7,5.7,6,,,32,0.31,4,0.01,,,
Josh Hokit,RB,FRESNO,5.2,5.2,6,,,31,0.08,9,0.02,,,
De'Michael Harris,WR,USM,5.1,5.1,5.9,,,10,0.01,27,0.08,,,
Taylor Jackson,WR,NAVY,5.2,5.2,5.9,,,0,0,28,0.28,,,
Markell Jones,RB,PURDUE,5.1,5.1,5.9,,,28,0.14,8,0.06,,,
Tavion Thomas,RB,CINCY,5.7,5.7,5.9,,,28,0.38,4,0.02,,,
Sean Riley,WR,CUSE,4.6,4.6,5.9,,,3,0,26,0.09,,,
Alex Bachman,WR,WAKE,5,5,5.9,,,0,0,23,0.32,,,
Jeff Smith,WR,BC,5.2,5.2,5.9,,,11,0.11,17,0.2,,,
Ty Fryfogle,WR,IND,4.7,4.7,5.9,,,0,0,28,0.11,,,
Ryan Becker,TE,SMU,4.8,4.8,5.9,,,0,0,22,0.26,,,
Aaren Vaughns,WR,UTAHST,5,5,5.9,,,6,0.02,26,0.14,,,
Jah'Marae Sheread,WR,TXSTSM,4.9,4.9,5.9,,,3,0.01,29,0.1,,,
Jevon Bigelow,RB,WYO,5.4,5.4,5.9,,,34,0.36,3,0.01,,,
Nic Weishar,TE,ND,4.9,4.9,5.9,,,0,0,13,0.45,,,
South Florida,DEF,SFLA,8.1,5.9,5.9,,,0,0,0,0,34.6,1.7,1.03
Parker Houston,TE,SDGST,4.9,4.9,5.8,,,0,0,19,0.34,,,
Jeremiah Miller,WR,CSTCAR,4.7,4.7,5.8,,,0,0,29,0.12,,,
KeSean Carter,WR,TXTECH,4.5,4.5,5.8,,,4,0.01,21,0.11,,,
Nick Easley,WR,IOWA,4.5,4.5,5.8,,,0,0,22,0.18,,,
Coastal Caroina,DEF,CSTCAR,8.1,5.8,5.8,,,0,0,0,0,26.6,2.01,0.62
Warren Redix,WR,UTEP,4.7,4.7,5.8,,,0,0,31,0.1,,,
Taiwan Deal,RB,WISC,5.6,5.6,5.8,,,35,0.29,3,0.01,,,
Drew Tejchman,WR,UNLV,4.7,4.7,5.8,,,2,0,19,0.24,,,
Ian Bunting,TE,CAL,4.5,4.5,5.8,,,0,0,27,0.1,,,
J-Shun Harris II,WR,IND,4.2,4.2,5.8,,,0,0,23,0.17,,,
Lala Davis,RB,ODU,5.2,5.2,5.8,,,31,0.36,4,0.02,,,
Garrett Groshek,RB,WISC,4.9,4.9,5.8,,,22,0.06,14,0.08,,,
Cedric Peterson,WR,ARIZ,4.9,4.9,5.7,,,0,0,24,0.27,,,
Terry Wright,WR,PURDUE,4.6,4.6,5.7,,,1,0,26,0.16,,,
Romeo Doubs,WR,NEVADA,4.3,4.3,5.7,,,0,0,26,0.08,,,
San Jose State,DEF,SJST,8.3,5.7,5.7,,,0,0,0,0,35.9,2.36,1.32
Tre King,RB,TXTECH,4.8,4.8,5.7,,,23,0.13,8,0.02,,,
Hezekiah Jones,WR,TXAM,4.3,4.3,5.7,,,0,0,26,0.08,,,
Kazmeir Allen,RB,UCLA,5.1,5.1,5.7,,,19,0.14,7,0.21,,,
Syracuse,DEF,CUSE,7.7,5.7,5.7,,,0,0,0,0,28.5,1.2,0.82
Hawaii,DEF,HAWAII,8.3,5.7,5.7,,,0,0,0,0,36.3,3.07,0.83
Jayshon Jackson,WR,CINCY,4.7,4.7,5.6,,,0,0,22,0.26,,,
Chris Autman-Bell,WR,MINN,4.8,4.8,5.6,,,0,0,34,0.09,,,
Marcus Jones,RB,NILL,4.8,4.8,5.6,,,26,0.18,5,0.02,,,
Sterling Palmer,TE,FIU,4.4,4.4,5.6,,,0,0,23,0.15,,,
Peyton Hendershot,TE,IND,4.4,4.4,5.6,,,0,0,20,0.2,,,
Romello Ross,RB,CMICH,5.3,5.3,5.6,,,34,0.28,1,0.02,,,
Danny Davis,WR,WISC,4.5,4.5,5.6,,,2,0,26,0.11,,,
Matthew Eaton,WR,IOWAST,4.5,4.5,5.6,,,0,0,23,0.17,,,
Demetric Felton,WR,UCLA,4.7,4.7,5.6,,,6,0.06,22,0.14,,,
Freddie Holly III,RB,HAWAII,5.3,5.3,5.6,,,31,0.22,6,0.01,,,
California,DEF,CAL,7.7,5.6,5.6,,,0,0,0,0,24.9,1.63,0.87
Davon Jones,RB,BC,5.3,5.3,5.6,,,16,0.54,3,0.02,,,
Tony Brown,WR,COLO,4.4,4.4,5.5,,,0,0,25,0.12,,,
Christian Beal,RB,WAKE,5.3,5.3,5.5,,,41,0.09,4,0.02,,,
Kelton Moore,RB,NEVADA,4.6,4.6,5.5,,,21,0.12,10,0.02,,,
Talon Shumway,WR,BYU,4.5,4.5,5.5,,,0,0,32,0.06,,,
J.D. King,RB,OKLAST,5,5,5.5,,,14,0.07,10,0.3,,,
JaCorey Sullivan,WR,CMICH,4.6,4.6,5.5,,,0,0,21,0.28,,,
Stephon Robinson Jr.,WR,KANSAS,4.4,4.4,5.5,,,0,0,24,0.15,,,
Marcus Armstrong-Brown,WR,HAWAII,4.2,4.2,5.5,,,0,0,24,0.08,,,
Kendric Pryor,WR,WISC,4.7,4.7,5.5,,,8,0.11,20,0.09,,,
Dylan Collie,WR,BYU,4.5,4.5,5.5,,,4,0.01,22,0.16,,,
Jay Griffin IV,WR,NMEX,4.2,4.2,5.5,,,4,0.04,23,0.12,,,
Jack Freudenthal,TE,WAKE,4.6,4.6,5.5,,,0,0,21,0.3,,,
Austin Conway,WR,WYO,4.3,4.3,5.4,,,5,0.04,19,0.13,,,
Myron Gailliard,WR,SMU,4.5,4.5,5.4,,,1,0,19,0.27,,,
Jared Sparks,WR,PURDUE,4.2,4.2,5.4,,,2,0.01,23,0.07,,,
TreVontae Hights,WR,TCU,4.7,4.7,5.4,,,0,0,25,0.25,,,
Keith Gavin,WR,FSU,4.2,4.2,5.4,,,0,0,31,0.06,,,
Bilal Ally,RB,MA,4.8,4.8,5.4,,,21,0.15,7,0.18,,,
Micky Crum,TE,LVILLE,4.2,4.2,5.4,,,0,0,22,0.16,,,
Devin Gentry,WR,GAST,4.6,4.6,5.4,,,4,0.04,27,0.09,,,
Josh Falo,TE,USC,4.2,4.2,5.4,,,0,0,23,0.29,,,
Jeremiah Booker,WR,KANSAS,4.4,4.4,5.4,,,0,0,20,0.23,,,
Kyle Evans,RB,COLO,5.1,5.1,5.4,,,28,0.17,8,0.02,,,
Jeremiah Holloman,WR,UGA,4.6,4.6,5.4,,,0,0,26,0.22,,,
Thomas Geddis,WR,CINCY,4.4,4.4,5.4,,,0,0,30,0.09,,,
Kendall Blanton,TE,MIZZOU,4.3,4.3,5.3,,,0,0,22,0.18,,,
CJ Windham,WR,MTSU,4.5,4.5,5.3,,,0,0,22,0.24,,,
Marquez Callaway,WR,TENN,4,4,5.3,,,0,0,29,0.08,,,
Jarion Anderson,WR,TULSA,4.2,4.2,5.3,,,0,0,22,0.22,,,
Dylan Drummond,WR,EMICH,4.1,4.1,5.3,,,0,0,24,0.08,,,
Bobby Holly,RB,LATECH,4.8,4.8,5.3,,,8,0.07,2,0.48,,,
Gunnar Oakes,TE,EMICH,4.3,4.3,5.3,,,0,0,22,0.2,,,
Tyree Mayfield,TE,WYO,4.3,4.3,5.3,,,0,0,26,0.12,,,
Seth Dawkins,WR,LVILLE,4.3,4.3,5.3,,,0,0,28,0.11,,,
Lucious Stanley,RB,UAB,4.9,4.9,5.3,,,33,0.1,3,0.06,,,
Tommy Sweeney,TE,BC,4.3,4.3,5.3,,,0,0,16,0.32,,,
Adam Choice,RB,CLEM,5,5,5.3,,,32,0.22,3,0.02,,,
Drew Sample,TE,WASH,4.2,4.2,5.3,,,0,0,24,0.13,,,
Houston,DEF,HOU,7.8,5.3,5.3,,,0,0,0,0,33.8,1.85,0.91
Andre Baccellia,WR,WASH,4.2,4.2,5.3,,,2,0,23,0.09,,,
Javen Banks,WR,TXSTSM,4.6,4.6,5.3,,,0,0.1,20,0.23,,,
Mulbah Car,RB,HOU,5,5,5.2,,,33,0.16,4,0.02,,,
Grant Calcaterra,TE,OKLA,4.2,4.2,5.2,,,0,0,24,0.25,,,
La'Michael Pettway,WR,ARK,4.5,4.5,5.2,,,0,0,24,0.22,,,
Garland LaFrance,RB,WKY,4,4,5.2,,,11,0.1,11,0.02,,,
Kobe Smith,WR,SDGST,4.2,4.2,5.2,,,0,0,27,0.09,,,
Pat Freiermuth,TE,PSU,4.4,4.4,5.2,,,0,0,18,0.29,,,
Josh Crawford,RB,VANDY,4.9,4.9,5.2,,,16,0.41,5,0.02,,,
Emari Demercado,RB,TCU,4.8,4.8,5.2,,,28,0.16,6,0.04,,,
Chris Sharp,RB,UVA,4.5,4.5,5.2,,,8,0.05,10,0.34,,,
Jordan Nathan,WR,UTAHST,4.2,4.2,5.2,,,1,0,22,0.21,,,
Keegan Brewer,WR,NTEXAS,4.2,4.2,5.2,,,0,0,24,0.13,,,
Bryce Wolma,TE,ARIZ,4.2,4.2,5.2,,,0,0,21,0.18,,,
Stephen Guidry,WR,MISSST,4.4,4.4,5.2,,,0,0,24,0.2,,,
Noah Gray,TE,DUKE,4.4,4.4,5.2,,,0,0,22,0.24,,,
Alex James,RB,CSTCAR,4.7,4.7,5.2,,,29,0.14,3,0.16,,,
Demari Simpkins,WR,UTAH,4.4,4.4,5.2,,,0,0,23,0.24,,,
Devin C. Butler,WR,CUSE,4,4,5.2,,,0,0,24,0.08,,,
Arizona,DEF,ARIZ,7.8,5.2,5.2,,,0,0,0,0,34.9,2,1.06
Jocquez Bruce,RB,MTSU,4.3,4.3,5.1,,,10,0.05,19,0.07,,,
Jeremy Smith,RB,LVILLE,4.5,4.5,5.1,,,19,0.21,8,0.03,,,
Ricky Slade,RB,PSU,4.5,4.5,5.1,,,24,0.4,3,0.02,,,
Calen Holt,RB,ARMY,4.9,4.9,5.1,,,32,0.19,5,0.01,,,
Dameon Pierce,RB,FLA,4.6,4.6,5.1,,,35,0.22,2,0.01,,,
Kevin Austin,WR,ND,4.3,4.3,5.1,,,0,0,27,0.13,,,
Gunner Romney,WR,BYU,4.3,4.3,5.1,,,0,0,24,0.19,,,
Cameron Scarlett,RB,STNFRD,4.9,4.9,5.1,,,21,0.35,5,0.02,,,
Cole Tucker,WR,NILL,3.8,3.8,5.1,,,0,0,21,0.08,,,
Jashaun Corbin,RB,TXAM,4.5,4.5,5.1,,,21,0.14,10,0.01,,,
Amare Jones,RB,TULANE,4.2,4.2,5.1,,,15,0.1,14,0.02,,,
Jacqez Hairston,RB,CSTCAR,4.8,4.8,5.1,,,40,0.07,2,0.02,,,
C.J. Conrad,TE,UK,4,4,5.1,,,0,0,23,0.13,,,
Tyler Watts,WR,TXSTSM,3.9,3.9,5.1,,,2,0.02,20,0.1,,,
Chris Pierce,WR,VANDY,4,4,5,,,0,0,22,0.23,,,
Ryeshene Bronson,WR,SFLA,4,4,5,,,0,0,23,0.1,,,
Elijah Kothe,WR,SDGST,3.8,3.8,5,,,0,0,21,0.11,,,
Shocky Jacques-Louis,WR,PITT,3.6,3.6,5,,,7,0.01,24,0.07,,,
Tavien Feaster,RB,CLEM,4.7,4.7,5,,,26,0.23,4,0.02,,,
Noah Togiai,TE,OREGST,4.1,4.1,5,,,0,0,22,0.19,,,
Jordan Myers,WR,RICE,4.3,4.3,5,,,6,0.05,20,0.12,,,
Carmoni Green,WR,ILL,3.8,3.8,4.9,,,-1,0,24,0.1,,,
Asim Rose,RB,UK,4.8,4.8,4.9,,,28,0.3,1,0.01,,,
BJ Busbee,WR,SDGST,3.8,3.8,4.9,,,4,0,21,0.25,,,
Devante Peete,WR,LVILLE,4,4,4.9,,,0,0,26,0.09,,,
Joshua Moore,WR,TEXAS,3.9,3.9,4.9,,,0,0,16,0.2,,,
Beau Bisharat,RB,COLO,4.6,4.6,4.9,,,18,0.1,3,0.3,,,
Brandon Aiyuk,WR,ARIZST,4.1,4.1,4.9,,,0,0,26,0.13,,,
Tony Gaiter IV,WR,FIU,3.8,3.8,4.9,,,0,0,20,0.12,,,
Romello Harris,RB,FRESNO,4.6,4.6,4.9,,,24,0.22,6,0.02,,,
Ihmir Smith-Marsette,WR,IOWA,4.1,4.1,4.9,,,6,0.01,22,0.09,,,
Matt Dotson,TE,MICHST,4.2,4.2,4.9,,,0,0,16,0.31,,,
Osirus Mitchell,WR,MISSST,3.9,3.9,4.9,,,0,0,25,0.08,,,
Artayvious Lynn,TE,TCU,3.4,3.4,4.9,,,0,0,20,0.17,,,
Chase Hayden,RB,ARK,4.3,4.3,4.9,,,31,0.1,6,0.02,,,
Mark Quattlebaum,WR,CHARLO,4,4,4.9,,,0,0,19,0.25,,,
Thai Cottrell,WR,SJST,4,4,4.9,,,3,0.01,18,0.17,,,
Chase Blakley,TE,BOISE,3.7,3.7,4.9,,,0,0,14,0.22,,,
Armond Weh-Weh,RB,ARKST,4.5,4.5,4.8,,,26,0.07,10,0.03,,,
Workpeh Kofa,WR,CHARLO,3.8,3.8,4.8,,,0,0,21,0.1,,,
Kyle Riddering,TE,FRESNO,4,4,4.8,,,0,0,14,0.29,,,
DeVaughn Cooper,WR,ARIZ,3.9,3.9,4.8,,,0,0,26,0.07,,,
Armand Shyne,RB,UTAH,4.6,4.6,4.8,,,30,0.21,1,0.02,,,
Tommy Hudson,TE,ARIZST,3.7,3.7,4.8,,,0,0,18,0.13,,,
Brian Herrien,RB,UGA,4.6,4.6,4.8,,,29,0.25,1,0.02,,,
Devan Stubblefield,WR,HAWAII,3.8,3.8,4.8,,,0,0,24,0.07,,,
Colby Parkinson,TE,STNFRD,4.1,4.1,4.8,,,0,0,17,0.28,,,
Xzaviar Campbell,RB,UNLV,4.5,4.5,4.8,,,32,0.13,2,0.03,,,
Dalvin Warmack,RB,KSTATE,4.5,4.5,4.8,,,21,0.12,7,0.13,,,
Patrick Reed,WR,NMEX,4.1,4.1,4.8,,,2,0.01,23,0.17,,,
Marcelias Sutton,RB,OKLA,4.5,4.5,4.8,,,22,0.26,4,0.03,,,
Cole Herdman,TE,PURDUE,3.8,3.8,4.8,,,0,0,24,0.07,,,
Walter Dawn,RB,UTEP,4.1,4.1,4.8,,,10,0.09,18,0.06,,,
Shadell Bell,TE,CLEM,3.8,3.8,4.8,,,0,0,17,0.18,,,
Jahmir Smith,RB,ND,4.4,4.4,4.8,,,22,0.18,9,0.03,,,
Keyion Dixon,WR,UCONN,4.1,4.1,4.8,,,1,0,19,0.24,,,
Tyrie Cleveland,WR,FLA,3.9,3.9,4.8,,,0,0,23,0.13,,,
Samuel Emilus,WR,MA,4,4,4.8,,,0,0,18,0.26,,,
Cary Angeline,TE,NCST,3.8,3.8,4.7,,,0,0,23,0.1,,,
Jerrod Heard,WR,TEXAS,3.8,3.8,4.7,,,2,0.08,18,0.1,,,
New Mexico,DEF,NMEX,7.3,4.7,4.7,,,0,0,0,0,36,1.73,0.91
A.J. Turner,RB,SC,4,4,4.7,,,26,0.09,7,0.02,,,
Marcus McElroy,RB,COLOST,4.2,4.2,4.7,,,24,0.05,10,0.04,,,
Cameron Cole,WR,CMICH,3.7,3.7,4.7,,,0,0,23,0.09,,,
Akilian Butler,WR,BOISE,3.7,3.7,4.7,,,1,0,18,0.16,,,
Michael Woods,WR,ARK,3.9,3.9,4.7,,,0,0,21,0.18,,,
Darrius Scott,WR,FIU,3.8,3.8,4.7,,,-1,0,26,0.08,,,
Sam Mays,WR,ILL,3.8,3.8,4.7,,,0,0,24,0.08,,,
Terry Godwin,WR,UGA,3.9,3.9,4.6,,,0,0,24,0.14,,,
Raymond Calais,RB,LALAF,4.4,4.4,4.6,,,29,0.12,6,0.02,,,
Kadarius Toney,WR,FLA,3.9,3.9,4.6,,,16,0.02,11,0.05,,,
CJ Williams,RB,NAVY,4.1,4.1,4.6,,,16,0.12,14,0.01,,,
Earnest Patterson,WR,LALAF,4,4,4.6,,,0,0,26,0.13,,,
Jacques Patrick,RB,FSU,3.9,3.9,4.6,,,21,0.1,6,0.05,,,
Trevor Speights,RB,STNFRD,4.3,4.3,4.6,,,26,0.17,4,0.02,,,
Jaylen Dixon,WR,UTAH,3.9,3.9,4.6,,,0,0,28,0.06,,,
Bubba Ogbebor,WR,ARKST,3.8,3.8,4.6,,,0,0,23,0.12,,,
Evan Johnson,RB,NTEXAS,4,4,4.6,,,11,0.24,8,0.03,,,
Brandon Smith,WR,IOWA,3.6,3.6,4.6,,,0,0,22,0.09,,,
Chase Allen,TE,IOWAST,3.6,3.6,4.5,,,0,0,19,0.14,,,
Cudjoe Young,WR,NTEXAS,3.7,3.7,4.5,,,0,0,23,0.1,,,
Brandon Childress,WR,CMICH,3.4,3.4,4.5,,,0,0,22,0.09,,,
Josh Hammond,WR,FLA,3.7,3.7,4.5,,,0,0,25,0.06,,,
Laress Nelson,WR,MICHST,3.6,3.6,4.5,,,0,0,21,0.1,,,
Geraud Sanders,WR,AF,3.8,3.8,4.5,,,0,0,24,0.11,,,
Jelani Woods,TE,OKLAST,3.7,3.7,4.5,,,0,0,21,0.14,,,
Cole Kmet,TE,ND,3.6,3.6,4.5,,,0,0,20,0.13,,,
Navy,DEF,NAVY,7.5,4.5,4.5,,,0,0,0,0,43.1,1.51,1.1
Stanley Berryhill III,WR,ARIZ,3.8,3.8,4.5,,,0,0,21,0.18,,,
Evan Owens,RB,UNLV,4.2,4.2,4.5,,,25,0.18,2,0.02,,,
Trey McBride,TE,COLOST,3.9,3.9,4.5,,,1,0.01,19,0.22,,,
Khalil Herbert,RB,KANSAS,4.1,4.1,4.5,,,25,0.19,3,0.01,,,
Dyami Brown,WR,UNC,3.6,3.6,4.5,,,0,0,18,0.18,,,
JaQuan Blackwell,WR,SJST,3.6,3.6,4.5,,,0,0,23,0.08,,,
Giovanni Fauolo,TE,UNLV,3.4,3.4,4.4,,,0,0,14,0.16,,,
Kobay White,WR,BC,3.7,3.7,4.4,,,0,0,17,0.22,,,
Sheldon Croney Jr.,RB,IOWAST,3.6,3.6,4.4,,,12,0.16,9,0.02,,,
John Okwoli,WR,WYO,3.7,3.7,4.4,,,0,0,20,0.17,,,
Daniel Barker,TE,ILL,3.3,3.3,4.4,,,0,0,18,0.09,,,
Kumehnnu Gwilly,RB,CMICH,3.8,3.8,4.4,,,21,0.17,5,0.02,,,
Kade Waguespack,TE,AF,3.8,3.8,4.4,,,0,0,16,0.3,,,
Brandon Wimbush,QB,ND,4.2,4.2,4.4,60,0.44,3,0.03,0,0,,,
Kyle Horn,TE,MA,3.4,3.4,4.3,,,0,0,17,0.15,,,
Brenden Schooler,WR,OREG,3.7,3.7,4.3,,,0,0,21,0.15,,,
C'Bo Flemister,RB,ND,4,4,4.3,,,21,0.18,6,0.03,,,
Daniel Helm,TE,DUKE,3.4,3.4,4.3,,,0,0,17,0.12,,,
A.D. Miller,WR,OKLA,3.6,3.6,4.3,,,0,0,14,0.32,,,
Andrew Van Buren,RB,BOISE,4,4,4.3,,,20,0.19,6,0.02,,,
Brady Bodine,RB,NCST,4,4,4.3,,,16,0.27,5,0.02,,,
James Cook,RB,UGA,3.9,3.9,4.3,,,21,0.09,9,0.02,,,
Mykel Jones,WR,OKLA,3.6,3.6,4.3,,,0,0,23,0.11,,,
JJ Jefferson,WR,NWEST,3.6,3.6,4.2,,,0,0,20,0.16,,,
Gerald Hearns,RB,FAU,4,4,4.2,,,25,0.13,4,0.02,,,
Tre' McKitty,TE,FSU,3.1,3.1,4.2,,,0,0,18,0.1,,,
David Lucero,TE,UTEP,3.4,3.4,4.2,,,0,0,15,0.2,,,
Isaac Nauta,TE,UGA,3.6,3.6,4.2,,,3,0.08,18,0.06,,,
Jaquarii Roberson,WR,WAKE,3.3,3.3,4.2,,,0,0,20,0.08,,,
Jahrvis Davenport,WR,MD,3.4,3.4,4.2,,,0,0,19,0.14,,,
Drake Stoops,WR,OKLA,3.4,3.4,4.2,,,0,0,17,0.14,,,
Trae Wells,TE,NEVADA,3.2,3.2,4.2,,,0,0,17,0.1,,,
Caleb Twyford,WR,TXSTSM,3.5,3.5,4.2,,,7,0.04,14,0.07,,,
Chuba Hubbard,RB,OKLAST,3.8,3.8,4.2,,,15,0.2,6,0.02,,,
Dylan Thomas,WR,COLO,3.4,3.4,4.2,,,0,0,23,0.08,,,
Zak Simon,WR,MA,3.4,3.4,4.2,,,0,0,23,0.07,,,
Jeremiah Haydel,WR,TXSTSM,3.5,3.5,4.2,,,0,0,15,0.24,,,
Carl Tucker,TE,UNC,3.3,3.3,4.2,,,0,0,18,0.09,,,
Mac Hippenhammer,WR,PSU,3.5,3.5,4.2,,,0,0,20,0.14,,,
Zach Austin,WR,TXTECH,2.8,2.8,4.2,,,0,0,18,0.06,,,
David Bouvier,WR,UK,3.6,3.6,4.2,,,0,0,20,0.18,,,
Charles McClelland,RB,CINCY,3.9,3.9,4.1,,,24,0.19,2,0.02,,,
Zamore Zigler,RB,SJST,3.8,3.8,4.1,,,20,0.14,5,0.05,,,
Blaise Gammon,TE,KSTATE,3.4,3.4,4.1,,,0,0,19,0.13,,,
Tamorrion Terry,WR,FSU,3.5,3.5,4.1,,,0,0,20,0.15,,,
Kailon Carter,WR,UAB,3.4,3.4,4.1,,,2,0,20,0.09,,,
Mike Majette,RB,IND,3.1,3.1,4.1,,,6,0.04,10,0.1,,,
Dorian Baker,WR,UK,3.5,3.5,4.1,,,0,0,22,0.11,,,
Landon Board,RB,MTSU,3.8,3.8,4.1,,,28,0.06,4,0.02,,,
Justin Silmon,RB,KSTATE,3.8,3.8,4.1,,,28,0.15,1,0.01,,,
Micah Simon,WR,BYU,3.5,3.5,4.1,,,3,0.01,20,0.08,,,
Kiel Pollard,TE,SC,3.2,3.2,4.1,,,0,0,13,0.17,,,
Javonte Williams,RB,UNC,3.2,3.2,4.1,,,8,0.05,11,0.02,,,
Terelle West,RB,MTSU,3.7,3.7,4.1,,,23,0.09,4,0.02,,,
Zach Reuter,WR,KSTATE,3.3,3.3,4.1,,,0,0,22,0.07,,,
T. J. Bedford,WR,TXSTSM,3.3,3.3,4.1,,,0,0,21,0.07,,,
Jarveon Howard,RB,CUSE,3.5,3.5,4.1,,,20,0.23,4,0.02,,,
Amari Rodgers,WR,CLEM,2.9,2.9,4.1,,,0,0,18,0.06,,,
Myles Tease,WR,OKLA,3.5,3.5,4.1,,,0,0,14,0.24,,,
Freddie Swain,WR,FLA,3.4,3.4,4.1,,,0,0,18,0.17,,,
Sam Pinckney,WR,GAST,3.4,3.4,4.1,,,0,0,24,0.06,,,
Khalil Shakir,WR,BOISE,3.6,3.6,4.1,,,9,0.14,10,0.07,,,
Air Force,DEF,AF,6.6,4.1,4.1,,,0,0,0,0,34.5,1.31,0.75
Mon Denson,RB,SC,3.8,3.8,4.1,,,14,0.3,4,0.02,,,
Breck Turner,RB,EMICH,3.5,3.5,4.1,,,16,0.14,7,0.02,,,
Daniel Young,RB,TEXAS,3.6,3.6,4.1,,,24,0.08,6,0.03,,,
Christian Hosley,RB,NTEXAS,3.7,3.7,4.1,,,9,0.17,13,0.03,,,
Brant Kuithe,TE,UTAH,3.3,3.3,4,,,0,0,19,0.12,,,
Texas-El Paso,DEF,UTEP,6.6,4,4,,,0,0,0,0,34.7,1.35,0.68
Jonathan Holland,TE,PSU,3,3,4,,,0,0,23,0.07,,,
Trevon Sidney,WR,USC,3.3,3.3,4,,,0,0,23,0.06,,,
Demetris Robertson,WR,UGA,3.5,3.5,4,,,4,0,18,0.12,,,
Isaiah Harris,WR,KSTATE,3,3,4,,,0,0,15,0.1,,,
Bernhard Raimann,TE,CMICH,3.1,3.1,4,,,0,0,16,0.12,,,
Saevion Johnson,RB,FRESNO,3.6,3.6,4,,,13,0.23,6,0.02,,,
Jabril Clewis,WR,TULANE,3.1,3.1,4,,,0,0,18,0.08,,,
Thomas Jackson,WR,UNC,3.1,3.1,4,,,0,0,15,0.14,,,
Davis Koppenhaver,TE,DUKE,3.2,3.2,4,,,0,0,12,0.22,,,
Hunter Thedford,TE,SMU,2.9,2.9,3.9,,,0,0,13,0.11,,,
Marcus Williams,TE,NMEX,3.2,3.2,3.9,,,0,0,16,0.16,,,
Quinn Shanbour,QB,NTEXAS,3.8,3.8,3.9,53,0.45,1,0.01,0,0,,,
Brayden El-Bakri,RB,BYU,3.3,3.3,3.9,,,6,0.07,8,0.19,,,
Milan Richard,TE,CLEM,3.1,3.1,3.9,,,0,0,17,0.09,,,
Kano Dillon,TE,OREG,3.3,3.3,3.9,,,0,0,16,0.2,,,
Derrion Grim,WR,FRESNO,3.4,3.4,3.9,,,1,0,17,0.17,,,
Connor Wedington,WR,STNFRD,3,3,3.9,,,1,0,14,0.09,,,
Maurice Gordon,RB,MTSU,3.6,3.6,3.9,,,19,0.16,4,0.02,,,
Tyler Petite,TE,USC,3.3,3.3,3.9,,,0,0,14,0.22,,,
Emmanuel Harris,WR,NMEX,3.3,3.3,3.9,,,2,0,16,0.14,,,
Roger Carter,TE,GAST,3.3,3.3,3.9,,,0,0,14,0.22,,,
Diondre Champaigne,WR,GAST,3,3,3.9,,,0,0,14,0.24,,,
Mykel Traylor-Bennett,TE,AKRON,3.2,3.2,3.9,,,3,0.16,10,0.06,,,
Josh Palmer,WR,TENN,3.2,3.2,3.9,,,1,0,19,0.09,,,
Greg White,WR,NTEXAS,3.2,3.2,3.9,,,0,0,18,0.12,,,
Nick Basquine,WR,OKLA,3.1,3.1,3.8,,,0,0,17,0.12,,,
Alfred Smith,WR,LATECH,3,3,3.8,,,0,0,15,0.11,,,
Rashaad Boddie,RB,COLOST,3.5,3.5,3.8,,,16,0.22,4,0.02,,,
Christian Owens,WR,GAST,3.2,3.2,3.8,,,0,0,13,0.22,,,
Michael Ezeike,WR,UCLA,3.2,3.2,3.8,,,0,0,11,0.24,,,
Avery Davis,QB,ND,3.6,3.6,3.8,54,0.41,2,0.02,0,0,,,
Moral Stephens,TE,FLA,3.1,3.1,3.8,,,0,0,14,0.16,,,
C.J. Riley,WR,NCST,2.5,2.5,3.8,,,1,0,25,0.05,,,
Brandon Polk,WR,PSU,3.2,3.2,3.8,,,0,0,17,0.16,,,
Velus Jones Jr.,WR,USC,3,3,3.8,,,1,0.01,17,0.07,,,
Javon Leake,RB,MD,3.6,3.6,3.8,,,11,0.36,2,0.02,,,
Tavin Richardson,WR,UK,3.1,3.1,3.8,,,0,0,20,0.06,,,
Joseph Saucier,RB,AF,3.5,3.5,3.8,,,20,0.14,6,0.01,,,
T.J. Pledger,RB,OKLA,3.5,3.5,3.7,,,20,0.11,5,0.03,,,
Jahcour Pearson,WR,WKY,3,3,3.7,,,1,0.01,17,0.09,,,
D.J. Matthews,WR,FSU,2.8,2.8,3.7,,,0,0,16,0.06,,,
Beau Corrales,WR,UNC,3.1,3.1,3.7,,,0,0,16,0.15,,,
T'Rod Daniels,RB,USM,3.4,3.4,3.7,,,16,0.2,4,0.02,,,
Eastern Michigan,DEF,EMICH,5.9,3.7,3.7,,,0,0,0,0,25.2,0.3,0.46
Camden Harrison,WR,ARMY,3.4,3.4,3.7,,,0,0,13,0.3,,,
Mychal Cooper,WR,NAVY,3.3,3.3,3.7,,,1,0,14,0.24,,,
Ra'Von Bonner,RB,ILL,3.5,3.5,3.7,,,20,0.2,1,0.01,,,
Justin Allen,WR,FRESNO,2.8,2.8,3.7,,,0,0,16,0.07,,,
Tyler Page,WR,SMU,3.1,3.1,3.7,,,0,0,20,0.08,,,
Sam Dobbs,TE,VANDY,2.9,2.9,3.7,,,1,0,17,0.06,,,
Donaven Tennyson,WR,VANDY,3,3,3.7,,,2,0,22,0.06,,,
Michael Young,WR,ND,2.5,2.5,3.7,,,0,0,22,0.13,,,
Robert Mahone,RB,BOISE,3.2,3.2,3.7,,,14,0.1,7,0.02,,,
Josh Fields,RB,UTEP,3.1,3.1,3.7,,,15,0.06,8,0.02,,,
Daniel George,WR,PSU,3.2,3.2,3.7,,,0,0,16,0.18,,,
Ronnie Walker Jr.,RB,IND,3,3,3.6,,,20,0.16,4,0.02,,,
Drayton Law,WR,CMICH,2.9,2.9,3.6,,,0,0,18,0.07,,,
Michael Collins,QB,TCU,3.6,3.6,3.6,45,0.47,0,0.01,0,0,,,
Judah Bell,WR,SMU,2.9,2.9,3.6,,,0,0,17,0.08,,,
Matt Barnes,TE,LALAF,2.8,2.8,3.6,,,0,0,15,0.08,,,
Darveon Brown,WR,ARKST,3,3,3.6,,,1,0,15,0.12,,,
Tanner Cowley,TE,UVA,2.8,2.8,3.6,,,0,0,16,0.08,,,
Jonathan Femi-Cole,RB,MINN,3.4,3.4,3.6,,,24,0.11,3,0.02,,,
Brandon Sowards,WR,MICHST,2.9,2.9,3.6,,,0,0,18,0.08,,,
A.J. Davis,RB,PITT,3.2,3.2,3.6,,,20,0.08,5,0.02,,,
Phillip Howard,WR,MINN,2.8,2.8,3.6,,,1,0,14,0.08,,,
Christian Pabico,WR,UCLA,2.8,2.8,3.6,,,1,0,18,0.06,,,
Demarcus Felton,RB,TXTECH,3.2,3.2,3.5,,,16,0.15,4,0.02,,,
Xazavian Valladay,RB,WYO,3.4,3.4,3.5,,,25,0.07,3,0.01,,,
Ray Marten,TE,BC,3.1,3.1,3.5,,,0,0,12,0.24,,,
Charles Jones II,TE,TULANE,2.6,2.6,3.5,,,0,0,10,0.13,,,
Brock Wright,TE,ND,3,3,3.5,,,0,0,8,0.26,,,
Cole Neph,TE,TULSA,2.9,2.9,3.5,,,0,0,15,0.13,,,
Isaiah Floyd,RB,ARIZST,3.2,3.2,3.5,,,16,0.12,5,0.02,,,
Dalton Rigdon,WR,TXTECH,2.7,2.7,3.5,,,0,0,16,0.05,,,
Brandon Johnson,WR,TENN,2.6,2.6,3.5,,,0,0,15,0.06,,,
Terry Juniel,WR,UTEP,2.7,2.7,3.5,,,0,0,19,0.08,,,
Chico McClatcher,WR,WASH,2.6,2.6,3.5,,,3,0.02,17,0.06,,,
Calvin Jackson Jr.,WR,WASHST,2.6,2.6,3.5,,,0,0,13,0.06,,,
John Moten IV,RB,NWEST,3,3,3.5,,,12,0.13,6,0.01,,,
Josh Vann,WR,SC,2.7,2.7,3.5,,,0,0,15,0.08,,,
Jared Cornelius,WR,ARK,2.8,2.8,3.5,,,2,0.03,14,0.08,,,
Terrell Chatman,WR,ARIZST,2.8,2.8,3.5,,,0,0,13,0.16,,,
Anthony Wyche,RB,NTEXAS,3.1,3.1,3.4,,,12,0.17,6,0.03,,,
Sihiem King,RB,UK,3.1,3.1,3.4,,,20,0.08,4,0.01,,,
Marquez Trigg,RB,WKY,3.1,3.1,3.4,,,17,0.11,4,0.02,,,
Brennan Eagles,WR,TEXAS,2.8,2.8,3.4,,,0,0,19,0.05,,,
Isaac Holder,WR,EMICH,2.7,2.7,3.4,,,0,0,14,0.12,,,
Jaetavian Toles,WR,TULANE,2.6,2.6,3.4,,,0,0,15,0.07,,,
Leki Nunn,WR,SJST,2.7,2.7,3.4,,,2,0.01,13,0.07,,,
K.C. Crosby,TE,SC,2.8,2.8,3.4,,,0,0,14,0.13,,,
Slade Carroll,RB,SC,3.1,3.1,3.4,,,22,0.05,4,0.02,,,
Jackson Anthrop,WR,PURDUE,2.5,2.5,3.4,,,0,0.02,13,0.06,,,
Oregon State,DEF,OREGST,6.1,3.4,3.4,,,0,0,0,0,38.1,1.71,0.84
Eltoro Allen,RB,UTAHST,3,3,3.4,,,12,0.16,6,0.02,,,
Madre London,RB,TENN,3.1,3.1,3.4,,,18,0.16,2,0.02,,,
R.J. Tyler,TE,CHARLO,2.8,2.8,3.4,,,0,0,11,0.19,,,
DeAndre Thompkins,WR,PSU,2.8,2.8,3.4,,,0,0,17,0.09,,,
Jaylon Robinson,WR,OKLA,2.7,2.7,3.3,,,0,0,14,0.11,,,
Christopher Brown Jr.,RB,CAL,3,3,3.3,,,15,0.17,3,0.01,,,
Travis Levy,RB,BC,2.7,2.7,3.3,,,10,0.07,7,0.02,,,
Jordan Wilson,TE,UCLA,2.7,2.7,3.3,,,0,0,12,0.15,,,
Griffin Hammer,TE,COLOST,2.6,2.6,3.3,,,0,0,14,0.07,,,
Ryan Jenkins,WR,ARIZST,2.7,2.7,3.3,,,0,0,17,0.05,,,
Riley Burt,RB,BYU,3.1,3.1,3.3,,,17,0.16,2,0.01,,,
Neil Pau'u,WR,BYU,2.4,2.4,3.3,,,3,0.01,11,0.05,,,
Shea Holebrook Jr.,WR,NMEXST,2.5,2.5,3.3,,,0,0,13,0.09,,,
Ko Kieft,TE,MINN,2.7,2.7,3.3,,,0,0,16,0.1,,,
Tevis Abraham,WR,NMEXST,2.5,2.5,3.3,,,0,0,12,0.09,,,
Dax Milne,WR,BYU,2.5,2.5,3.3,,,0,0.01,14,0.05,,,
Larry Collins Jr.,WR,CSTCAR,2.6,2.6,3.3,,,0,0,15,0.08,,,
Dejonte O'Neal,RB,FRESNO,2.8,2.8,3.3,,,12,0.08,6,0.02,,,
Tre'Shon Wolf,WR,UTEP,2.6,2.6,3.3,,,0,0,16,0.05,,,
Derius Davis,WR,TCU,2.8,2.8,3.3,,,9,0.01,10,0.07,,,
Tavares Kelly,WR,UVA,2.3,2.3,3.3,,,2,0,18,0.07,,,
Jeremy Singleton,WR,HOU,2.5,2.5,3.3,,,0,0,13,0.07,,,
Cam'ron Davis,RB,MIAMI,2.8,2.8,3.3,,,14,0.05,6,0.02,,,
Daylon Charlot,WR,KANSAS,2.7,2.7,3.3,,,0,0,14,0.13,,,
Mychale Salahuddin,RB,PITT,3,3,3.2,,,18,0.08,5,0.02,,,
Artice Hobbs IV,RB,ARMY,3,3,3.2,,,18,0.13,4,0.01,,,
Jaxson Kincaide,RB,NEVADA,2.6,2.6,3.2,,,7,0.06,5,0.09,,,
Diondre Overton,WR,CLEM,2.6,2.6,3.2,,,0,0,12,0.14,,,
Kevrin Justice,RB,HOU,2.9,2.9,3.2,,,17,0.09,4,0.02,,,
Jonathan Ifedi,WR,GAST,2.5,2.5,3.2,,,0,0,15,0.06,,,
Nate Wieting,TE,IOWA,2.6,2.6,3.2,,,0,0,17,0.05,,,
Isaiah Smalls,TE,OREGST,2.5,2.5,3.2,,,0,0,15,0.07,,,
Cade Brewer,TE,TEXAS,2.5,2.5,3.2,,,0,0,12,0.1,,,
Keion White,TE,ODU,2.6,2.6,3.2,,,0,0,17,0.05,,,
Austin Liles,WR,SJST,2.6,2.6,3.2,,,0,0,18,0.06,,,
Taj Mustapha,WR,WISC,2.6,2.6,3.2,,,0,0,9,0.18,,,
Jeremiah Hawkins,WR,CAL,2.5,2.5,3.2,,,2,0.01,13,0.04,,,
Randrecous Davis,WR,SC,2.7,2.7,3.2,,,1,0,10,0.19,,,
Trelon Smith,RB,ARIZST,2.2,2.2,3.1,,,8,0.07,7,0.02,,,
Tyrick James,TE,TULANE,2.5,2.5,3.1,,,0,0,15,0.06,,,
Deddrick Thomas,WR,MISSST,2.6,2.6,3.1,,,0,0,14,0.09,,,
Ryan Bay,TE,OREG,2.4,2.4,3.1,,,0,0,13,0.08,,,
Drake Anderson,RB,NWEST,2.8,2.8,3.1,,,19,0.06,4,0.01,,,
Sandon McCoy,RB,ARMY,3,3,3.1,,,22,0.13,1,0.01,,,
Ramaud Chiaokhiao-Bowman,WR,NWEST,2.3,2.3,3.1,,,0,0,14,0.05,,,
Nolan Eriksen,RB,AF,2.9,2.9,3.1,,,18,0.12,2,0.01,,,
Nikko Hall,WR,COLOST,2.6,2.6,3.1,,,3,0,13,0.06,,,
Jeremy Banks,RB,TENN,2.5,2.5,3.1,,,17,0.18,3,0.01,,,
Ceejhay French-Love,TE,ARIZST,2.5,2.5,3.1,,,0,0,15,0.06,,,
Keith Mixon,WR,MISSST,2.5,2.5,3.1,,,2,0.01,14,0.11,,,
Charlie Woerner,TE,UGA,2.5,2.5,3.1,,,0,0,14,0.09,,,
Daevon Vigilant,RB,NMEX,2.8,2.8,3.1,,,18,0.08,3,0.03,,,
Rice,DEF,RICE,6.2,3.1,3.1,,,0,0,0,0,46.6,2.08,0.63
Tario Fuller,RB,PURDUE,2.5,2.5,3,,,7,0.04,9,0.01,,,
Dominick Wood-Anderson,TE,TENN,2.4,2.4,3,,,0,0,10,0.13,,,
Octavius Evans,WR,BOISE,2.1,2.1,3,,,0,0,12,0.14,,,
Scott Bracey,WR,DUKE,2.2,2.2,3,,,0,0,11,0.06,,,
Calvin Camp,WR,CHARLO,2.6,2.6,3,,,16,0.05,5,0.04,,,
Martell Irby,RB,UCLA,2.5,2.5,3,,,11,0.07,6,0.02,,,
Tyraiq Beals,WR,UCONN,2.3,2.3,3,,,0,0,15,0.06,,,
C.J. Sanders,WR,SMU,2.3,2.3,3,,,1,0,12,0.08,,,
Jordan Jones,WR,ARK,2.4,2.4,3,,,2,0,12,0.07,,,
Rontavius Groves,WR,UNC,2.4,2.4,3,,,0,0,17,0.04,,,
Logan Hessbrook,TE,CMICH,2.3,2.3,3,,,0,0,12,0.08,,,
DJ Nelson,WR,UTAHST,2.4,2.4,3,,,2,0.09,8,0.07,,,
Jamil Sabbagh,WR,CMICH,2.6,2.6,3,,,1,0,12,0.15,,,
Jeremy Patton,TE,ARK,2.4,2.4,3,,,0,0,15,0.06,,,
Sean McGrew,RB,WASH,2.7,2.7,2.9,,,14,0.07,6,0.01,,,
Jaylin Nelson,RB,TXSTSM,2.6,2.6,2.9,,,18,0.09,3,0.02,,,
Matt Bjorson,TE,IND,2.3,2.3,2.9,,,0,0,14,0.06,,,
SaRodorick Thompson,RB,TXTECH,2.6,2.6,2.9,,,12,0.09,5,0.02,,,
Kavika Johnson,WR,UTEP,2.4,2.4,2.9,,,3,0.02,11,0.07,,,
Tre'shaun Harrison,WR,FSU,2.3,2.3,2.9,,,2,0,9,0.1,,,
Farrod Green,TE,MISSST,2.3,2.3,2.9,,,0,0,13,0.07,,,
Terrance Dixon,WR,GAST,2.3,2.3,2.9,,,0,0,14,0.06,,,
Trevon Grimes,WR,FLA,2.1,2.1,2.9,,,0,0,11,0.05,,,
Jordan Nettles,RB,NILL,2.2,2.2,2.9,,,18,0.07,1,0.02,,,
John Raine,TE,FAU,2.1,2.1,2.9,,,0,0,11,0.05,,,
Alex Fontenot,RB,COLO,2.6,2.6,2.8,,,12,0.1,5,0.02,,,
Ray Hudson,TE,CAL,2.2,2.2,2.8,,,0,0,11,0.08,,,
Javonte Woodard,WR,LATECH,2.4,2.4,2.8,,,0,0,16,0.05,,,
Quan Hampton,WR,KANSAS,2.1,2.1,2.8,,,1,0,11,0.04,,,
Kyle Philips,WR,UCLA,2.1,2.1,2.8,,,0,0,10,0.07,,,
Deron Thompson,RB,KANSAS,2.5,2.5,2.8,,,16,0.08,3,0.01,,,
Osiris St. Brown,WR,STNFRD,2.3,2.3,2.8,,,0,0,15,0.05,,,
Roshauud Paul,WR,TXAM,2.2,2.2,2.8,,,0,0,14,0.04,,,
Solomon Enis,WR,UTAH,2.4,2.4,2.8,,,0,0,11,0.14,,,
Kamari Pleasant,RB,WASH,2.5,2.5,2.8,,,13,0.1,4,0.01,,,
Jordan Wright,RB,LALAF,2.6,2.6,2.8,,,14,0.09,3,0.03,,,
Kolby Taylor,WR,OREGST,2.2,2.2,2.8,,,0,0,14,0.03,,,
TJ Green,RB,UTAH,2.5,2.5,2.8,,,16,0.08,4,0.02,,,
Tre Walker,RB,NAVY,2.6,2.6,2.8,,,15,0.06,2,0.12,,,
Willie Parker,RB,EMICH,2.4,2.4,2.7,,,14,0.1,4,0.02,,,
Dymond Lee,WR,UCLA,2.1,2.1,2.7,,,0,0,11,0.06,,,
Trevion Armstrong,WR,NEVADA,2.2,2.2,2.7,,,0,0,8,0.13,,,
Nakia Robinson Jr.,RB,NCST,2.4,2.4,2.7,,,10,0.11,5,0.02,,,
Leon Payne,WR,NILL,2,2,2.7,,,0,0,10,0.05,,,
Nahshon Ellerbe,RB,RICE,2.5,2.5,2.7,,,14,0.14,3,0.01,,,
Tyler Harrell,WR,LVILLE,2.3,2.3,2.7,,,0,0,15,0.06,,,
Carson Terrell,TE,UTAHST,2.2,2.2,2.7,,,0,0,14,0.07,,,
C'yontai Lewis,TE,FLA,2.2,2.2,2.7,,,0,0,10,0.1,,,
Curtis Hodges,WR,ARIZST,1.7,1.7,2.7,,,0,0,13,0.05,,,
LD Brown,RB,OKLAST,2.4,2.4,2.7,,,13,0.08,5,0.02,,,
Ryan Newsome,WR,ARIZST,2.1,2.1,2.7,,,-1,0,15,0.05,,,
Stanley Clerveaux,WR,SFLA,2.1,2.1,2.7,,,0,0,11,0.06,,,
Elijah Dale,RB,HAWAII,2.4,2.4,2.7,,,9,0.03,4,0.13,,,
Brenden Fulton,WR,COLOST,2.2,2.2,2.6,,,0,0,13,0.06,,,
Trevon Sands,RB,SFLA,2.4,2.4,2.6,,,11,0.11,4,0.02,,,
Jesse Jackson,WR,MISSST,2,2,2.6,,,0,0,11,0.05,,,
Donta Anthony Jr.,TE,ODU,2,2,2.6,,,0,0,11,0.05,,,
Heron Maurisseau,WR,UCONN,1.9,1.9,2.6,,,0,0,9,0.06,,,
Michael Walker,WR,BC,1.6,1.6,2.6,,,2,0,12,0.07,,,
Myles Fells,RB,NAVY,2.4,2.4,2.5,,,14,0.12,1,0.01,,,
James Noble,RB,UAB,2.3,2.3,2.5,,,13,0.1,3,0.02,,,
Nick Gibson,RB,MISSST,2.1,2.1,2.5,,,10,0.06,6,0.01,,,
Chris James,RB,WISC,2.3,2.3,2.5,,,15,0.06,3,0.01,,,
Blake Wright,RB,NEVADA,2.2,2.2,2.5,,,10,0.13,3,0.01,,,
Brendan Manigo,RB,SJST,2.2,2.2,2.5,,,12,0.06,5,0.02,,,
Bryce Kemp,TE,EMICH,2,2,2.5,,,0,0,13,0.04,,,
De'Quan Bowman,WR,TXTECH,1.7,1.7,2.5,,,0,0,10,0.1,,,
Neil McLaurin,WR,USM,2,2,2.5,,,0,0,11,0.07,,,
Cee Jay Powell,WR,LATECH,1.9,1.9,2.5,,,0,0,9,0.05,,,
Dontea Jones,TE,MISSST,2,2,2.5,,,0,0,14,0.04,,,
Brayden Lenius,WR,WASH,1.9,1.9,2.5,,,0,0,10,0.05,,,
Ishod Finger,RB,CHARLO,2.3,2.3,2.5,,,15,0.07,3,0.01,,,
Wilson Huber,TE,CINCY,1.9,1.9,2.5,,,0,0,11,0.05,,,
Kene Nwangwu,RB,IOWAST,2.2,2.2,2.5,,,13,0.05,4,0.02,,,
Landen Akers,WR,IOWAST,2.1,2.1,2.5,,,0,0,14,0.05,,,
Rhett Cardwell,WR,RICE,1.8,1.8,2.5,,,0,0,9,0.05,,,
Trey Ellis,WR,VANDY,2,2,2.4,,,0,0,12,0.06,,,
Riley Lees,WR,NWEST,2,2,2.4,,,1,0,11,0.05,,,
Justin Johnson,TE,MISSST,1.9,1.9,2.4,,,0,0,11,0.04,,,
Roscoe Johnson,WR,UNC,1.9,1.9,2.4,,,0,0,11,0.04,,,
Tazh Maloy,RB,NAVY,2.2,2.2,2.4,,,14,0.09,1,0.01,,,
Deon Stewart,WR,ARK,1.9,1.9,2.4,,,0,0,12,0.04,,,
Trevion Thompson,WR,CLEM,1.8,1.8,2.4,,,0,0,11,0.04,,,
Daewood Davis,WR,OREG,1.9,1.9,2.4,,,0,0,10,0.07,,,
James Prather,TE,NWEST,1.8,1.8,2.4,,,0,0,10,0.04,,,
Jackson Winrow,WR,VANDY,1.9,1.9,2.4,,,0,0,12,0.06,,,
Jaeger Bull,TE,RICE,1.7,1.7,2.4,,,0,0,4,0.1,,,
Danny Dalton,TE,PSU,1.8,1.8,2.4,,,0,0,9,0.05,,,
Marcus Joyner,TE,ODU,1.9,1.9,2.4,,,0,0,11,0.05,,,
Isaiah Likely,TE,CSTCAR,2.1,2.1,2.4,,,0,0,10,0.12,,,
Julon Williams,WR,HOU,1.8,1.8,2.4,,,0,0,8,0.07,,,
Dylan Parham,TE,NCST,1.7,1.7,2.3,,,0,0,10,0.04,,,
Jake Bobo,WR,DUKE,1.9,1.9,2.3,,,0,0,12,0.05,,,
Kaegun Williams,RB,SDGST,0.7,0.7,2.3,,,22,0.13,3,0.02,,,
Deltron Sands,RB,AKRON,2,2,2.3,,,17,0.06,0,0.02,,,
Kwamie Lassiter II,WR,KANSAS,1.4,1.4,2.3,,,0,0,8,0.09,,,
Demarcus Kirk,RB,GAST,2,2,2.3,,,11,0.08,2,0.02,,,
Prather Hudson,RB,UGA,2.1,2.1,2.3,,,11,0.09,3,0.02,,,
Kansas State,DEF,KSTATE,5,2.2,2.2,,,0,0,0,0,42.9,1.09,0.66
Tre Miller,RB,UTAHST,2,2,2.2,,,10,0.09,2,0.02,,,
Terry Mark,WR,HOU,1,1,2.2,,,0,0,9,0.07,,,
Steven Claude,WR,WAKE,1.8,1.8,2.2,,,0,0,12,0.05,,,
Chuck Wade,WR,WAKE,1.6,1.6,2.2,,,0,0,11,0.05,,,
Keegan Cossou,TE,CMICH,1.5,1.5,2.2,,,0,0,5,0.06,,,
Keshaun McGaugh,RB,CHARLO,2,2,2.1,,,4,0.19,3,0.01,,,
Kyle Markway,TE,SC,1.8,1.8,2.1,,,0,0,10,0.07,,,
Miles Reed,RB,HAWAII,1.9,1.9,2.1,,,11,0.03,4,0.01,,,
Brandon Sinclair,RB,ODU,1.8,1.8,2.1,,,9,0.08,4,0.02,,,
Jarrett Burgess,WR,PURDUE,1.2,1.2,2.1,,,0,0,12,0.04,,,
Morian Walker Jr.,RB,UTAHST,1.9,1.9,2.1,,,7,0.09,4,0.02,,,
Chabastin Taylor,WR,KSTATE,1.6,1.6,2.1,,,0,0,7,0.05,,,
Devonte Lee,RB,NEVADA,1.8,1.8,2.1,,,6,0.12,3,0.01,,,
Erik Ezukanma,WR,TXTECH,1.5,1.5,2.1,,,0,0,7,0.05,,,
Bronson Boyd,WR,UTAH,1.4,1.4,2.1,,,0,0,14,0.04,,,
Ryan Haymaker,RB,OKLAST,1.8,1.8,2.1,,,7,0.07,5,0.02,,,
Weston Bridges,RB,MICHST,1.8,1.8,2,,,8,0.08,3,0.01,,,
Markenzy Pierre,RB,CUSE,1.7,1.7,2,,,9,0.07,3,0.02,,,
Christian Mallard,RB,AF,1.9,1.9,2,,,12,0.09,2,0.01,,,
Adarius Lemons,RB,FLA,1.8,1.8,2,,,12,0.04,3,0.01,,,
Kwame Etwi,RB,TXAM,1.8,1.8,2,,,8,0.06,4,0.01,,,
Will Drawdy,RB,WAKE,1.8,1.8,2,,,6,0.09,4,0.02,,,
Greyson Bankhead,WR,CAL,1.5,1.5,2,,,0,0,8,0.04,,,
Cody Scherff,TE,UNLV,1.3,1.3,1.9,,,0,0,4,0.06,,,
Dom Williams,RB,KANSAS,1.7,1.7,1.9,,,10,0.05,3,0.01,,,
B.J. Baylor,RB,OREGST,1.6,1.6,1.9,,,9,0.1,1,0.01,,,
Keoni-Kordell Mahekau,RB,NAVY,1.7,1.7,1.8,,,10,0.06,2,0.01,,,
Andrew Smith,WR,AF,1.5,1.5,1.8,,,0,0,10,0.04,,,
Henry Geil,RB,IOWA,1.5,1.5,1.7,,,8,0.05,3,0.01,,,
Giovanni Gentosi,RB,RICE,1.5,1.5,1.7,,,8,0.04,3,0.01,,,
Tanner Morgan,QB,MINN,0.8,0.8,0.8,30,0.06,0,0,0,0,,,
