Position,Name + ID,Name,ID,Roster Position,Salary,Game Info,TeamAbbrev,AvgPointsPerGame
QB,Tua Tagovailoa (11462570),Tua Tagovailoa,11462570,QB/S-FLEX,10200,BAMA@TENN 10/20/2018 03:30PM ET,BAMA,26.16
QB,Kyler Murray (11461771),Kyler Murray,11461771,QB/S-FLEX,9800,OU@TCU 10/20/2018 12:00PM ET,OU,38.38
RB,Jonathan Taylor (11462108),Jonathan Taylor,11462108,RB/FLEX/S-FLEX,9700,IL@WISC 10/20/2018 12:00PM ET,WISC,27.67
RB,Travis Etienne (11463097),Travis Etienne,11463097,RB/FLEX/S-FLEX,9400,NCST@CLEM 10/20/2018 03:30PM ET,CLEM,27.9
QB,Drew Lock (11463488),Drew Lock,11463488,QB/S-FLEX,9200,MEM@MIZZ 10/20/2018 04:00PM ET,MIZZ,22.68
QB,Alan Bowman (11462993),Alan Bowman,11462993,QB/S-FLEX,9000,KU@TTU 10/20/2018 03:30PM ET,TTU,22.72
QB,Trace McSorley (11463386),Trace McSorley,11463386,QB/S-FLEX,8900,PSU@IU 10/20/2018 03:30PM ET,PSU,29.06
RB,Darrell Henderson (11463596),Darrell Henderson,11463596,RB/FLEX/S-FLEX,8800,MEM@MIZZ 10/20/2018 04:00PM ET,MEM,35.34
QB,Jordan Ta'amu (11461665),Jordan Ta'amu,11461665,QB/S-FLEX,8700,AUB@MISS 10/20/2018 12:00PM ET,MISS,30.46
WR,Laviska Shenault Jr. (11462715),Laviska Shenault Jr.,11462715,WR/FLEX/S-FLEX,8700,COL@UW 10/20/2018 03:30PM ET,COL,37.45
QB,McLane Carter (11462995),McLane Carter,11462995,QB/S-FLEX,8700,KU@TTU 10/20/2018 03:30PM ET,TTU,1.47
QB,Jett Duffey (11462997),Jett Duffey,11462997,QB/S-FLEX,8500,KU@TTU 10/20/2018 03:30PM ET,TTU,21.73
WR,Marquise Brown (11461816),Marquise Brown,11461816,WR/FLEX/S-FLEX,8400,OU@TCU 10/20/2018 12:00PM ET,OU,30.9
QB,Trevor Lawrence (11463089),Trevor Lawrence,11463089,QB/S-FLEX,8400,NCST@CLEM 10/20/2018 03:30PM ET,CLEM,12.79
QB,Shawn Robinson (11461882),Shawn Robinson,11461882,QB/S-FLEX,8200,OU@TCU 10/20/2018 12:00PM ET,TCU,20.25
WR,Jerry Jeudy (11462606),Jerry Jeudy,11462606,WR/FLEX/S-FLEX,8100,BAMA@TENN 10/20/2018 03:30PM ET,BAMA,22.79
QB,Matt Corral (11461667),Matt Corral,11461667,QB/S-FLEX,8000,AUB@MISS 10/20/2018 12:00PM ET,MISS,17.43
WR,A.J. Brown (11461699),A.J. Brown,11461699,WR/FLEX/S-FLEX,8000,AUB@MISS 10/20/2018 12:00PM ET,MISS,20.71
QB,Austin Kendall (11461773),Austin Kendall,11461773,QB/S-FLEX,8000,OU@TCU 10/20/2018 12:00PM ET,OU,2.72
QB,Ryan Finley (11463194),Ryan Finley,11463194,QB/S-FLEX,7800,NCST@CLEM 10/20/2018 03:30PM ET,NCST,23.79
RB,Karan Higdon (11462219),Karan Higdon,11462219,RB/FLEX/S-FLEX,7700,MICH@MSU 10/20/2018 12:00PM ET,MICH,20.97
WR,Kelvin Harmon (11463271),Kelvin Harmon,11463271,WR/FLEX/S-FLEX,7600,NCST@CLEM 10/20/2018 03:30PM ET,NCST,21.48
QB,Tommy Stevens (11463388),Tommy Stevens,11463388,QB/S-FLEX,7600,PSU@IU 10/20/2018 03:30PM ET,PSU,-1.2
QB,Jack Lowary (11463490),Jack Lowary,11463490,QB/S-FLEX,7500,MEM@MIZZ 10/20/2018 04:00PM ET,MIZZ,0
RB,Pooka Williams Jr. (11462903),Pooka Williams Jr.,11462903,RB/FLEX/S-FLEX,7400,KU@TTU 10/20/2018 03:30PM ET,KU,20.76
WR,Antoine Wesley (11463035),Antoine Wesley,11463035,WR/FLEX/S-FLEX,7400,KU@TTU 10/20/2018 03:30PM ET,TTU,24.52
QB,Jalen Hurts (11462572),Jalen Hurts,11462572,QB/S-FLEX,7300,BAMA@TENN 10/20/2018 03:30PM ET,BAMA,7.66
QB,Steven Montez (11462678),Steven Montez,11462678,QB/S-FLEX,7300,COL@UW 10/20/2018 03:30PM ET,COL,25.17
WR,DaMarkus Lodge (11461705),DaMarkus Lodge,11461705,WR/FLEX/S-FLEX,7100,AUB@MISS 10/20/2018 12:00PM ET,MISS,15.93
RB,Miles Sanders (11463398),Miles Sanders,11463398,RB/FLEX/S-FLEX,7100,PSU@IU 10/20/2018 03:30PM ET,PSU,22.47
WR,Emanuel Hall (11463519),Emanuel Hall,11463519,WR/FLEX/S-FLEX,7000,MEM@MIZZ 10/20/2018 04:00PM ET,MIZZ,28.33
QB,Michael Collins (11461884),Michael Collins,11461884,QB/S-FLEX,7000,OU@TCU 10/20/2018 12:00PM ET,TCU,5.7
QB,Matthew McKay (11463196),Matthew McKay,11463196,QB/S-FLEX,7000,NCST@CLEM 10/20/2018 03:30PM ET,NCST,6.2
QB,Sean Clifford (11463390),Sean Clifford,11463390,QB/S-FLEX,7000,PSU@IU 10/20/2018 03:30PM ET,PSU,5.3
WR,Jalen Reagor (11461915),Jalen Reagor,11461915,WR/FLEX/S-FLEX,6900,OU@TCU 10/20/2018 12:00PM ET,TCU,16.5
RB,Damien Harris (11462582),Damien Harris,11462582,RB/FLEX/S-FLEX,6700,BAMA@TENN 10/20/2018 03:30PM ET,BAMA,13.74
QB,Jake Browning (11462784),Jake Browning,11462784,QB/S-FLEX,6700,COL@UW 10/20/2018 03:30PM ET,UW,18.48
WR,CeeDee Lamb (11461819),CeeDee Lamb,11461819,WR/FLEX/S-FLEX,6700,OU@TCU 10/20/2018 12:00PM ET,OU,18.22
QB,Brady White (11463588),Brady White,11463588,QB/S-FLEX,6600,MEM@MIZZ 10/20/2018 04:00PM ET,MEM,19.32
WR,Ja'Deion High (11463041),Ja'Deion High,11463041,WR/FLEX/S-FLEX,6600,KU@TTU 10/20/2018 03:30PM ET,TTU,17.4
QB,Chase Brice (11463091),Chase Brice,11463091,QB/S-FLEX,6500,NCST@CLEM 10/20/2018 03:30PM ET,CLEM,1.84
WR,Henry Ruggs III (11462609),Henry Ruggs III,11462609,WR/FLEX/S-FLEX,6400,BAMA@TENN 10/20/2018 03:30PM ET,BAMA,13.84
RB,Myles Gaskin (11462794),Myles Gaskin,11462794,RB/FLEX/S-FLEX,6400,COL@UW 10/20/2018 03:30PM ET,UW,16.3
RB,Scottie Phillips (11461675),Scottie Phillips,11461675,RB/FLEX/S-FLEX,6300,AUB@MISS 10/20/2018 12:00PM ET,MISS,22.71
WR,Jakobi Meyers (11463274),Jakobi Meyers,11463274,WR/FLEX/S-FLEX,6300,NCST@CLEM 10/20/2018 03:30PM ET,NCST,17.8
WR,Felton Davis III (11462398),Felton Davis III,11462398,WR/FLEX/S-FLEX,6300,MICH@MSU 10/20/2018 12:00PM ET,MSU,19.73
WR,KaVontae Turpin (11461918),KaVontae Turpin,11461918,WR/FLEX/S-FLEX,6200,OU@TCU 10/20/2018 12:00PM ET,TCU,13.67
WR,A.J. Taylor (11462144),A.J. Taylor,11462144,WR/FLEX/S-FLEX,6200,IL@WISC 10/20/2018 12:00PM ET,WISC,12.62
QB,Shea Patterson (11462207),Shea Patterson,11462207,QB/S-FLEX,6200,MICH@MSU 10/20/2018 12:00PM ET,MICH,15.51
WR,Aaron Fuller (11462815),Aaron Fuller,11462815,WR/FLEX/S-FLEX,6100,COL@UW 10/20/2018 03:30PM ET,UW,17.13
RB,Reggie Gallaspy (11463226),Reggie Gallaspy,11463226,RB/FLEX/S-FLEX,6100,NCST@CLEM 10/20/2018 03:30PM ET,NCST,15.78
QB,Peyton Ramsey (11463286),Peyton Ramsey,11463286,QB/S-FLEX,6100,PSU@IU 10/20/2018 03:30PM ET,IU,20.98
WR,KJ Hamler (11463419),KJ Hamler,11463419,WR/FLEX/S-FLEX,6100,PSU@IU 10/20/2018 03:30PM ET,PSU,16.27
QB,Jarrett Stidham (11461560),Jarrett Stidham,11461560,QB/S-FLEX,6000,AUB@MISS 10/20/2018 12:00PM ET,AUB,13.51
WR,Johnathon Johnson (11463522),Johnathon Johnson,11463522,WR/FLEX/S-FLEX,6000,MEM@MIZZ 10/20/2018 04:00PM ET,MIZZ,10.82
QB,Connor Adair (11463590),Connor Adair,11463590,QB/S-FLEX,6000,MEM@MIZZ 10/20/2018 04:00PM ET,MEM,2.34
QB,Sam Noyer (11462680),Sam Noyer,11462680,QB/S-FLEX,6000,COL@UW 10/20/2018 03:30PM ET,COL,-0.62
QB,Tanner Schafer (11461775),Tanner Schafer,11461775,QB/S-FLEX,6000,OU@TCU 10/20/2018 12:00PM ET,OU,0
WR,Tee Higgins (11463121),Tee Higgins,11463121,WR/FLEX/S-FLEX,6000,NCST@CLEM 10/20/2018 03:30PM ET,CLEM,11.62
QB,Jake Haener (11462786),Jake Haener,11462786,QB/S-FLEX,5900,COL@UW 10/20/2018 03:30PM ET,UW,8.4
RB,Salvon Ahmed (11462797),Salvon Ahmed,11462797,RB/FLEX/S-FLEX,5900,COL@UW 10/20/2018 03:30PM ET,UW,10.29
WR,T.J. Vasher (11463038),T.J. Vasher,11463038,WR/FLEX/S-FLEX,5900,KU@TTU 10/20/2018 03:30PM ET,TTU,12.86
WR,D.K. Metcalf (11461702),D.K. Metcalf,11461702,WR/FLEX/S-FLEX,5800,AUB@MISS 10/20/2018 12:00PM ET,MISS,16.99
RB,Trey Sermon (11461783),Trey Sermon,11461783,RB/FLEX/S-FLEX,5800,OU@TCU 10/20/2018 12:00PM ET,OU,12.1
QB,Peyton Bender (11462895),Peyton Bender,11462895,QB/S-FLEX,5700,KU@TTU 10/20/2018 03:30PM ET,KU,9.07
WR,Damonte Coxie (11463620),Damonte Coxie,11463620,WR/FLEX/S-FLEX,5600,MEM@MIZZ 10/20/2018 04:00PM ET,MEM,17.03
RB,Travon McMillian (11462688),Travon McMillian,11462688,RB/FLEX/S-FLEX,5500,COL@UW 10/20/2018 03:30PM ET,COL,16.38
QB,Dylan McCaffrey (11462209),Dylan McCaffrey,11462209,QB/S-FLEX,5500,MICH@MSU 10/20/2018 12:00PM ET,MICH,6.88
WR,Donovan Peoples-Jones (11462273),Donovan Peoples-Jones,11462273,WR/FLEX/S-FLEX,5500,MICH@MSU 10/20/2018 12:00PM ET,MICH,12.2
QB,Brian Lewerke (11462354),Brian Lewerke,11462354,QB/S-FLEX,5500,MICH@MSU 10/20/2018 12:00PM ET,MSU,19.40
QB,Malik Willis (11461562),Malik Willis,11461562,QB/S-FLEX,5400,AUB@MISS 10/20/2018 12:00PM ET,AUB,0.21
RB,JaTarvious Whitlow (11461572),JaTarvious Whitlow,11461572,RB/FLEX/S-FLEX,5400,AUB@MISS 10/20/2018 12:00PM ET,AUB,11.81
WR,Steven Sims Jr. (11462933),Steven Sims Jr.,11462933,WR/FLEX/S-FLEX,5400,KU@TTU 10/20/2018 03:30PM ET,KU,10.88
WR,Devonta Smith (11462612),Devonta Smith,11462612,WR/FLEX/S-FLEX,5300,BAMA@TENN 10/20/2018 03:30PM ET,BAMA,11.7
QB,Carter Stanley (11462893),Carter Stanley,11462893,QB/S-FLEX,5300,KU@TTU 10/20/2018 03:30PM ET,KU,6.74
RB,Ta'Zhawn Henry (11463005),Ta'Zhawn Henry,11463005,RB/FLEX/S-FLEX,5300,KU@TTU 10/20/2018 03:30PM ET,TTU,15.48
RB,Stevie Scott (11463296),Stevie Scott,11463296,RB/FLEX/S-FLEX,5300,PSU@IU 10/20/2018 03:30PM ET,IU,14.91
RB,Larry Rountree III (11463501),Larry Rountree III,11463501,RB/FLEX/S-FLEX,5200,MEM@MIZZ 10/20/2018 04:00PM ET,MIZZ,12.83
RB,Tre King (11463014),Tre King,11463014,RB/FLEX/S-FLEX,5200,KU@TTU 10/20/2018 03:30PM ET,TTU,6.03
WR,Cody White (11462401),Cody White,11462401,WR/FLEX/S-FLEX,5200,MICH@MSU 10/20/2018 12:00PM ET,MSU,16.31
WR,Irv Smith Jr. (11462615),Irv Smith Jr.,11462615,WR/FLEX/S-FLEX,5100,BAMA@TENN 10/20/2018 03:30PM ET,BAMA,11.06
RB,Damarea Crockett (11463498),Damarea Crockett,11463498,RB/FLEX/S-FLEX,5100,MEM@MIZZ 10/20/2018 04:00PM ET,MIZZ,11.05
WR,Albert Okwuegbunam (11463525),Albert Okwuegbunam,11463525,WR/FLEX/S-FLEX,5100,MEM@MIZZ 10/20/2018 04:00PM ET,MIZZ,11.18
WR,Danny Davis III (11462150),Danny Davis III,11462150,WR/FLEX/S-FLEX,5100,IL@WISC 10/20/2018 12:00PM ET,WISC,7.22
WR,Juwan Johnson (11463422),Juwan Johnson,11463422,WR/FLEX/S-FLEX,5100,PSU@IU 10/20/2018 03:30PM ET,PSU,9.42
QB,Mac Jones (11462574),Mac Jones,11462574,QB/S-FLEX,5000,BAMA@TENN 10/20/2018 03:30PM ET,BAMA,2.09
RB,Najee Harris (11462585),Najee Harris,11462585,RB/FLEX/S-FLEX,5000,BAMA@TENN 10/20/2018 03:30PM ET,BAMA,10.27
WR,Braylon Sanders (11461708),Braylon Sanders,11461708,WR/FLEX/S-FLEX,5000,AUB@MISS 10/20/2018 12:00PM ET,MISS,11.42
QB,Miles Kendrick (11462897),Miles Kendrick,11462897,QB/S-FLEX,5000,KU@TTU 10/20/2018 03:30PM ET,KU,4.68
QB,Kelly Bryant (11463093),Kelly Bryant,11463093,QB/S-FLEX,5000,NCST@CLEM 10/20/2018 03:30PM ET,CLEM,12.61
WR,Justyn Ross (11463130),Justyn Ross,11463130,WR/FLEX/S-FLEX,5000,NCST@CLEM 10/20/2018 03:30PM ET,CLEM,13.92
WR,Quintez Cephus (11462147),Quintez Cephus,11462147,WR/FLEX/S-FLEX,5000,IL@WISC 10/20/2018 12:00PM ET,WISC,0
QB,Michael Penix Jr. (11463288),Michael Penix Jr.,11463288,QB/S-FLEX,5000,PSU@IU 10/20/2018 03:30PM ET,IU,5.55
QB,Rocky Lombardi (11462356),Rocky Lombardi,11462356,QB/S-FLEX,5000,MICH@MSU 10/20/2018 12:00PM ET,MSU,-0.7
RB,Kamari Pleasant (11462800),Kamari Pleasant,11462800,RB/FLEX/S-FLEX,4900,COL@UW 10/20/2018 03:30PM ET,UW,3.64
WR,Ty Jones (11462818),Ty Jones,11462818,WR/FLEX/S-FLEX,4900,COL@UW 10/20/2018 03:30PM ET,UW,11.17
WR,Kendric Pryor (11462153),Kendric Pryor,11462153,WR/FLEX/S-FLEX,4900,IL@WISC 10/20/2018 12:00PM ET,WISC,8.78
WR,Tarik Black (11462276),Tarik Black,11462276,WR/FLEX/S-FLEX,4900,MICH@MSU 10/20/2018 12:00PM ET,MICH,0
WR,Ryan Davis (11461611),Ryan Davis,11461611,WR/FLEX/S-FLEX,4800,AUB@MISS 10/20/2018 12:00PM ET,AUB,9.63
RB,Chris Evans (11462222),Chris Evans,11462222,RB/FLEX/S-FLEX,4800,MICH@MSU 10/20/2018 12:00PM ET,MICH,10.7
RB,Kyle Evans (11462691),Kyle Evans,11462691,RB/FLEX/S-FLEX,4700,COL@UW 10/20/2018 03:30PM ET,COL,5.55
WR,K.D. Nixon (11462718),K.D. Nixon,11462718,WR/FLEX/S-FLEX,4700,COL@UW 10/20/2018 03:30PM ET,COL,11.37
RB,Ricky Person (11463202),Ricky Person,11463202,RB/FLEX/S-FLEX,4700,NCST@CLEM 10/20/2018 03:30PM ET,NCST,7.5
QB,AJ Bush (11462008),AJ Bush,11462008,QB/S-FLEX,4700,IL@WISC 10/20/2018 12:00PM ET,IL,18.37
WR,Nick Westbrook (11463326),Nick Westbrook,11463326,WR/FLEX/S-FLEX,4700,PSU@IU 10/20/2018 03:30PM ET,IU,9.7
RB,Connor Heyward (11462362),Connor Heyward,11462362,RB/FLEX/S-FLEX,4700,MICH@MSU 10/20/2018 12:00PM ET,MSU,11.84
QB,Jarrett Guarantano (11462467),Jarrett Guarantano,11462467,QB/S-FLEX,4600,BAMA@TENN 10/20/2018 03:30PM ET,TENN,11.19
RB,Josh Jacobs (11462588),Josh Jacobs,11462588,RB/FLEX/S-FLEX,4600,BAMA@TENN 10/20/2018 03:30PM ET,BAMA,10.5
RB,Kam Martin (11461575),Kam Martin,11461575,RB/FLEX/S-FLEX,4600,AUB@MISS 10/20/2018 12:00PM ET,AUB,6.83
WR,Anthony Schwartz (11461614),Anthony Schwartz,11461614,WR/FLEX/S-FLEX,4600,AUB@MISS 10/20/2018 12:00PM ET,AUB,11.8
RB,Darius Anderson (11461897),Darius Anderson,11461897,RB/FLEX/S-FLEX,4600,OU@TCU 10/20/2018 12:00PM ET,TCU,9.63
QB,Alex Hornibrook (11462098),Alex Hornibrook,11462098,QB/S-FLEX,4600,IL@WISC 10/20/2018 12:00PM ET,WISC,11.00
QB,Keller Chryst (11462469),Keller Chryst,11462469,QB/S-FLEX,4500,BAMA@TENN 10/20/2018 03:30PM ET,TENN,3.64
QB,JT Shrout (11462471),JT Shrout,11462471,QB/S-FLEX,4500,BAMA@TENN 10/20/2018 03:30PM ET,TENN,0
QB,Will McBride (11462473),Will McBride,11462473,QB/S-FLEX,4500,BAMA@TENN 10/20/2018 03:30PM ET,TENN,0
QB,Zac Jancek (11462475),Zac Jancek,11462475,QB/S-FLEX,4500,BAMA@TENN 10/20/2018 03:30PM ET,TENN,0
QB,Layne Hatcher (11462576),Layne Hatcher,11462576,QB/S-FLEX,4500,BAMA@TENN 10/20/2018 03:30PM ET,BAMA,0
QB,Kyle Edwards (11462578),Kyle Edwards,11462578,QB/S-FLEX,4500,BAMA@TENN 10/20/2018 03:30PM ET,BAMA,0
QB,Braxton Barker (11462580),Braxton Barker,11462580,QB/S-FLEX,4500,BAMA@TENN 10/20/2018 03:30PM ET,BAMA,0
QB,Cord Sandberg (11461564),Cord Sandberg,11461564,QB/S-FLEX,4500,AUB@MISS 10/20/2018 12:00PM ET,AUB,4.38
QB,Wil Appleton (11461566),Wil Appleton,11461566,QB/S-FLEX,4500,AUB@MISS 10/20/2018 12:00PM ET,AUB,0
QB,Devin Adams (11461568),Devin Adams,11461568,QB/S-FLEX,4500,AUB@MISS 10/20/2018 12:00PM ET,AUB,0.1
QB,Joey Gatewood (11461570),Joey Gatewood,11461570,QB/S-FLEX,4500,AUB@MISS 10/20/2018 12:00PM ET,AUB,0
WR,Darius Slayton (11461608),Darius Slayton,11461608,WR/FLEX/S-FLEX,4500,AUB@MISS 10/20/2018 12:00PM ET,AUB,8.67
QB,Ford Werness (11461669),Ford Werness,11461669,QB/S-FLEX,4500,AUB@MISS 10/20/2018 12:00PM ET,MISS,0
QB,Grant Restmeyer (11461671),Grant Restmeyer,11461671,QB/S-FLEX,4500,AUB@MISS 10/20/2018 12:00PM ET,MISS,0
QB,Jacob Cendoya (11461673),Jacob Cendoya,11461673,QB/S-FLEX,4500,AUB@MISS 10/20/2018 12:00PM ET,MISS,0
QB,Lindsey Scott Jr. (11463492),Lindsey Scott Jr.,11463492,QB/S-FLEX,4500,MEM@MIZZ 10/20/2018 04:00PM ET,MIZZ,0
QB,Taylor Powell (11463494),Taylor Powell,11463494,QB/S-FLEX,4500,MEM@MIZZ 10/20/2018 04:00PM ET,MIZZ,4.6
QB,Micah Wilson (11463496),Micah Wilson,11463496,QB/S-FLEX,4500,MEM@MIZZ 10/20/2018 04:00PM ET,MIZZ,1.7
WR,Jalen Knox (11463528),Jalen Knox,11463528,WR/FLEX/S-FLEX,4500,MEM@MIZZ 10/20/2018 04:00PM ET,MIZZ,11.72
QB,Brady McBride (11463592),Brady McBride,11463592,QB/S-FLEX,4500,MEM@MIZZ 10/20/2018 04:00PM ET,MEM,2.05
QB,Markevion Quinn (11463594),Markevion Quinn,11463594,QB/S-FLEX,4500,MEM@MIZZ 10/20/2018 04:00PM ET,MEM,0
RB,Tony Pollard (11463602),Tony Pollard,11463602,RB/FLEX/S-FLEX,4500,MEM@MIZZ 10/20/2018 04:00PM ET,MEM,10.61
QB,Blake Stenstrom (11462682),Blake Stenstrom,11462682,QB/S-FLEX,4500,COL@UW 10/20/2018 03:30PM ET,COL,0
QB,Josh Goldin (11462684),Josh Goldin,11462684,QB/S-FLEX,4500,COL@UW 10/20/2018 03:30PM ET,COL,0
QB,Tyler Lytle (11462686),Tyler Lytle,11462686,QB/S-FLEX,4500,COL@UW 10/20/2018 03:30PM ET,COL,0
QB,Jacob Eason (11462788),Jacob Eason,11462788,QB/S-FLEX,4500,COL@UW 10/20/2018 03:30PM ET,UW,0
QB,Colson Yankoff (11462790),Colson Yankoff,11462790,QB/S-FLEX,4500,COL@UW 10/20/2018 03:30PM ET,UW,0
QB,Jacob Sirmon (11462792),Jacob Sirmon,11462792,QB/S-FLEX,4500,COL@UW 10/20/2018 03:30PM ET,UW,0
QB,Billy Maples (11462899),Billy Maples,11462899,QB/S-FLEX,4500,KU@TTU 10/20/2018 03:30PM ET,KU,0
QB,Miles Fallin (11462901),Miles Fallin,11462901,QB/S-FLEX,4500,KU@TTU 10/20/2018 03:30PM ET,KU,0
QB,Caleb Griffin (11462999),Caleb Griffin,11462999,QB/S-FLEX,4500,KU@TTU 10/20/2018 03:30PM ET,TTU,0
QB,Nick Gerber (11463001),Nick Gerber,11463001,QB/S-FLEX,4500,KU@TTU 10/20/2018 03:30PM ET,TTU,0
QB,Colt Garrett (11463003),Colt Garrett,11463003,QB/S-FLEX,4500,KU@TTU 10/20/2018 03:30PM ET,TTU,6.66
QB,Reece Clark (11461777),Reece Clark,11461777,QB/S-FLEX,4500,OU@TCU 10/20/2018 12:00PM ET,OU,0
QB,Connor McGinnis (11461779),Connor McGinnis,11461779,QB/S-FLEX,4500,OU@TCU 10/20/2018 12:00PM ET,OU,0
QB,Tanner Mordecai (11461781),Tanner Mordecai,11461781,QB/S-FLEX,4500,OU@TCU 10/20/2018 12:00PM ET,OU,0.74
RB,Kennedy Brooks (11461786),Kennedy Brooks,11461786,RB/FLEX/S-FLEX,4500,OU@TCU 10/20/2018 12:00PM ET,OU,14.63
QB,Grayson Muehlstein (11461886),Grayson Muehlstein,11461886,QB/S-FLEX,4500,OU@TCU 10/20/2018 12:00PM ET,TCU,0.52
QB,Justin Rogers (11461888),Justin Rogers,11461888,QB/S-FLEX,4500,OU@TCU 10/20/2018 12:00PM ET,TCU,0
QB,Karson Ringdahl (11461890),Karson Ringdahl,11461890,QB/S-FLEX,4500,OU@TCU 10/20/2018 12:00PM ET,TCU,0.2
QB,Grant Beucler (11461892),Grant Beucler,11461892,QB/S-FLEX,4500,OU@TCU 10/20/2018 12:00PM ET,TCU,0
RB,Sewo Olonilua (11461894),Sewo Olonilua,11461894,RB/FLEX/S-FLEX,4500,OU@TCU 10/20/2018 12:00PM ET,TCU,7.03
QB,Ben Batson (11463095),Ben Batson,11463095,QB/S-FLEX,4500,NCST@CLEM 10/20/2018 03:30PM ET,CLEM,0.4
WR,Amari Rodgers (11463124),Amari Rodgers,11463124,WR/FLEX/S-FLEX,4500,NCST@CLEM 10/20/2018 03:30PM ET,CLEM,8.53
QB,Jory Perkins (11463190),Jory Perkins,11463190,QB/S-FLEX,4500,NCST@CLEM 10/20/2018 03:30PM ET,NCST,0
QB,Micah Leon (11463192),Micah Leon,11463192,QB/S-FLEX,4500,NCST@CLEM 10/20/2018 03:30PM ET,NCST,0
QB,Devin Leary (11463198),Devin Leary,11463198,QB/S-FLEX,4500,NCST@CLEM 10/20/2018 03:30PM ET,NCST,0
QB,Woody Cornwell (11463200),Woody Cornwell,11463200,QB/S-FLEX,4500,NCST@CLEM 10/20/2018 03:30PM ET,NCST,0
WR,Emeka Emezie (11463244),Emeka Emezie,11463244,WR/FLEX/S-FLEX,4500,NCST@CLEM 10/20/2018 03:30PM ET,NCST,14.6
QB,M.J. Rivers II (11462002),M.J. Rivers II,11462002,QB/S-FLEX,4500,IL@WISC 10/20/2018 12:00PM ET,IL,10.89
QB,Cam Miller (11462004),Cam Miller,11462004,QB/S-FLEX,4500,IL@WISC 10/20/2018 12:00PM ET,IL,0
QB,Drake Davis (11462006),Drake Davis,11462006,QB/S-FLEX,4500,IL@WISC 10/20/2018 12:00PM ET,IL,0
QB,Coran Taylor (11462010),Coran Taylor,11462010,QB/S-FLEX,4500,IL@WISC 10/20/2018 12:00PM ET,IL,0
QB,Matt Robinson (11462012),Matt Robinson,11462012,QB/S-FLEX,4500,IL@WISC 10/20/2018 12:00PM ET,IL,0.61
QB,Danny Vanden Boom (11462100),Danny Vanden Boom,11462100,QB/S-FLEX,4500,IL@WISC 10/20/2018 12:00PM ET,WISC,4.12
QB,Chase Wolf (11462102),Chase Wolf,11462102,QB/S-FLEX,4500,IL@WISC 10/20/2018 12:00PM ET,WISC,0
QB,Nate Carter (11462104),Nate Carter,11462104,QB/S-FLEX,4500,IL@WISC 10/20/2018 12:00PM ET,WISC,0
QB,Jack Coan (11462106),Jack Coan,11462106,QB/S-FLEX,4500,IL@WISC 10/20/2018 12:00PM ET,WISC,0
RB,Taiwan Deal (11462111),Taiwan Deal,11462111,RB/FLEX/S-FLEX,4500,IL@WISC 10/20/2018 12:00PM ET,WISC,7.37
QB,Mike Fiacable (11463290),Mike Fiacable,11463290,QB/S-FLEX,4500,PSU@IU 10/20/2018 03:30PM ET,IU,1.7
QB,Reese Taylor (11463292),Reese Taylor,11463292,QB/S-FLEX,4500,PSU@IU 10/20/2018 03:30PM ET,IU,5.26
QB,Johnny Pabst (11463294),Johnny Pabst,11463294,QB/S-FLEX,4500,PSU@IU 10/20/2018 03:30PM ET,IU,0
QB,Will Levis (11463392),Will Levis,11463392,QB/S-FLEX,4500,PSU@IU 10/20/2018 03:30PM ET,PSU,0
QB,Grayson Kline (11463394),Grayson Kline,11463394,QB/S-FLEX,4500,PSU@IU 10/20/2018 03:30PM ET,PSU,0
QB,Michael Shuster (11463396),Michael Shuster,11463396,QB/S-FLEX,4500,PSU@IU 10/20/2018 03:30PM ET,PSU,0
QB,Michael Sessa (11462211),Michael Sessa,11462211,QB/S-FLEX,4500,MICH@MSU 10/20/2018 12:00PM ET,MICH,0
QB,Brandon Peters (11462213),Brandon Peters,11462213,QB/S-FLEX,4500,MICH@MSU 10/20/2018 12:00PM ET,MICH,-1
QB,Joe MIlton (11462215),Joe MIlton,11462215,QB/S-FLEX,4500,MICH@MSU 10/20/2018 12:00PM ET,MICH,2.2
QB,Max Wittwer (11462217),Max Wittwer,11462217,QB/S-FLEX,4500,MICH@MSU 10/20/2018 12:00PM ET,MICH,0
QB,Theo Day (11462358),Theo Day,11462358,QB/S-FLEX,4500,MICH@MSU 10/20/2018 12:00PM ET,MSU,0
QB,Mickey Macius (11462360),Mickey Macius,11462360,QB/S-FLEX,4500,MICH@MSU 10/20/2018 12:00PM ET,MSU,0
RB,LJ Scott (11462365),LJ Scott,11462365,RB/FLEX/S-FLEX,4500,MICH@MSU 10/20/2018 12:00PM ET,MSU,11.3
WR,Jaylen Waddle (11462618),Jaylen Waddle,11462618,WR/FLEX/S-FLEX,4400,BAMA@TENN 10/20/2018 03:30PM ET,BAMA,10.29
RB,Patrick Taylor Jr. (11463599),Patrick Taylor Jr.,11463599,RB/FLEX/S-FLEX,4400,MEM@MIZZ 10/20/2018 04:00PM ET,MEM,14.49
RB,Sean McGrew (11462803),Sean McGrew,11462803,RB/FLEX/S-FLEX,4400,COL@UW 10/20/2018 03:30PM ET,UW,3.93
WR,Hunter Renfrow (11463127),Hunter Renfrow,11463127,WR/FLEX/S-FLEX,4400,NCST@CLEM 10/20/2018 03:30PM ET,CLEM,7.53
RB,Reggie Corbin (11462017),Reggie Corbin,11462017,RB/FLEX/S-FLEX,4400,IL@WISC 10/20/2018 12:00PM ET,IL,16.23
WR,Jake Ferguson (11462156),Jake Ferguson,11462156,WR/FLEX/S-FLEX,4400,IL@WISC 10/20/2018 12:00PM ET,WISC,9.32
RB,Mike Epstein (11462014),Mike Epstein,11462014,RB/FLEX/S-FLEX,4300,IL@WISC 10/20/2018 12:00PM ET,IL,13.72
WR,J-Shun Harris II (11463335),J-Shun Harris II,11463335,WR/FLEX/S-FLEX,4300,PSU@IU 10/20/2018 03:30PM ET,IU,8.67
RB,Ty Chandler (11462477),Ty Chandler,11462477,RB/FLEX/S-FLEX,4200,BAMA@TENN 10/20/2018 03:30PM ET,TENN,14.24
WR,Elijah Moore (11461711),Elijah Moore,11461711,WR/FLEX/S-FLEX,4200,AUB@MISS 10/20/2018 12:00PM ET,MISS,6.45
WR,Pop Williams (11463623),Pop Williams,11463623,WR/FLEX/S-FLEX,4200,MEM@MIZZ 10/20/2018 04:00PM ET,MEM,7.33
WR,Kerr Johnson Jr. (11462936),Kerr Johnson Jr.,11462936,WR/FLEX/S-FLEX,4200,KU@TTU 10/20/2018 03:30PM ET,KU,9.65
RB,Da'Leon Ward (11463008),Da'Leon Ward,11463008,RB/FLEX/S-FLEX,4200,KU@TTU 10/20/2018 03:30PM ET,TTU,9.5
WR,KeSean Carter (11463044),KeSean Carter,11463044,WR/FLEX/S-FLEX,4200,KU@TTU 10/20/2018 03:30PM ET,TTU,9.5
WR,Whop Philyor (11463329),Whop Philyor,11463329,WR/FLEX/S-FLEX,4200,PSU@IU 10/20/2018 03:30PM ET,IU,17.2
WR,Zach Gentry (11462279),Zach Gentry,11462279,WR/FLEX/S-FLEX,4200,MICH@MSU 10/20/2018 12:00PM ET,MICH,8.73
WR,Nico Collins (11462282),Nico Collins,11462282,WR/FLEX/S-FLEX,4200,MICH@MSU 10/20/2018 12:00PM ET,MICH,7.94
RB,Beau Bisharat (11462694),Beau Bisharat,11462694,RB/FLEX/S-FLEX,4100,COL@UW 10/20/2018 03:30PM ET,COL,7.23
WR,Tony Brown (11462721),Tony Brown,11462721,WR/FLEX/S-FLEX,4100,COL@UW 10/20/2018 03:30PM ET,COL,8.07
WR,Donavan Hale (11463332),Donavan Hale,11463332,WR/FLEX/S-FLEX,4100,PSU@IU 10/20/2018 03:30PM ET,IU,11.17
RB,Shaun Shivers (11461578),Shaun Shivers,11461578,RB/FLEX/S-FLEX,4000,AUB@MISS 10/20/2018 12:00PM ET,AUB,4.7
WR,Seth Williams (11461617),Seth Williams,11461617,WR/FLEX/S-FLEX,4000,AUB@MISS 10/20/2018 12:00PM ET,AUB,9.34
RB,Isaiah Woullard (11461678),Isaiah Woullard,11461678,RB/FLEX/S-FLEX,4000,AUB@MISS 10/20/2018 12:00PM ET,MISS,5.17
RB,Demarcus Felton (11463011),Demarcus Felton,11463011,RB/FLEX/S-FLEX,4000,KU@TTU 10/20/2018 03:30PM ET,TTU,8.8
RB,Garrett Groshek (11462114),Garrett Groshek,11462114,RB/FLEX/S-FLEX,4000,IL@WISC 10/20/2018 12:00PM ET,WISC,8.07
RB,La'Darius Jefferson (11462368),La'Darius Jefferson,11462368,RB/FLEX/S-FLEX,4000,MICH@MSU 10/20/2018 12:00PM ET,MSU,6.94
RB,Tyler Badie (11463504),Tyler Badie,11463504,RB/FLEX/S-FLEX,3900,MEM@MIZZ 10/20/2018 04:00PM ET,MIZZ,8.02
RB,Khalil Herbert (11462906),Khalil Herbert,11462906,RB/FLEX/S-FLEX,3900,KU@TTU 10/20/2018 03:30PM ET,KU,6.67
WR,Jeremiah Booker (11462939),Jeremiah Booker,11462939,WR/FLEX/S-FLEX,3900,KU@TTU 10/20/2018 03:30PM ET,KU,9.62
WR,Seth Collins (11463047),Seth Collins,11463047,WR/FLEX/S-FLEX,3900,KU@TTU 10/20/2018 03:30PM ET,TTU,4.77
WR,Lee Morris (11461825),Lee Morris,11461825,WR/FLEX/S-FLEX,3900,OU@TCU 10/20/2018 12:00PM ET,OU,10.5
RB,Alec Ingold (11462117),Alec Ingold,11462117,RB/FLEX/S-FLEX,3900,IL@WISC 10/20/2018 12:00PM ET,WISC,6.56
RB,Alex Fontenot (11462703),Alex Fontenot,11462703,RB/FLEX/S-FLEX,3800,COL@UW 10/20/2018 03:30PM ET,COL,5.15
WR,Zach Austin (11463050),Zach Austin,11463050,WR/FLEX/S-FLEX,3800,KU@TTU 10/20/2018 03:30PM ET,TTU,6.48
RB,Marcelias Sutton (11461789),Marcelias Sutton,11461789,RB/FLEX/S-FLEX,3800,OU@TCU 10/20/2018 12:00PM ET,OU,7.2
RB,Tavien Feaster (11463100),Tavien Feaster,11463100,RB/FLEX/S-FLEX,3800,NCST@CLEM 10/20/2018 03:30PM ET,CLEM,5.9
RB,Tru Wilson (11462225),Tru Wilson,11462225,RB/FLEX/S-FLEX,3800,MICH@MSU 10/20/2018 12:00PM ET,MICH,5.7
WR,Grant Perry (11462285),Grant Perry,11462285,WR/FLEX/S-FLEX,3800,MICH@MSU 10/20/2018 12:00PM ET,MICH,5.60
WR,Jauan Jennings (11462504),Jauan Jennings,11462504,WR/FLEX/S-FLEX,3700,BAMA@TENN 10/20/2018 03:30PM ET,TENN,8.62
RB,Asa Martin (11461581),Asa Martin,11461581,RB/FLEX/S-FLEX,3700,AUB@MISS 10/20/2018 12:00PM ET,AUB,1.72
RB,Ricky Slade (11463401),Ricky Slade,11463401,RB/FLEX/S-FLEX,3700,PSU@IU 10/20/2018 03:30PM ET,PSU,7.5
WR,Darrell Stewart Jr. (11462407),Darrell Stewart Jr.,11462407,WR/FLEX/S-FLEX,3700,MICH@MSU 10/20/2018 12:00PM ET,MSU,7.68
WR,Cam Chambers (11462458),Cam Chambers,11462458,WR/FLEX/S-FLEX,3700,MICH@MSU 10/20/2018 12:00PM ET,MSU,10.85
RB,SaRodorick Thompson (11463017),SaRodorick Thompson,11463017,RB/FLEX/S-FLEX,3600,KU@TTU 10/20/2018 03:30PM ET,TTU,7.88
WR,De'Quan Bowman (11463053),De'Quan Bowman,11463053,WR/FLEX/S-FLEX,3600,KU@TTU 10/20/2018 03:30PM ET,TTU,3.72
RB,Lyn-J Dixon (11463103),Lyn-J Dixon,11463103,RB/FLEX/S-FLEX,3600,NCST@CLEM 10/20/2018 03:30PM ET,CLEM,9.98
RB,Adam Choice (11463109),Adam Choice,11463109,RB/FLEX/S-FLEX,3600,NCST@CLEM 10/20/2018 03:30PM ET,CLEM,7.27
WR,Thayer Thomas (11463277),Thayer Thomas,11463277,WR/FLEX/S-FLEX,3600,NCST@CLEM 10/20/2018 03:30PM ET,NCST,10.65
WR,Brandon Polk (11463428),Brandon Polk,11463428,WR/FLEX/S-FLEX,3600,PSU@IU 10/20/2018 03:30PM ET,PSU,7.44
RB,Madre London (11462480),Madre London,11462480,RB/FLEX/S-FLEX,3500,BAMA@TENN 10/20/2018 03:30PM ET,TENN,6.6
WR,Josh Palmer (11462507),Josh Palmer,11462507,WR/FLEX/S-FLEX,3500,BAMA@TENN 10/20/2018 03:30PM ET,TENN,9.08
WR,Jay MacIntyre (11462724),Jay MacIntyre,11462724,WR/FLEX/S-FLEX,3500,COL@UW 10/20/2018 03:30PM ET,COL,7.89
WR,Andre Baccellia (11462824),Andre Baccellia,11462824,WR/FLEX/S-FLEX,3500,COL@UW 10/20/2018 03:30PM ET,UW,5.91
WR,Al'Dontre Davis (11461951),Al'Dontre Davis,11461951,WR/FLEX/S-FLEX,3500,OU@TCU 10/20/2018 12:00PM ET,TCU,6.15
WR,Stephen Louis (11463280),Stephen Louis,11463280,WR/FLEX/S-FLEX,3500,NCST@CLEM 10/20/2018 03:30PM ET,NCST,6.4
WR,Ricky Smalling (11462032),Ricky Smalling,11462032,WR/FLEX/S-FLEX,3500,IL@WISC 10/20/2018 12:00PM ET,IL,9.06
WR,Ty Fryfogle (11463356),Ty Fryfogle,11463356,WR/FLEX/S-FLEX,3500,PSU@IU 10/20/2018 03:30PM ET,IU,7.26
RB,Mark Allen (11463404),Mark Allen,11463404,RB/FLEX/S-FLEX,3500,PSU@IU 10/20/2018 03:30PM ET,PSU,9.47
WR,DeAndre Thompkins (11463425),DeAndre Thompkins,11463425,WR/FLEX/S-FLEX,3500,PSU@IU 10/20/2018 03:30PM ET,PSU,5.35
WR,Pat Freiermuth (11463431),Pat Freiermuth,11463431,WR/FLEX/S-FLEX,3500,PSU@IU 10/20/2018 03:30PM ET,PSU,6.82
WR,Marquez Callaway (11462510),Marquez Callaway,11462510,WR/FLEX/S-FLEX,3400,BAMA@TENN 10/20/2018 03:30PM ET,TENN,7.6
RB,Chandler Cox (11461584),Chandler Cox,11461584,RB/FLEX/S-FLEX,3400,AUB@MISS 10/20/2018 12:00PM ET,AUB,6.24
WR,Quinten Pounds (11462821),Quinten Pounds,11462821,WR/FLEX/S-FLEX,3400,COL@UW 10/20/2018 03:30PM ET,UW,7.65
WR,Drew Sample (11462827),Drew Sample,11462827,WR/FLEX/S-FLEX,3400,COL@UW 10/20/2018 03:30PM ET,UW,8.22
WR,Grant Calcaterra (11461822),Grant Calcaterra,11461822,WR/FLEX/S-FLEX,3400,OU@TCU 10/20/2018 12:00PM ET,OU,5.74
WR,Taye Barber (11461924),Taye Barber,11461924,WR/FLEX/S-FLEX,3400,OU@TCU 10/20/2018 12:00PM ET,TCU,6.77
WR,Diondre Overton (11463133),Diondre Overton,11463133,WR/FLEX/S-FLEX,3400,NCST@CLEM 10/20/2018 03:30PM ET,CLEM,9.17
WR,Luke Timian (11463362),Luke Timian,11463362,WR/FLEX/S-FLEX,3400,PSU@IU 10/20/2018 03:30PM ET,IU,8.82
RB,Ben Mason (11462228),Ben Mason,11462228,RB/FLEX/S-FLEX,3400,MICH@MSU 10/20/2018 12:00PM ET,MICH,9.65
WR,Nate Brown (11463531),Nate Brown,11463531,WR/FLEX/S-FLEX,3300,MEM@MIZZ 10/20/2018 04:00PM ET,MIZZ,6.22
RB,Brady Bodine (11463220),Brady Bodine,11463220,RB/FLEX/S-FLEX,3300,NCST@CLEM 10/20/2018 03:30PM ET,NCST,4.77
WR,C.J. Riley (11463253),C.J. Riley,11463253,WR/FLEX/S-FLEX,3300,NCST@CLEM 10/20/2018 03:30PM ET,NCST,6.95
RB,Ra'Von Bonner (11462020),Ra'Von Bonner,11462020,RB/FLEX/S-FLEX,3300,IL@WISC 10/20/2018 12:00PM ET,IL,3.53
WR,Brandon Sowards (11462404),Brandon Sowards,11462404,WR/FLEX/S-FLEX,3300,MICH@MSU 10/20/2018 12:00PM ET,MSU,3.5
RB,Tim Jordan (11462483),Tim Jordan,11462483,RB/FLEX/S-FLEX,3200,BAMA@TENN 10/20/2018 03:30PM ET,TENN,8.47
RB,Brian Robinson Jr. (11462591),Brian Robinson Jr.,11462591,RB/FLEX/S-FLEX,3200,BAMA@TENN 10/20/2018 03:30PM ET,BAMA,4.02
WR,Dawson Knox (11461714),Dawson Knox,11461714,WR/FLEX/S-FLEX,3200,AUB@MISS 10/20/2018 12:00PM ET,MISS,4.72
WR,Antonio Gibson (11463626),Antonio Gibson,11463626,WR/FLEX/S-FLEX,3200,MEM@MIZZ 10/20/2018 04:00PM ET,MEM,6.98
RB,Kenedy Snell (11461900),Kenedy Snell,11461900,RB/FLEX/S-FLEX,3200,OU@TCU 10/20/2018 12:00PM ET,TCU,2.3
WR,Jaelan Austin (11461921),Jaelan Austin,11461921,WR/FLEX/S-FLEX,3200,OU@TCU 10/20/2018 12:00PM ET,TCU,4.1
WR,Sam Mays (11462035),Sam Mays,11462035,WR/FLEX/S-FLEX,3200,IL@WISC 10/20/2018 12:00PM ET,IL,5.6
RB,Ronnie Walker Jr. (11463299),Ronnie Walker Jr.,11463299,RB/FLEX/S-FLEX,3200,PSU@IU 10/20/2018 03:30PM ET,IU,3.88
WR,Hale Hentges (11462621),Hale Hentges,11462621,WR/FLEX/S-FLEX,3100,BAMA@TENN 10/20/2018 03:30PM ET,BAMA,9.15
WR,Octavious Cooley (11461717),Octavious Cooley,11461717,WR/FLEX/S-FLEX,3100,AUB@MISS 10/20/2018 12:00PM ET,MISS,16.5
WR,Joey Magnifico (11463629),Joey Magnifico,11463629,WR/FLEX/S-FLEX,3100,MEM@MIZZ 10/20/2018 04:00PM ET,MEM,4.63
WR,Juwann Winfree (11462727),Juwann Winfree,11462727,WR/FLEX/S-FLEX,3100,COL@UW 10/20/2018 03:30PM ET,COL,9.25
WR,Cade Otton (11462830),Cade Otton,11462830,WR/FLEX/S-FLEX,3100,COL@UW 10/20/2018 03:30PM ET,UW,8.57
WR,Pro Wells (11461927),Pro Wells,11461927,WR/FLEX/S-FLEX,3100,OU@TCU 10/20/2018 12:00PM ET,TCU,0
WR,Mike Dudek (11462038),Mike Dudek,11462038,WR/FLEX/S-FLEX,3100,IL@WISC 10/20/2018 12:00PM ET,IL,11.2
RB,Johnathan Thomas (11463407),Johnathan Thomas,11463407,RB/FLEX/S-FLEX,3100,PSU@IU 10/20/2018 03:30PM ET,PSU,7.2
RB,Jeremy Banks (11462486),Jeremy Banks,11462486,RB/FLEX/S-FLEX,3000,BAMA@TENN 10/20/2018 03:30PM ET,TENN,6.82
RB,Princeton Fant (11462489),Princeton Fant,11462489,RB/FLEX/S-FLEX,3000,BAMA@TENN 10/20/2018 03:30PM ET,TENN,0.7
RB,James Christian (11462492),James Christian,11462492,RB/FLEX/S-FLEX,3000,BAMA@TENN 10/20/2018 03:30PM ET,TENN,0
RB,Tanner Dobrucky (11462495),Tanner Dobrucky,11462495,RB/FLEX/S-FLEX,3000,BAMA@TENN 10/20/2018 03:30PM ET,TENN,0
RB,Chip Omer (11462498),Chip Omer,11462498,RB/FLEX/S-FLEX,3000,BAMA@TENN 10/20/2018 03:30PM ET,TENN,0
RB,Ramsey Hailey (11462501),Ramsey Hailey,11462501,RB/FLEX/S-FLEX,3000,BAMA@TENN 10/20/2018 03:30PM ET,TENN,0
WR,Malik Elion (11462513),Malik Elion,11462513,WR/FLEX/S-FLEX,3000,BAMA@TENN 10/20/2018 03:30PM ET,TENN,0
WR,Latrell Williams (11462516),Latrell Williams,11462516,WR/FLEX/S-FLEX,3000,BAMA@TENN 10/20/2018 03:30PM ET,TENN,0
WR,Eli Wolf (11462519),Eli Wolf,11462519,WR/FLEX/S-FLEX,3000,BAMA@TENN 10/20/2018 03:30PM ET,TENN,2.2
WR,Richard Mize Jr. (11462522),Richard Mize Jr.,11462522,WR/FLEX/S-FLEX,3000,BAMA@TENN 10/20/2018 03:30PM ET,TENN,0
WR,Dominick Wood-Anderson (11462525),Dominick Wood-Anderson,11462525,WR/FLEX/S-FLEX,3000,BAMA@TENN 10/20/2018 03:30PM ET,TENN,3.7
WR,Jay Shoop (11462528),Jay Shoop,11462528,WR/FLEX/S-FLEX,3000,BAMA@TENN 10/20/2018 03:30PM ET,TENN,0
WR,Cedric Tillman (11462531),Cedric Tillman,11462531,WR/FLEX/S-FLEX,3000,BAMA@TENN 10/20/2018 03:30PM ET,TENN,0.7
WR,Grant Frerking (11462534),Grant Frerking,11462534,WR/FLEX/S-FLEX,3000,BAMA@TENN 10/20/2018 03:30PM ET,TENN,0
WR,Jacob Warren (11462537),Jacob Warren,11462537,WR/FLEX/S-FLEX,3000,BAMA@TENN 10/20/2018 03:30PM ET,TENN,0
WR,Jacquez Jones (11462540),Jacquez Jones,11462540,WR/FLEX/S-FLEX,3000,BAMA@TENN 10/20/2018 03:30PM ET,TENN,0
WR,Austin Pope (11462543),Austin Pope,11462543,WR/FLEX/S-FLEX,3000,BAMA@TENN 10/20/2018 03:30PM ET,TENN,5.5
WR,Ja'Quain Blakely (11462546),Ja'Quain Blakely,11462546,WR/FLEX/S-FLEX,3000,BAMA@TENN 10/20/2018 03:30PM ET,TENN,0
WR,Tyler Byrd (11462549),Tyler Byrd,11462549,WR/FLEX/S-FLEX,3000,BAMA@TENN 10/20/2018 03:30PM ET,TENN,0
WR,Jordan Murphy (11462552),Jordan Murphy,11462552,WR/FLEX/S-FLEX,3000,BAMA@TENN 10/20/2018 03:30PM ET,TENN,6.57
WR,Andrew Craig (11462555),Andrew Craig,11462555,WR/FLEX/S-FLEX,3000,BAMA@TENN 10/20/2018 03:30PM ET,TENN,0
WR,Latrell Bumphus (11462558),Latrell Bumphus,11462558,WR/FLEX/S-FLEX,3000,BAMA@TENN 10/20/2018 03:30PM ET,TENN,0
WR,Maleik Gray (11462561),Maleik Gray,11462561,WR/FLEX/S-FLEX,3000,BAMA@TENN 10/20/2018 03:30PM ET,TENN,0
WR,Brandon Johnson (11462564),Brandon Johnson,11462564,WR/FLEX/S-FLEX,3000,BAMA@TENN 10/20/2018 03:30PM ET,TENN,4.18
WR,James Brown (11462567),James Brown,11462567,WR/FLEX/S-FLEX,3000,BAMA@TENN 10/20/2018 03:30PM ET,TENN,0
RB,Ronnie Clark (11462594),Ronnie Clark,11462594,RB/FLEX/S-FLEX,3000,BAMA@TENN 10/20/2018 03:30PM ET,BAMA,0.63
RB,Jerome Ford (11462597),Jerome Ford,11462597,RB/FLEX/S-FLEX,3000,BAMA@TENN 10/20/2018 03:30PM ET,BAMA,1.23
RB,Kendall Norris (11462600),Kendall Norris,11462600,RB/FLEX/S-FLEX,3000,BAMA@TENN 10/20/2018 03:30PM ET,BAMA,0
RB,De'Marquise Lockridge (11462603),De'Marquise Lockridge,11462603,RB/FLEX/S-FLEX,3000,BAMA@TENN 10/20/2018 03:30PM ET,BAMA,0
WR,Miller Forristall (11462624),Miller Forristall,11462624,WR/FLEX/S-FLEX,3000,BAMA@TENN 10/20/2018 03:30PM ET,BAMA,0
WR,Major Tennison (11462627),Major Tennison,11462627,WR/FLEX/S-FLEX,3000,BAMA@TENN 10/20/2018 03:30PM ET,BAMA,0
WR,Chris Golden (11462630),Chris Golden,11462630,WR/FLEX/S-FLEX,3000,BAMA@TENN 10/20/2018 03:30PM ET,BAMA,0
WR,Chris Herring (11462633),Chris Herring,11462633,WR/FLEX/S-FLEX,3000,BAMA@TENN 10/20/2018 03:30PM ET,BAMA,0
WR,Derek Kief (11462636),Derek Kief,11462636,WR/FLEX/S-FLEX,3000,BAMA@TENN 10/20/2018 03:30PM ET,BAMA,4
WR,Xavian Marks (11462639),Xavian Marks,11462639,WR/FLEX/S-FLEX,3000,BAMA@TENN 10/20/2018 03:30PM ET,BAMA,0
WR,Tyrell Shavers (11462642),Tyrell Shavers,11462642,WR/FLEX/S-FLEX,3000,BAMA@TENN 10/20/2018 03:30PM ET,BAMA,0
WR,Chadarius Townsend (11462645),Chadarius Townsend,11462645,WR/FLEX/S-FLEX,3000,BAMA@TENN 10/20/2018 03:30PM ET,BAMA,0
WR,Xavier Williams (11462648),Xavier Williams,11462648,WR/FLEX/S-FLEX,3000,BAMA@TENN 10/20/2018 03:30PM ET,BAMA,0
WR,Slade Bolden (11462651),Slade Bolden,11462651,WR/FLEX/S-FLEX,3000,BAMA@TENN 10/20/2018 03:30PM ET,BAMA,0
WR,Kedrick James (11462654),Kedrick James,11462654,WR/FLEX/S-FLEX,3000,BAMA@TENN 10/20/2018 03:30PM ET,BAMA,0
WR,Giles Amos (11462657),Giles Amos,11462657,WR/FLEX/S-FLEX,3000,BAMA@TENN 10/20/2018 03:30PM ET,BAMA,0
WR,Michael Parker (11462660),Michael Parker,11462660,WR/FLEX/S-FLEX,3000,BAMA@TENN 10/20/2018 03:30PM ET,BAMA,0
WR,Jalen Jackson (11462663),Jalen Jackson,11462663,WR/FLEX/S-FLEX,3000,BAMA@TENN 10/20/2018 03:30PM ET,BAMA,0
WR,Daniel Powell (11462666),Daniel Powell,11462666,WR/FLEX/S-FLEX,3000,BAMA@TENN 10/20/2018 03:30PM ET,BAMA,0
WR,John Parker (11462669),John Parker,11462669,WR/FLEX/S-FLEX,3000,BAMA@TENN 10/20/2018 03:30PM ET,BAMA,0
WR,Bryce Musso (11462672),Bryce Musso,11462672,WR/FLEX/S-FLEX,3000,BAMA@TENN 10/20/2018 03:30PM ET,BAMA,0
WR,Mac Hereford (11462675),Mac Hereford,11462675,WR/FLEX/S-FLEX,3000,BAMA@TENN 10/20/2018 03:30PM ET,BAMA,0
RB,Harold Joiner (11461587),Harold Joiner,11461587,RB/FLEX/S-FLEX,3000,AUB@MISS 10/20/2018 12:00PM ET,AUB,6.9
RB,Cedric Chambers (11461590),Cedric Chambers,11461590,RB/FLEX/S-FLEX,3000,AUB@MISS 10/20/2018 12:00PM ET,AUB,3.2
RB,Spencer Nigh (11461593),Spencer Nigh,11461593,RB/FLEX/S-FLEX,3000,AUB@MISS 10/20/2018 12:00PM ET,AUB,0
RB,C.J. Tolbert (11461596),C.J. Tolbert,11461596,RB/FLEX/S-FLEX,3000,AUB@MISS 10/20/2018 12:00PM ET,AUB,0.1
RB,Malik Miller (11461599),Malik Miller,11461599,RB/FLEX/S-FLEX,3000,AUB@MISS 10/20/2018 12:00PM ET,AUB,6.85
RB,Chase Cramer (11461602),Chase Cramer,11461602,RB/FLEX/S-FLEX,3000,AUB@MISS 10/20/2018 12:00PM ET,AUB,0
RB,Devan Barrett (11461605),Devan Barrett,11461605,RB/FLEX/S-FLEX,3000,AUB@MISS 10/20/2018 12:00PM ET,AUB,0
WR,Shedrick Jackson (11461620),Shedrick Jackson,11461620,WR/FLEX/S-FLEX,3000,AUB@MISS 10/20/2018 12:00PM ET,AUB,0
WR,Sal Cannella (11461623),Sal Cannella,11461623,WR/FLEX/S-FLEX,3000,AUB@MISS 10/20/2018 12:00PM ET,AUB,4.06
WR,James Owens Moss (11461626),James Owens Moss,11461626,WR/FLEX/S-FLEX,3000,AUB@MISS 10/20/2018 12:00PM ET,AUB,0
WR,Dalton Brown (11461629),Dalton Brown,11461629,WR/FLEX/S-FLEX,3000,AUB@MISS 10/20/2018 12:00PM ET,AUB,0
WR,Eli Stove (11461632),Eli Stove,11461632,WR/FLEX/S-FLEX,3000,AUB@MISS 10/20/2018 12:00PM ET,AUB,1.5
WR,Marquis McClain (11461635),Marquis McClain,11461635,WR/FLEX/S-FLEX,3000,AUB@MISS 10/20/2018 12:00PM ET,AUB,0
WR,Matthew Hill (11461638),Matthew Hill,11461638,WR/FLEX/S-FLEX,3000,AUB@MISS 10/20/2018 12:00PM ET,AUB,2.2
WR,Griffin King (11461641),Griffin King,11461641,WR/FLEX/S-FLEX,3000,AUB@MISS 10/20/2018 12:00PM ET,AUB,0
WR,Kolbi Fuqua (11461644),Kolbi Fuqua,11461644,WR/FLEX/S-FLEX,3000,AUB@MISS 10/20/2018 12:00PM ET,AUB,0
WR,Malcolm Russell (11461647),Malcolm Russell,11461647,WR/FLEX/S-FLEX,3000,AUB@MISS 10/20/2018 12:00PM ET,AUB,0
WR,Will Hastings (11461650),Will Hastings,11461650,WR/FLEX/S-FLEX,3000,AUB@MISS 10/20/2018 12:00PM ET,AUB,0
WR,John Samuel Shenker (11461653),John Samuel Shenker,11461653,WR/FLEX/S-FLEX,3000,AUB@MISS 10/20/2018 12:00PM ET,AUB,2.55
WR,Jackson McFadden (11461656),Jackson McFadden,11461656,WR/FLEX/S-FLEX,3000,AUB@MISS 10/20/2018 12:00PM ET,AUB,0
WR,Pace Ozmint (11461659),Pace Ozmint,11461659,WR/FLEX/S-FLEX,3000,AUB@MISS 10/20/2018 12:00PM ET,AUB,0
WR,Robert Muschamp (11461662),Robert Muschamp,11461662,WR/FLEX/S-FLEX,3000,AUB@MISS 10/20/2018 12:00PM ET,AUB,0
RB,Keshun Wells (11461681),Keshun Wells,11461681,RB/FLEX/S-FLEX,3000,AUB@MISS 10/20/2018 12:00PM ET,MISS,2.1
RB,D.K. Buford (11461684),D.K. Buford,11461684,RB/FLEX/S-FLEX,3000,AUB@MISS 10/20/2018 12:00PM ET,MISS,0
RB,Eric Swinney (11461687),Eric Swinney,11461687,RB/FLEX/S-FLEX,3000,AUB@MISS 10/20/2018 12:00PM ET,MISS,2.45
RB,Jake VanRonzelen (11461690),Jake VanRonzelen,11461690,RB/FLEX/S-FLEX,3000,AUB@MISS 10/20/2018 12:00PM ET,MISS,0
RB,Quentin Young (11461693),Quentin Young,11461693,RB/FLEX/S-FLEX,3000,AUB@MISS 10/20/2018 12:00PM ET,MISS,0
RB,D'Vaughn Pennamon (11461696),D'Vaughn Pennamon,11461696,RB/FLEX/S-FLEX,3000,AUB@MISS 10/20/2018 12:00PM ET,MISS,0
WR,Jason Pellerin (11461720),Jason Pellerin,11461720,WR/FLEX/S-FLEX,3000,AUB@MISS 10/20/2018 12:00PM ET,MISS,0
WR,Nick Haynes (11461723),Nick Haynes,11461723,WR/FLEX/S-FLEX,3000,AUB@MISS 10/20/2018 12:00PM ET,MISS,0
WR,Alex Weber (11461726),Alex Weber,11461726,WR/FLEX/S-FLEX,3000,AUB@MISS 10/20/2018 12:00PM ET,MISS,2.17
WR,Drake Beck (11461729),Drake Beck,11461729,WR/FLEX/S-FLEX,3000,AUB@MISS 10/20/2018 12:00PM ET,MISS,0
WR,DeMarcus Gregory (11461732),DeMarcus Gregory,11461732,WR/FLEX/S-FLEX,3000,AUB@MISS 10/20/2018 12:00PM ET,MISS,0
WR,Alex Faniel (11461735),Alex Faniel,11461735,WR/FLEX/S-FLEX,3000,AUB@MISS 10/20/2018 12:00PM ET,MISS,0
WR,Miles Battle (11461738),Miles Battle,11461738,WR/FLEX/S-FLEX,3000,AUB@MISS 10/20/2018 12:00PM ET,MISS,2.2
WR,Jacob Carter (11461741),Jacob Carter,11461741,WR/FLEX/S-FLEX,3000,AUB@MISS 10/20/2018 12:00PM ET,MISS,0
WR,Nikolas Dean (11461744),Nikolas Dean,11461744,WR/FLEX/S-FLEX,3000,AUB@MISS 10/20/2018 12:00PM ET,MISS,0
WR,Harrison Homberg (11461747),Harrison Homberg,11461747,WR/FLEX/S-FLEX,3000,AUB@MISS 10/20/2018 12:00PM ET,MISS,0
WR,Josh Ricketts (11461750),Josh Ricketts,11461750,WR/FLEX/S-FLEX,3000,AUB@MISS 10/20/2018 12:00PM ET,MISS,0
WR,Jared Farlow (11461753),Jared Farlow,11461753,WR/FLEX/S-FLEX,3000,AUB@MISS 10/20/2018 12:00PM ET,MISS,0
WR,Ryan Drew (11461756),Ryan Drew,11461756,WR/FLEX/S-FLEX,3000,AUB@MISS 10/20/2018 12:00PM ET,MISS,0
WR,Nevin Wells (11461759),Nevin Wells,11461759,WR/FLEX/S-FLEX,3000,AUB@MISS 10/20/2018 12:00PM ET,MISS,0
WR,Sam Murphey (11461762),Sam Murphey,11461762,WR/FLEX/S-FLEX,3000,AUB@MISS 10/20/2018 12:00PM ET,MISS,0
WR,Floyd Allen (11461765),Floyd Allen,11461765,WR/FLEX/S-FLEX,3000,AUB@MISS 10/20/2018 12:00PM ET,MISS,2
WR,Gabe Angel (11461768),Gabe Angel,11461768,WR/FLEX/S-FLEX,3000,AUB@MISS 10/20/2018 12:00PM ET,MISS,0
RB,Dawson Downing (11463507),Dawson Downing,11463507,RB/FLEX/S-FLEX,3000,MEM@MIZZ 10/20/2018 04:00PM ET,MIZZ,0.6
RB,Jerney Jones (11463510),Jerney Jones,11463510,RB/FLEX/S-FLEX,3000,MEM@MIZZ 10/20/2018 04:00PM ET,MIZZ,0
RB,Simi Bakare (11463513),Simi Bakare,11463513,RB/FLEX/S-FLEX,3000,MEM@MIZZ 10/20/2018 04:00PM ET,MIZZ,0
RB,Isaiah Miller (11463516),Isaiah Miller,11463516,RB/FLEX/S-FLEX,3000,MEM@MIZZ 10/20/2018 04:00PM ET,MIZZ,0
WR,Daniel Parker (11463534),Daniel Parker,11463534,WR/FLEX/S-FLEX,3000,MEM@MIZZ 10/20/2018 04:00PM ET,MIZZ,0
WR,Dominic Gicinto (11463537),Dominic Gicinto,11463537,WR/FLEX/S-FLEX,3000,MEM@MIZZ 10/20/2018 04:00PM ET,MIZZ,2.33
WR,Alex Ofodile (11463540),Alex Ofodile,11463540,WR/FLEX/S-FLEX,3000,MEM@MIZZ 10/20/2018 04:00PM ET,MIZZ,0
WR,Kendall Blanton (11463543),Kendall Blanton,11463543,WR/FLEX/S-FLEX,3000,MEM@MIZZ 10/20/2018 04:00PM ET,MIZZ,4.67
WR,Logan Christopherson (11463546),Logan Christopherson,11463546,WR/FLEX/S-FLEX,3000,MEM@MIZZ 10/20/2018 04:00PM ET,MIZZ,0
WR,Brendan Scales (11463549),Brendan Scales,11463549,WR/FLEX/S-FLEX,3000,MEM@MIZZ 10/20/2018 04:00PM ET,MIZZ,0
WR,Messiah Swinson (11463552),Messiah Swinson,11463552,WR/FLEX/S-FLEX,3000,MEM@MIZZ 10/20/2018 04:00PM ET,MIZZ,0
WR,Cade Musser (11463555),Cade Musser,11463555,WR/FLEX/S-FLEX,3000,MEM@MIZZ 10/20/2018 04:00PM ET,MIZZ,0
WR,Richaud Floyd (11463558),Richaud Floyd,11463558,WR/FLEX/S-FLEX,3000,MEM@MIZZ 10/20/2018 04:00PM ET,MIZZ,0
WR,Harry Ballard III (11463561),Harry Ballard III,11463561,WR/FLEX/S-FLEX,3000,MEM@MIZZ 10/20/2018 04:00PM ET,MIZZ,0
WR,Kentrell Barber (11463564),Kentrell Barber,11463564,WR/FLEX/S-FLEX,3000,MEM@MIZZ 10/20/2018 04:00PM ET,MIZZ,0
WR,Daniel Ellinger (11463567),Daniel Ellinger,11463567,WR/FLEX/S-FLEX,3000,MEM@MIZZ 10/20/2018 04:00PM ET,MIZZ,0
WR,Khmari Thompson (11463570),Khmari Thompson,11463570,WR/FLEX/S-FLEX,3000,MEM@MIZZ 10/20/2018 04:00PM ET,MIZZ,0
WR,Zac Schachtner (11463573),Zac Schachtner,11463573,WR/FLEX/S-FLEX,3000,MEM@MIZZ 10/20/2018 04:00PM ET,MIZZ,0
WR,Justin Smith (11463576),Justin Smith,11463576,WR/FLEX/S-FLEX,3000,MEM@MIZZ 10/20/2018 04:00PM ET,MIZZ,0
WR,Kam Scott (11463579),Kam Scott,11463579,WR/FLEX/S-FLEX,3000,MEM@MIZZ 10/20/2018 04:00PM ET,MIZZ,8.95
WR,Tauskie Dove (11463582),Tauskie Dove,11463582,WR/FLEX/S-FLEX,3000,MEM@MIZZ 10/20/2018 04:00PM ET,MIZZ,0
WR,Barrett Banister (11463585),Barrett Banister,11463585,WR/FLEX/S-FLEX,3000,MEM@MIZZ 10/20/2018 04:00PM ET,MIZZ,2.8
RB,Gregory Williams (11463605),Gregory Williams,11463605,RB/FLEX/S-FLEX,3000,MEM@MIZZ 10/20/2018 04:00PM ET,MEM,0
RB,Timothy Taylor (11463608),Timothy Taylor,11463608,RB/FLEX/S-FLEX,3000,MEM@MIZZ 10/20/2018 04:00PM ET,MEM,1.73
RB,Kenny Gainwell (11463611),Kenny Gainwell,11463611,RB/FLEX/S-FLEX,3000,MEM@MIZZ 10/20/2018 04:00PM ET,MEM,8.77
RB,Cameron Fleming (11463614),Cameron Fleming,11463614,RB/FLEX/S-FLEX,3000,MEM@MIZZ 10/20/2018 04:00PM ET,MEM,0.75
RB,Marquavius Weaver (11463617),Marquavius Weaver,11463617,RB/FLEX/S-FLEX,3000,MEM@MIZZ 10/20/2018 04:00PM ET,MEM,1.7
WR,Kameron Wilson (11463632),Kameron Wilson,11463632,WR/FLEX/S-FLEX,3000,MEM@MIZZ 10/20/2018 04:00PM ET,MEM,0
WR,Garrett Sapp (11463635),Garrett Sapp,11463635,WR/FLEX/S-FLEX,3000,MEM@MIZZ 10/20/2018 04:00PM ET,MEM,0
WR,Sean Dykes (11463638),Sean Dykes,11463638,WR/FLEX/S-FLEX,3000,MEM@MIZZ 10/20/2018 04:00PM ET,MEM,5.58
WR,Scottie Dill (11463641),Scottie Dill,11463641,WR/FLEX/S-FLEX,3000,MEM@MIZZ 10/20/2018 04:00PM ET,MEM,0
WR,Jeremy Tate Jr (11463644),Jeremy Tate Jr,11463644,WR/FLEX/S-FLEX,3000,MEM@MIZZ 10/20/2018 04:00PM ET,MEM,0
WR,Mechane Slade (11463647),Mechane Slade,11463647,WR/FLEX/S-FLEX,3000,MEM@MIZZ 10/20/2018 04:00PM ET,MEM,4.5
WR,Sam Craft (11463650),Sam Craft,11463650,WR/FLEX/S-FLEX,3000,MEM@MIZZ 10/20/2018 04:00PM ET,MEM,3.4
WR,Tyce Daniel (11463653),Tyce Daniel,11463653,WR/FLEX/S-FLEX,3000,MEM@MIZZ 10/20/2018 04:00PM ET,MEM,0
WR,John Hassell (11463656),John Hassell,11463656,WR/FLEX/S-FLEX,3000,MEM@MIZZ 10/20/2018 04:00PM ET,MEM,0
WR,Calvin Austin III (11463659),Calvin Austin III,11463659,WR/FLEX/S-FLEX,3000,MEM@MIZZ 10/20/2018 04:00PM ET,MEM,17.1
WR,Steven Stone (11463662),Steven Stone,11463662,WR/FLEX/S-FLEX,3000,MEM@MIZZ 10/20/2018 04:00PM ET,MEM,0
WR,Tre'Veon Hamilton (11463665),Tre'Veon Hamilton,11463665,WR/FLEX/S-FLEX,3000,MEM@MIZZ 10/20/2018 04:00PM ET,MEM,0
WR,Steven Enis (11463668),Steven Enis,11463668,WR/FLEX/S-FLEX,3000,MEM@MIZZ 10/20/2018 04:00PM ET,MEM,0
WR,Kedarian Jones (11463671),Kedarian Jones,11463671,WR/FLEX/S-FLEX,3000,MEM@MIZZ 10/20/2018 04:00PM ET,MEM,3.07
WR,Hunter Hill (11463674),Hunter Hill,11463674,WR/FLEX/S-FLEX,3000,MEM@MIZZ 10/20/2018 04:00PM ET,MEM,0
WR,Jared Edwards (11463677),Jared Edwards,11463677,WR/FLEX/S-FLEX,3000,MEM@MIZZ 10/20/2018 04:00PM ET,MEM,0
WR,Brennon Lewis (11463680),Brennon Lewis,11463680,WR/FLEX/S-FLEX,3000,MEM@MIZZ 10/20/2018 04:00PM ET,MEM,0
WR,Coye Fairman (11463683),Coye Fairman,11463683,WR/FLEX/S-FLEX,3000,MEM@MIZZ 10/20/2018 04:00PM ET,MEM,0
RB,Chase Sanders (11462697),Chase Sanders,11462697,RB/FLEX/S-FLEX,3000,COL@UW 10/20/2018 03:30PM ET,COL,0.8
RB,Deion Smith (11462700),Deion Smith,11462700,RB/FLEX/S-FLEX,3000,COL@UW 10/20/2018 03:30PM ET,COL,0
RB,Donovan Lee (11462706),Donovan Lee,11462706,RB/FLEX/S-FLEX,3000,COL@UW 10/20/2018 03:30PM ET,COL,0
RB,Noa Lukela (11462709),Noa Lukela,11462709,RB/FLEX/S-FLEX,3000,COL@UW 10/20/2018 03:30PM ET,COL,0
RB,Jarek Broussard (11462712),Jarek Broussard,11462712,RB/FLEX/S-FLEX,3000,COL@UW 10/20/2018 03:30PM ET,COL,0
WR,Kabion Ento (11462730),Kabion Ento,11462730,WR/FLEX/S-FLEX,3000,COL@UW 10/20/2018 03:30PM ET,COL,1.7
WR,Maurice Bell (11462733),Maurice Bell,11462733,WR/FLEX/S-FLEX,3000,COL@UW 10/20/2018 03:30PM ET,COL,0
WR,Jaylon Jackson (11462736),Jaylon Jackson,11462736,WR/FLEX/S-FLEX,3000,COL@UW 10/20/2018 03:30PM ET,COL,3.9
WR,Dylan Thomas (11462739),Dylan Thomas,11462739,WR/FLEX/S-FLEX,3000,COL@UW 10/20/2018 03:30PM ET,COL,0
WR,Curtis Chiaverini (11462742),Curtis Chiaverini,11462742,WR/FLEX/S-FLEX,3000,COL@UW 10/20/2018 03:30PM ET,COL,0
WR,Erik Lawson (11462745),Erik Lawson,11462745,WR/FLEX/S-FLEX,3000,COL@UW 10/20/2018 03:30PM ET,COL,0
WR,Chris Bounds (11462748),Chris Bounds,11462748,WR/FLEX/S-FLEX,3000,COL@UW 10/20/2018 03:30PM ET,COL,0
WR,Darrion Jones (11462751),Darrion Jones,11462751,WR/FLEX/S-FLEX,3000,COL@UW 10/20/2018 03:30PM ET,COL,0
WR,Derek Coleman (11462754),Derek Coleman,11462754,WR/FLEX/S-FLEX,3000,COL@UW 10/20/2018 03:30PM ET,COL,0
WR,Jared Poplawski (11462757),Jared Poplawski,11462757,WR/FLEX/S-FLEX,3000,COL@UW 10/20/2018 03:30PM ET,COL,0
WR,Jake Groth (11462760),Jake Groth,11462760,WR/FLEX/S-FLEX,3000,COL@UW 10/20/2018 03:30PM ET,COL,0
WR,Dimitri Stanley (11462763),Dimitri Stanley,11462763,WR/FLEX/S-FLEX,3000,COL@UW 10/20/2018 03:30PM ET,COL,0
WR,Daniel Arias (11462766),Daniel Arias,11462766,WR/FLEX/S-FLEX,3000,COL@UW 10/20/2018 03:30PM ET,COL,0
WR,Brady Russell (11462769),Brady Russell,11462769,WR/FLEX/S-FLEX,3000,COL@UW 10/20/2018 03:30PM ET,COL,0
WR,Clayton Baca (11462772),Clayton Baca,11462772,WR/FLEX/S-FLEX,3000,COL@UW 10/20/2018 03:30PM ET,COL,0
WR,Vincent Colodny (11462775),Vincent Colodny,11462775,WR/FLEX/S-FLEX,3000,COL@UW 10/20/2018 03:30PM ET,COL,0
WR,C.J. Schmanski (11462778),C.J. Schmanski,11462778,WR/FLEX/S-FLEX,3000,COL@UW 10/20/2018 03:30PM ET,COL,0
WR,Griffin Foulk (11462781),Griffin Foulk,11462781,WR/FLEX/S-FLEX,3000,COL@UW 10/20/2018 03:30PM ET,COL,0
RB,Richard Newton (11462806),Richard Newton,11462806,RB/FLEX/S-FLEX,3000,COL@UW 10/20/2018 03:30PM ET,UW,0
RB,Malik Braxton (11462809),Malik Braxton,11462809,RB/FLEX/S-FLEX,3000,COL@UW 10/20/2018 03:30PM ET,UW,0.7
RB,Jamyn Patu (11462812),Jamyn Patu,11462812,RB/FLEX/S-FLEX,3000,COL@UW 10/20/2018 03:30PM ET,UW,0
WR,Chico McClatcher (11462833),Chico McClatcher,11462833,WR/FLEX/S-FLEX,3000,COL@UW 10/20/2018 03:30PM ET,UW,3.27
WR,Marquis Spiker (11462836),Marquis Spiker,11462836,WR/FLEX/S-FLEX,3000,COL@UW 10/20/2018 03:30PM ET,UW,0
WR,Jordan Chin (11462839),Jordan Chin,11462839,WR/FLEX/S-FLEX,3000,COL@UW 10/20/2018 03:30PM ET,UW,0
WR,Alex Cook (11462842),Alex Cook,11462842,WR/FLEX/S-FLEX,3000,COL@UW 10/20/2018 03:30PM ET,UW,3.6
WR,Fatu Sua-Godinet (11462845),Fatu Sua-Godinet,11462845,WR/FLEX/S-FLEX,3000,COL@UW 10/20/2018 03:30PM ET,UW,0
WR,Jack Westover (11462848),Jack Westover,11462848,WR/FLEX/S-FLEX,3000,COL@UW 10/20/2018 03:30PM ET,UW,0
WR,Terrell Bynum (11462851),Terrell Bynum,11462851,WR/FLEX/S-FLEX,3000,COL@UW 10/20/2018 03:30PM ET,UW,0
WR,Jacob Kizer (11462854),Jacob Kizer,11462854,WR/FLEX/S-FLEX,3000,COL@UW 10/20/2018 03:30PM ET,UW,0
WR,Josh Rasmussen (11462857),Josh Rasmussen,11462857,WR/FLEX/S-FLEX,3000,COL@UW 10/20/2018 03:30PM ET,UW,0
WR,Max Richmond (11462860),Max Richmond,11462860,WR/FLEX/S-FLEX,3000,COL@UW 10/20/2018 03:30PM ET,UW,0
WR,Michael Neal (11462863),Michael Neal,11462863,WR/FLEX/S-FLEX,3000,COL@UW 10/20/2018 03:30PM ET,UW,0
WR,Trey Lowe (11462866),Trey Lowe,11462866,WR/FLEX/S-FLEX,3000,COL@UW 10/20/2018 03:30PM ET,UW,0
WR,Hunter Bryant (11462869),Hunter Bryant,11462869,WR/FLEX/S-FLEX,3000,COL@UW 10/20/2018 03:30PM ET,UW,0
WR,Jusstis Warren (11462872),Jusstis Warren,11462872,WR/FLEX/S-FLEX,3000,COL@UW 10/20/2018 03:30PM ET,UW,0
WR,Austin Osborne (11462875),Austin Osborne,11462875,WR/FLEX/S-FLEX,3000,COL@UW 10/20/2018 03:30PM ET,UW,0
WR,John Gardner (11462878),John Gardner,11462878,WR/FLEX/S-FLEX,3000,COL@UW 10/20/2018 03:30PM ET,UW,0
WR,David Pritchard (11462881),David Pritchard,11462881,WR/FLEX/S-FLEX,3000,COL@UW 10/20/2018 03:30PM ET,UW,0
WR,DeShon Williams (11462884),DeShon Williams,11462884,WR/FLEX/S-FLEX,3000,COL@UW 10/20/2018 03:30PM ET,UW,0
WR,Ian Biddle (11462887),Ian Biddle,11462887,WR/FLEX/S-FLEX,3000,COL@UW 10/20/2018 03:30PM ET,UW,0
WR,Devin Culp (11462890),Devin Culp,11462890,WR/FLEX/S-FLEX,3000,COL@UW 10/20/2018 03:30PM ET,UW,0
RB,Hudson Hall (11462909),Hudson Hall,11462909,RB/FLEX/S-FLEX,3000,KU@TTU 10/20/2018 03:30PM ET,KU,0
RB,Sam Schroeder (11462912),Sam Schroeder,11462912,RB/FLEX/S-FLEX,3000,KU@TTU 10/20/2018 03:30PM ET,KU,0
RB,Ryan Malbrough (11462915),Ryan Malbrough,11462915,RB/FLEX/S-FLEX,3000,KU@TTU 10/20/2018 03:30PM ET,KU,1
RB,Dom Williams (11462918),Dom Williams,11462918,RB/FLEX/S-FLEX,3000,KU@TTU 10/20/2018 03:30PM ET,KU,2.48
RB,Kendall Morris (11462921),Kendall Morris,11462921,RB/FLEX/S-FLEX,3000,KU@TTU 10/20/2018 03:30PM ET,KU,0
RB,Deron Thompson (11462924),Deron Thompson,11462924,RB/FLEX/S-FLEX,3000,KU@TTU 10/20/2018 03:30PM ET,KU,8.85
RB,Caperton Humphrey (11462927),Caperton Humphrey,11462927,RB/FLEX/S-FLEX,3000,KU@TTU 10/20/2018 03:30PM ET,KU,1.85
RB,Reese Randall (11462930),Reese Randall,11462930,RB/FLEX/S-FLEX,3000,KU@TTU 10/20/2018 03:30PM ET,KU,1.1
WR,Evan Fairs (11462942),Evan Fairs,11462942,WR/FLEX/S-FLEX,3000,KU@TTU 10/20/2018 03:30PM ET,KU,2.4
WR,Quan Hampton (11462945),Quan Hampton,11462945,WR/FLEX/S-FLEX,3000,KU@TTU 10/20/2018 03:30PM ET,KU,2.72
WR,Daylon Charlot (11462948),Daylon Charlot,11462948,WR/FLEX/S-FLEX,3000,KU@TTU 10/20/2018 03:30PM ET,KU,5.3
WR,Ryan Schadler (11462951),Ryan Schadler,11462951,WR/FLEX/S-FLEX,3000,KU@TTU 10/20/2018 03:30PM ET,KU,0.8
WR,Zach Nachbar (11462954),Zach Nachbar,11462954,WR/FLEX/S-FLEX,3000,KU@TTU 10/20/2018 03:30PM ET,KU,0
WR,Tyler Patrick (11462957),Tyler Patrick,11462957,WR/FLEX/S-FLEX,3000,KU@TTU 10/20/2018 03:30PM ET,KU,0
WR,Mavin Saunders (11462960),Mavin Saunders,11462960,WR/FLEX/S-FLEX,3000,KU@TTU 10/20/2018 03:30PM ET,KU,6.9
WR,James Sosinski (11462963),James Sosinski,11462963,WR/FLEX/S-FLEX,3000,KU@TTU 10/20/2018 03:30PM ET,KU,0
WR,Stephon Robinson Jr. (11462966),Stephon Robinson Jr.,11462966,WR/FLEX/S-FLEX,3000,KU@TTU 10/20/2018 03:30PM ET,KU,6.35
WR,Jack Luavasa (11462969),Jack Luavasa,11462969,WR/FLEX/S-FLEX,3000,KU@TTU 10/20/2018 03:30PM ET,KU,0
WR,Kwamie Lassiter II (11462972),Kwamie Lassiter II,11462972,WR/FLEX/S-FLEX,3000,KU@TTU 10/20/2018 03:30PM ET,KU,2.45
WR,Andrew Kelow (11462975),Andrew Kelow,11462975,WR/FLEX/S-FLEX,3000,KU@TTU 10/20/2018 03:30PM ET,KU,0
WR,Hunter Kaufman (11462978),Hunter Kaufman,11462978,WR/FLEX/S-FLEX,3000,KU@TTU 10/20/2018 03:30PM ET,KU,0
WR,Dylan Freberg (11462981),Dylan Freberg,11462981,WR/FLEX/S-FLEX,3000,KU@TTU 10/20/2018 03:30PM ET,KU,0
WR,Kameron McQueen (11462984),Kameron McQueen,11462984,WR/FLEX/S-FLEX,3000,KU@TTU 10/20/2018 03:30PM ET,KU,0
WR,Takulve Williams (11462987),Takulve Williams,11462987,WR/FLEX/S-FLEX,3000,KU@TTU 10/20/2018 03:30PM ET,KU,1.37
WR,Jack Parks (11462990),Jack Parks,11462990,WR/FLEX/S-FLEX,3000,KU@TTU 10/20/2018 03:30PM ET,KU,0
RB,Mason Reed (11463020),Mason Reed,11463020,RB/FLEX/S-FLEX,3000,KU@TTU 10/20/2018 03:30PM ET,TTU,0.55
RB,Tyler Carr (11463023),Tyler Carr,11463023,RB/FLEX/S-FLEX,3000,KU@TTU 10/20/2018 03:30PM ET,TTU,0
RB,Connor Killian (11463026),Connor Killian,11463026,RB/FLEX/S-FLEX,3000,KU@TTU 10/20/2018 03:30PM ET,TTU,1.1
RB,Mason McHorse (11463029),Mason McHorse,11463029,RB/FLEX/S-FLEX,3000,KU@TTU 10/20/2018 03:30PM ET,TTU,0
RB,Jake Levrier (11463032),Jake Levrier,11463032,RB/FLEX/S-FLEX,3000,KU@TTU 10/20/2018 03:30PM ET,TTU,0
WR,Erik Ezukanma (11463056),Erik Ezukanma,11463056,WR/FLEX/S-FLEX,3000,KU@TTU 10/20/2018 03:30PM ET,TTU,6.4
WR,Dalton Rigdon (11463059),Dalton Rigdon,11463059,WR/FLEX/S-FLEX,3000,KU@TTU 10/20/2018 03:30PM ET,TTU,2.95
WR,Brandt Schilling (11463062),Brandt Schilling,11463062,WR/FLEX/S-FLEX,3000,KU@TTU 10/20/2018 03:30PM ET,TTU,0
WR,Donta Thompson (11463065),Donta Thompson,11463065,WR/FLEX/S-FLEX,3000,KU@TTU 10/20/2018 03:30PM ET,TTU,2.1
WR,Xavier Martin (11463068),Xavier Martin,11463068,WR/FLEX/S-FLEX,3000,KU@TTU 10/20/2018 03:30PM ET,TTU,0
WR,Sterling Galban (11463071),Sterling Galban,11463071,WR/FLEX/S-FLEX,3000,KU@TTU 10/20/2018 03:30PM ET,TTU,0
WR,Myller Royals (11463074),Myller Royals,11463074,WR/FLEX/S-FLEX,3000,KU@TTU 10/20/2018 03:30PM ET,TTU,0
WR,Caden Leggett (11463077),Caden Leggett,11463077,WR/FLEX/S-FLEX,3000,KU@TTU 10/20/2018 03:30PM ET,TTU,0
WR,Dax Neece (11463080),Dax Neece,11463080,WR/FLEX/S-FLEX,3000,KU@TTU 10/20/2018 03:30PM ET,TTU,0
WR,Corey Fulcher (11463083),Corey Fulcher,11463083,WR/FLEX/S-FLEX,3000,KU@TTU 10/20/2018 03:30PM ET,TTU,0
WR,Kevin Terry (11463086),Kevin Terry,11463086,WR/FLEX/S-FLEX,3000,KU@TTU 10/20/2018 03:30PM ET,TTU,0
RB,T.J. Pledger (11461792),T.J. Pledger,11461792,RB/FLEX/S-FLEX,3000,OU@TCU 10/20/2018 12:00PM ET,OU,2.2
RB,Rodney Anderson (11461795),Rodney Anderson,11461795,RB/FLEX/S-FLEX,3000,OU@TCU 10/20/2018 12:00PM ET,OU,16.45
RB,Joe Castiglione Jr. (11461798),Joe Castiglione Jr.,11461798,RB/FLEX/S-FLEX,3000,OU@TCU 10/20/2018 12:00PM ET,OU,0
RB,Isaiah Harris (11461801),Isaiah Harris,11461801,RB/FLEX/S-FLEX,3000,OU@TCU 10/20/2018 12:00PM ET,OU,0
RB,Coby Tillman (11461804),Coby Tillman,11461804,RB/FLEX/S-FLEX,3000,OU@TCU 10/20/2018 12:00PM ET,OU,0
RB,Carson Meier (11461807),Carson Meier,11461807,RB/FLEX/S-FLEX,3000,OU@TCU 10/20/2018 12:00PM ET,OU,5.03
RB,Jeremiah Hall (11461810),Jeremiah Hall,11461810,RB/FLEX/S-FLEX,3000,OU@TCU 10/20/2018 12:00PM ET,OU,0
RB,Michael Anderson (11461813),Michael Anderson,11461813,RB/FLEX/S-FLEX,3000,OU@TCU 10/20/2018 12:00PM ET,OU,0
WR,Brayden Willis (11461828),Brayden Willis,11461828,WR/FLEX/S-FLEX,3000,OU@TCU 10/20/2018 12:00PM ET,OU,3.9
WR,A.D. Miller (11461831),A.D. Miller,11461831,WR/FLEX/S-FLEX,3000,OU@TCU 10/20/2018 12:00PM ET,OU,4.7
WR,Mykel Jones (11461834),Mykel Jones,11461834,WR/FLEX/S-FLEX,3000,OU@TCU 10/20/2018 12:00PM ET,OU,5.7
WR,Nick Basquine (11461837),Nick Basquine,11461837,WR/FLEX/S-FLEX,3000,OU@TCU 10/20/2018 12:00PM ET,OU,1.2
WR,Myles Tease (11461840),Myles Tease,11461840,WR/FLEX/S-FLEX,3000,OU@TCU 10/20/2018 12:00PM ET,OU,4.87
WR,Karsten Mathis (11461843),Karsten Mathis,11461843,WR/FLEX/S-FLEX,3000,OU@TCU 10/20/2018 12:00PM ET,OU,0
WR,Jaquayln Crawford (11461846),Jaquayln Crawford,11461846,WR/FLEX/S-FLEX,3000,OU@TCU 10/20/2018 12:00PM ET,OU,0
WR,Sam Iheke (11461849),Sam Iheke,11461849,WR/FLEX/S-FLEX,3000,OU@TCU 10/20/2018 12:00PM ET,OU,0
WR,Dane Saltarelli (11461852),Dane Saltarelli,11461852,WR/FLEX/S-FLEX,3000,OU@TCU 10/20/2018 12:00PM ET,OU,0
WR,Spencer Jones (11461855),Spencer Jones,11461855,WR/FLEX/S-FLEX,3000,OU@TCU 10/20/2018 12:00PM ET,OU,0
WR,Zach Kerstetter (11461858),Zach Kerstetter,11461858,WR/FLEX/S-FLEX,3000,OU@TCU 10/20/2018 12:00PM ET,OU,0
WR,Jaylon Robinson (11461861),Jaylon Robinson,11461861,WR/FLEX/S-FLEX,3000,OU@TCU 10/20/2018 12:00PM ET,OU,2.9
WR,Drake Stoops (11461864),Drake Stoops,11461864,WR/FLEX/S-FLEX,3000,OU@TCU 10/20/2018 12:00PM ET,OU,3.6
WR,Reggie Turner (11461867),Reggie Turner,11461867,WR/FLEX/S-FLEX,3000,OU@TCU 10/20/2018 12:00PM ET,OU,0
WR,Andrew Magee (11461870),Andrew Magee,11461870,WR/FLEX/S-FLEX,3000,OU@TCU 10/20/2018 12:00PM ET,OU,0
WR,Charleston Rambo (11461873),Charleston Rambo,11461873,WR/FLEX/S-FLEX,3000,OU@TCU 10/20/2018 12:00PM ET,OU,0
WR,Devin Staton (11461876),Devin Staton,11461876,WR/FLEX/S-FLEX,3000,OU@TCU 10/20/2018 12:00PM ET,OU,0
WR,Chase Nevel (11461879),Chase Nevel,11461879,WR/FLEX/S-FLEX,3000,OU@TCU 10/20/2018 12:00PM ET,OU,0
RB,Reginald Cole (11461903),Reginald Cole,11461903,RB/FLEX/S-FLEX,3000,OU@TCU 10/20/2018 12:00PM ET,TCU,0
RB,Omega Stallworth (11461906),Omega Stallworth,11461906,RB/FLEX/S-FLEX,3000,OU@TCU 10/20/2018 12:00PM ET,TCU,0
RB,Emari Demercado (11461909),Emari Demercado,11461909,RB/FLEX/S-FLEX,3000,OU@TCU 10/20/2018 12:00PM ET,TCU,2.35
RB,Jason D'Armore (11461912),Jason D'Armore,11461912,RB/FLEX/S-FLEX,3000,OU@TCU 10/20/2018 12:00PM ET,TCU,0
WR,Jarrison Stewart (11461930),Jarrison Stewart,11461930,WR/FLEX/S-FLEX,3000,OU@TCU 10/20/2018 12:00PM ET,TCU,5.15
WR,Michael Byrd Jr. (11461933),Michael Byrd Jr.,11461933,WR/FLEX/S-FLEX,3000,OU@TCU 10/20/2018 12:00PM ET,TCU,0
WR,Yishai Yablon (11461936),Yishai Yablon,11461936,WR/FLEX/S-FLEX,3000,OU@TCU 10/20/2018 12:00PM ET,TCU,0
WR,Cole Novak (11461939),Cole Novak,11461939,WR/FLEX/S-FLEX,3000,OU@TCU 10/20/2018 12:00PM ET,TCU,0
WR,Dylan Thomas (11461942),Dylan Thomas,11461942,WR/FLEX/S-FLEX,3000,OU@TCU 10/20/2018 12:00PM ET,TCU,6.9
WR,Derius Davis (11461945),Derius Davis,11461945,WR/FLEX/S-FLEX,3000,OU@TCU 10/20/2018 12:00PM ET,TCU,10.9
WR,TreVontae Hights (11461948),TreVontae Hights,11461948,WR/FLEX/S-FLEX,3000,OU@TCU 10/20/2018 12:00PM ET,TCU,9.37
WR,Chase Van Wagoner (11461954),Chase Van Wagoner,11461954,WR/FLEX/S-FLEX,3000,OU@TCU 10/20/2018 12:00PM ET,TCU,0
WR,Tevailance Hunt (11461957),Tevailance Hunt,11461957,WR/FLEX/S-FLEX,3000,OU@TCU 10/20/2018 12:00PM ET,TCU,1.9
WR,Patrick Zeller (11461960),Patrick Zeller,11461960,WR/FLEX/S-FLEX,3000,OU@TCU 10/20/2018 12:00PM ET,TCU,0
WR,Niven Raj (11461963),Niven Raj,11461963,WR/FLEX/S-FLEX,3000,OU@TCU 10/20/2018 12:00PM ET,TCU,0
WR,Daythan Davis (11461966),Daythan Davis,11461966,WR/FLEX/S-FLEX,3000,OU@TCU 10/20/2018 12:00PM ET,TCU,0
WR,Christian Williams (11461969),Christian Williams,11461969,WR/FLEX/S-FLEX,3000,OU@TCU 10/20/2018 12:00PM ET,TCU,0
WR,Jacques Guillot (11461972),Jacques Guillot,11461972,WR/FLEX/S-FLEX,3000,OU@TCU 10/20/2018 12:00PM ET,TCU,0.7
WR,Ni'Jeel Meeking (11461975),Ni'Jeel Meeking,11461975,WR/FLEX/S-FLEX,3000,OU@TCU 10/20/2018 12:00PM ET,TCU,1.9
WR,Artayvious Lynn (11461978),Artayvious Lynn,11461978,WR/FLEX/S-FLEX,3000,OU@TCU 10/20/2018 12:00PM ET,TCU,2
WR,John Stephens Jr. (11461981),John Stephens Jr.,11461981,WR/FLEX/S-FLEX,3000,OU@TCU 10/20/2018 12:00PM ET,TCU,2.1
WR,Bryson Jackson (11461984),Bryson Jackson,11461984,WR/FLEX/S-FLEX,3000,OU@TCU 10/20/2018 12:00PM ET,TCU,0
WR,Jack Powers (11461987),Jack Powers,11461987,WR/FLEX/S-FLEX,3000,OU@TCU 10/20/2018 12:00PM ET,TCU,0
WR,Brady Stringer (11461990),Brady Stringer,11461990,WR/FLEX/S-FLEX,3000,OU@TCU 10/20/2018 12:00PM ET,TCU,0
WR,Austin Ahrendt (11461993),Austin Ahrendt,11461993,WR/FLEX/S-FLEX,3000,OU@TCU 10/20/2018 12:00PM ET,TCU,0
WR,Ryan Martin (11461996),Ryan Martin,11461996,WR/FLEX/S-FLEX,3000,OU@TCU 10/20/2018 12:00PM ET,TCU,0
WR,Carter Ware (11461999),Carter Ware,11461999,WR/FLEX/S-FLEX,3000,OU@TCU 10/20/2018 12:00PM ET,TCU,0
RB,Darien Rencher (11463106),Darien Rencher,11463106,RB/FLEX/S-FLEX,3000,NCST@CLEM 10/20/2018 03:30PM ET,CLEM,1.1
RB,Ty Thomason (11463112),Ty Thomason,11463112,RB/FLEX/S-FLEX,3000,NCST@CLEM 10/20/2018 03:30PM ET,CLEM,0
RB,Ryan Mac Lain (11463115),Ryan Mac Lain,11463115,RB/FLEX/S-FLEX,3000,NCST@CLEM 10/20/2018 03:30PM ET,CLEM,0
RB,Sylvester Mayers (11463118),Sylvester Mayers,11463118,RB/FLEX/S-FLEX,3000,NCST@CLEM 10/20/2018 03:30PM ET,CLEM,0
WR,T.J. Chase (11463136),T.J. Chase,11463136,WR/FLEX/S-FLEX,3000,NCST@CLEM 10/20/2018 03:30PM ET,CLEM,2.72
WR,Milan Richard (11463139),Milan Richard,11463139,WR/FLEX/S-FLEX,3000,NCST@CLEM 10/20/2018 03:30PM ET,CLEM,2.85
WR,Garrett Williams (11463142),Garrett Williams,11463142,WR/FLEX/S-FLEX,3000,NCST@CLEM 10/20/2018 03:30PM ET,CLEM,1.4
WR,Cannon Smith (11463145),Cannon Smith,11463145,WR/FLEX/S-FLEX,3000,NCST@CLEM 10/20/2018 03:30PM ET,CLEM,2.15
WR,Trevion Thompson (11463148),Trevion Thompson,11463148,WR/FLEX/S-FLEX,3000,NCST@CLEM 10/20/2018 03:30PM ET,CLEM,2.6
WR,Derion Kendrick (11463151),Derion Kendrick,11463151,WR/FLEX/S-FLEX,3000,NCST@CLEM 10/20/2018 03:30PM ET,CLEM,2
WR,Will Swinney (11463154),Will Swinney,11463154,WR/FLEX/S-FLEX,3000,NCST@CLEM 10/20/2018 03:30PM ET,CLEM,2
WR,Max May (11463157),Max May,11463157,WR/FLEX/S-FLEX,3000,NCST@CLEM 10/20/2018 03:30PM ET,CLEM,0
WR,Cole Renfrow (11463160),Cole Renfrow,11463160,WR/FLEX/S-FLEX,3000,NCST@CLEM 10/20/2018 03:30PM ET,CLEM,0
WR,J.C. Chalk (11463163),J.C. Chalk,11463163,WR/FLEX/S-FLEX,3000,NCST@CLEM 10/20/2018 03:30PM ET,CLEM,1.6
WR,Braden Galloway (11463166),Braden Galloway,11463166,WR/FLEX/S-FLEX,3000,NCST@CLEM 10/20/2018 03:30PM ET,CLEM,5.4
WR,Tyler Brown (11463169),Tyler Brown,11463169,WR/FLEX/S-FLEX,3000,NCST@CLEM 10/20/2018 03:30PM ET,CLEM,0
WR,Carter Groomes (11463172),Carter Groomes,11463172,WR/FLEX/S-FLEX,3000,NCST@CLEM 10/20/2018 03:30PM ET,CLEM,0
WR,Josh Jackson (11463175),Josh Jackson,11463175,WR/FLEX/S-FLEX,3000,NCST@CLEM 10/20/2018 03:30PM ET,CLEM,0
WR,Cornell Powell (11463178),Cornell Powell,11463178,WR/FLEX/S-FLEX,3000,NCST@CLEM 10/20/2018 03:30PM ET,CLEM,2.82
WR,J.L. Banks (11463181),J.L. Banks,11463181,WR/FLEX/S-FLEX,3000,NCST@CLEM 10/20/2018 03:30PM ET,CLEM,0
WR,Drew Swinney (11463184),Drew Swinney,11463184,WR/FLEX/S-FLEX,3000,NCST@CLEM 10/20/2018 03:30PM ET,CLEM,0
WR,Will Brown (11463187),Will Brown,11463187,WR/FLEX/S-FLEX,3000,NCST@CLEM 10/20/2018 03:30PM ET,CLEM,0
RB,Trent Pennix (11463205),Trent Pennix,11463205,RB/FLEX/S-FLEX,3000,NCST@CLEM 10/20/2018 03:30PM ET,NCST,8.2
RB,Damontay Rhem (11463208),Damontay Rhem,11463208,RB/FLEX/S-FLEX,3000,NCST@CLEM 10/20/2018 03:30PM ET,NCST,0
RB,Marquise Braxton (11463211),Marquise Braxton,11463211,RB/FLEX/S-FLEX,3000,NCST@CLEM 10/20/2018 03:30PM ET,NCST,0
RB,Nakia Robinson (11463214),Nakia Robinson,11463214,RB/FLEX/S-FLEX,3000,NCST@CLEM 10/20/2018 03:30PM ET,NCST,0.8
RB,Darius Walton (11463217),Darius Walton,11463217,RB/FLEX/S-FLEX,3000,NCST@CLEM 10/20/2018 03:30PM ET,NCST,0
RB,Will Dabbs (11463223),Will Dabbs,11463223,RB/FLEX/S-FLEX,3000,NCST@CLEM 10/20/2018 03:30PM ET,NCST,0
WR,Adam Boselli (11463229),Adam Boselli,11463229,WR/FLEX/S-FLEX,3000,NCST@CLEM 10/20/2018 03:30PM ET,NCST,0
WR,Devin Carter (11463232),Devin Carter,11463232,WR/FLEX/S-FLEX,3000,NCST@CLEM 10/20/2018 03:30PM ET,NCST,0
WR,Thomas Ruocchio (11463235),Thomas Ruocchio,11463235,WR/FLEX/S-FLEX,3000,NCST@CLEM 10/20/2018 03:30PM ET,NCST,0
WR,Camden Woods (11463238),Camden Woods,11463238,WR/FLEX/S-FLEX,3000,NCST@CLEM 10/20/2018 03:30PM ET,NCST,0
WR,Eric Collins (11463241),Eric Collins,11463241,WR/FLEX/S-FLEX,3000,NCST@CLEM 10/20/2018 03:30PM ET,NCST,0
WR,Dylan Parham (11463247),Dylan Parham,11463247,WR/FLEX/S-FLEX,3000,NCST@CLEM 10/20/2018 03:30PM ET,NCST,3.1
WR,Damien Darden (11463250),Damien Darden,11463250,WR/FLEX/S-FLEX,3000,NCST@CLEM 10/20/2018 03:30PM ET,NCST,0
WR,Dylan Autenrieth (11463256),Dylan Autenrieth,11463256,WR/FLEX/S-FLEX,3000,NCST@CLEM 10/20/2018 03:30PM ET,NCST,0
WR,Justin Dunn (11463259),Justin Dunn,11463259,WR/FLEX/S-FLEX,3000,NCST@CLEM 10/20/2018 03:30PM ET,NCST,0
WR,Jasiah Provillon (11463262),Jasiah Provillon,11463262,WR/FLEX/S-FLEX,3000,NCST@CLEM 10/20/2018 03:30PM ET,NCST,0
WR,Cary Angeline (11463265),Cary Angeline,11463265,WR/FLEX/S-FLEX,3000,NCST@CLEM 10/20/2018 03:30PM ET,NCST,5.9
WR,Tyler Dabbs (11463268),Tyler Dabbs,11463268,WR/FLEX/S-FLEX,3000,NCST@CLEM 10/20/2018 03:30PM ET,NCST,0
WR,Max Fisher (11463283),Max Fisher,11463283,WR/FLEX/S-FLEX,3000,NCST@CLEM 10/20/2018 03:30PM ET,NCST,0
RB,Jakari Norwood (11462023),Jakari Norwood,11462023,RB/FLEX/S-FLEX,3000,IL@WISC 10/20/2018 12:00PM ET,IL,-0.1
RB,Kenyon Sims (11462026),Kenyon Sims,11462026,RB/FLEX/S-FLEX,3000,IL@WISC 10/20/2018 12:00PM ET,IL,0
RB,Dre Brown (11462029),Dre Brown,11462029,RB/FLEX/S-FLEX,3000,IL@WISC 10/20/2018 12:00PM ET,IL,0.4
WR,Trenard Davis (11462041),Trenard Davis,11462041,WR/FLEX/S-FLEX,3000,IL@WISC 10/20/2018 12:00PM ET,IL,7.44
WR,Dominic Stampley (11462044),Dominic Stampley,11462044,WR/FLEX/S-FLEX,3000,IL@WISC 10/20/2018 12:00PM ET,IL,1.3
WR,Justice Williams (11462047),Justice Williams,11462047,WR/FLEX/S-FLEX,3000,IL@WISC 10/20/2018 12:00PM ET,IL,1.4
WR,Daniel Barker (11462050),Daniel Barker,11462050,WR/FLEX/S-FLEX,3000,IL@WISC 10/20/2018 12:00PM ET,IL,5.95
WR,Jordan Holmes (11462053),Jordan Holmes,11462053,WR/FLEX/S-FLEX,3000,IL@WISC 10/20/2018 12:00PM ET,IL,2.4
WR,Donny Navarro (11462056),Donny Navarro,11462056,WR/FLEX/S-FLEX,3000,IL@WISC 10/20/2018 12:00PM ET,IL,0
WR,Alex Pihlstrom (11462059),Alex Pihlstrom,11462059,WR/FLEX/S-FLEX,3000,IL@WISC 10/20/2018 12:00PM ET,IL,0
WR,Edwin Carter (11462062),Edwin Carter,11462062,WR/FLEX/S-FLEX,3000,IL@WISC 10/20/2018 12:00PM ET,IL,17.4
WR,Carmoni Green (11462065),Carmoni Green,11462065,WR/FLEX/S-FLEX,3000,IL@WISC 10/20/2018 12:00PM ET,IL,4.7
WR,Cam Stacy (11462068),Cam Stacy,11462068,WR/FLEX/S-FLEX,3000,IL@WISC 10/20/2018 12:00PM ET,IL,0
WR,Bobby Walker (11462071),Bobby Walker,11462071,WR/FLEX/S-FLEX,3000,IL@WISC 10/20/2018 12:00PM ET,IL,0
WR,Brandon Jones (11462074),Brandon Jones,11462074,WR/FLEX/S-FLEX,3000,IL@WISC 10/20/2018 12:00PM ET,IL,0
WR,Carlos Sandy (11462077),Carlos Sandy,11462077,WR/FLEX/S-FLEX,3000,IL@WISC 10/20/2018 12:00PM ET,IL,0.26
WR,Austin Roberts (11462080),Austin Roberts,11462080,WR/FLEX/S-FLEX,3000,IL@WISC 10/20/2018 12:00PM ET,IL,0
WR,Caleb Reams (11462083),Caleb Reams,11462083,WR/FLEX/S-FLEX,3000,IL@WISC 10/20/2018 12:00PM ET,IL,1.4
WR,Zac Holman (11462086),Zac Holman,11462086,WR/FLEX/S-FLEX,3000,IL@WISC 10/20/2018 12:00PM ET,IL,0
WR,Lou Dorsey (11462089),Lou Dorsey,11462089,WR/FLEX/S-FLEX,3000,IL@WISC 10/20/2018 12:00PM ET,IL,0
WR,Dylan Thomas (11462092),Dylan Thomas,11462092,WR/FLEX/S-FLEX,3000,IL@WISC 10/20/2018 12:00PM ET,IL,0
WR,Griffin Palmer (11462095),Griffin Palmer,11462095,WR/FLEX/S-FLEX,3000,IL@WISC 10/20/2018 12:00PM ET,IL,0
RB,Coy Wanner (11462120),Coy Wanner,11462120,RB/FLEX/S-FLEX,3000,IL@WISC 10/20/2018 12:00PM ET,WISC,0
RB,Chris James (11462123),Chris James,11462123,RB/FLEX/S-FLEX,3000,IL@WISC 10/20/2018 12:00PM ET,WISC,1.95
RB,Bradrick Shaw (11462126),Bradrick Shaw,11462126,RB/FLEX/S-FLEX,3000,IL@WISC 10/20/2018 12:00PM ET,WISC,0
RB,Nakia Watson (11462129),Nakia Watson,11462129,RB/FLEX/S-FLEX,3000,IL@WISC 10/20/2018 12:00PM ET,WISC,0
RB,Hunter Johnson (11462132),Hunter Johnson,11462132,RB/FLEX/S-FLEX,3000,IL@WISC 10/20/2018 12:00PM ET,WISC,0
RB,Jake Collinsworth (11462135),Jake Collinsworth,11462135,RB/FLEX/S-FLEX,3000,IL@WISC 10/20/2018 12:00PM ET,WISC,0
RB,Mark Saari (11462138),Mark Saari,11462138,RB/FLEX/S-FLEX,3000,IL@WISC 10/20/2018 12:00PM ET,WISC,0
RB,John Chenal (11462141),John Chenal,11462141,RB/FLEX/S-FLEX,3000,IL@WISC 10/20/2018 12:00PM ET,WISC,0
WR,Kyle Penniston (11462159),Kyle Penniston,11462159,WR/FLEX/S-FLEX,3000,IL@WISC 10/20/2018 12:00PM ET,WISC,1.4
WR,Luke Benzschawel (11462162),Luke Benzschawel,11462162,WR/FLEX/S-FLEX,3000,IL@WISC 10/20/2018 12:00PM ET,WISC,0
WR,Zander Neuville (11462165),Zander Neuville,11462165,WR/FLEX/S-FLEX,3000,IL@WISC 10/20/2018 12:00PM ET,WISC,1.3
WR,Taj Mustapha (11462168),Taj Mustapha,11462168,WR/FLEX/S-FLEX,3000,IL@WISC 10/20/2018 12:00PM ET,WISC,7.3
WR,Aron Cruickshank (11462171),Aron Cruickshank,11462171,WR/FLEX/S-FLEX,3000,IL@WISC 10/20/2018 12:00PM ET,WISC,0.2
WR,A.J. Abbott (11462174),A.J. Abbott,11462174,WR/FLEX/S-FLEX,3000,IL@WISC 10/20/2018 12:00PM ET,WISC,0
WR,Emmet Perry (11462177),Emmet Perry,11462177,WR/FLEX/S-FLEX,3000,IL@WISC 10/20/2018 12:00PM ET,WISC,0
WR,Jack Eschenbach (11462180),Jack Eschenbach,11462180,WR/FLEX/S-FLEX,3000,IL@WISC 10/20/2018 12:00PM ET,WISC,0
WR,Jack Dunn (11462183),Jack Dunn,11462183,WR/FLEX/S-FLEX,3000,IL@WISC 10/20/2018 12:00PM ET,WISC,0.6
WR,Cade Green (11462186),Cade Green,11462186,WR/FLEX/S-FLEX,3000,IL@WISC 10/20/2018 12:00PM ET,WISC,0
WR,Cormac Sampson (11462189),Cormac Sampson,11462189,WR/FLEX/S-FLEX,3000,IL@WISC 10/20/2018 12:00PM ET,WISC,0
WR,Adam Krumholz (11462192),Adam Krumholz,11462192,WR/FLEX/S-FLEX,3000,IL@WISC 10/20/2018 12:00PM ET,WISC,1.5
WR,Mike Gregoire (11462195),Mike Gregoire,11462195,WR/FLEX/S-FLEX,3000,IL@WISC 10/20/2018 12:00PM ET,WISC,0
WR,Gabe Lloyd (11462198),Gabe Lloyd,11462198,WR/FLEX/S-FLEX,3000,IL@WISC 10/20/2018 12:00PM ET,WISC,0
WR,Isaac Guerendo (11462201),Isaac Guerendo,11462201,WR/FLEX/S-FLEX,3000,IL@WISC 10/20/2018 12:00PM ET,WISC,0
WR,Brady Schipper (11462204),Brady Schipper,11462204,WR/FLEX/S-FLEX,3000,IL@WISC 10/20/2018 12:00PM ET,WISC,0
RB,Mike Majette (11463302),Mike Majette,11463302,RB/FLEX/S-FLEX,3000,PSU@IU 10/20/2018 03:30PM ET,IU,3.66
RB,Ricky Brookins (11463305),Ricky Brookins,11463305,RB/FLEX/S-FLEX,3000,PSU@IU 10/20/2018 03:30PM ET,IU,0
RB,Cole Gest (11463308),Cole Gest,11463308,RB/FLEX/S-FLEX,3000,PSU@IU 10/20/2018 03:30PM ET,IU,3.7
RB,Morgan Ellison (11463311),Morgan Ellison,11463311,RB/FLEX/S-FLEX,3000,PSU@IU 10/20/2018 03:30PM ET,IU,0
RB,Ahrod Lloyd (11463314),Ahrod Lloyd,11463314,RB/FLEX/S-FLEX,3000,PSU@IU 10/20/2018 03:30PM ET,IU,0
RB,Kristian Pechac (11463317),Kristian Pechac,11463317,RB/FLEX/S-FLEX,3000,PSU@IU 10/20/2018 03:30PM ET,IU,0
RB,Connor Thomas (11463320),Connor Thomas,11463320,RB/FLEX/S-FLEX,3000,PSU@IU 10/20/2018 03:30PM ET,IU,0
RB,Craig Nelson (11463323),Craig Nelson,11463323,RB/FLEX/S-FLEX,3000,PSU@IU 10/20/2018 03:30PM ET,IU,0.5
WR,Jack Moran (11463338),Jack Moran,11463338,WR/FLEX/S-FLEX,3000,PSU@IU 10/20/2018 03:30PM ET,IU,0
WR,Bradley Ellis (11463341),Bradley Ellis,11463341,WR/FLEX/S-FLEX,3000,PSU@IU 10/20/2018 03:30PM ET,IU,0
WR,Austin Dorris (11463344),Austin Dorris,11463344,WR/FLEX/S-FLEX,3000,PSU@IU 10/20/2018 03:30PM ET,IU,1.3
WR,Luke Shayotovich (11463347),Luke Shayotovich,11463347,WR/FLEX/S-FLEX,3000,PSU@IU 10/20/2018 03:30PM ET,IU,0
WR,Chris Gajcak (11463350),Chris Gajcak,11463350,WR/FLEX/S-FLEX,3000,PSU@IU 10/20/2018 03:30PM ET,IU,0
WR,Shaun Bonner (11463353),Shaun Bonner,11463353,WR/FLEX/S-FLEX,3000,PSU@IU 10/20/2018 03:30PM ET,IU,0
WR,Miles Marshall (11463359),Miles Marshall,11463359,WR/FLEX/S-FLEX,3000,PSU@IU 10/20/2018 03:30PM ET,IU,0
WR,Justin Berry (11463365),Justin Berry,11463365,WR/FLEX/S-FLEX,3000,PSU@IU 10/20/2018 03:30PM ET,IU,0
WR,David Felton (11463368),David Felton,11463368,WR/FLEX/S-FLEX,3000,PSU@IU 10/20/2018 03:30PM ET,IU,0
WR,Ryan Watercutter (11463371),Ryan Watercutter,11463371,WR/FLEX/S-FLEX,3000,PSU@IU 10/20/2018 03:30PM ET,IU,0
WR,Matt Bjorson (11463374),Matt Bjorson,11463374,WR/FLEX/S-FLEX,3000,PSU@IU 10/20/2018 03:30PM ET,IU,2.58
WR,Jacolby Hewitt (11463377),Jacolby Hewitt,11463377,WR/FLEX/S-FLEX,3000,PSU@IU 10/20/2018 03:30PM ET,IU,0
WR,TJ Ivy (11463380),TJ Ivy,11463380,WR/FLEX/S-FLEX,3000,PSU@IU 10/20/2018 03:30PM ET,IU,0
WR,Peyton Hendershot (11463383),Peyton Hendershot,11463383,WR/FLEX/S-FLEX,3000,PSU@IU 10/20/2018 03:30PM ET,IU,5.98
RB,C.J. Holmes (11463410),C.J. Holmes,11463410,RB/FLEX/S-FLEX,3000,PSU@IU 10/20/2018 03:30PM ET,PSU,0
RB,Journey Brown (11463413),Journey Brown,11463413,RB/FLEX/S-FLEX,3000,PSU@IU 10/20/2018 03:30PM ET,PSU,7
RB,Nick Eury (11463416),Nick Eury,11463416,RB/FLEX/S-FLEX,3000,PSU@IU 10/20/2018 03:30PM ET,PSU,0
WR,Daniel George (11463434),Daniel George,11463434,WR/FLEX/S-FLEX,3000,PSU@IU 10/20/2018 03:30PM ET,PSU,16.5
WR,Joe Arcangelo (11463437),Joe Arcangelo,11463437,WR/FLEX/S-FLEX,3000,PSU@IU 10/20/2018 03:30PM ET,PSU,0
WR,Tyler Shoop (11463440),Tyler Shoop,11463440,WR/FLEX/S-FLEX,3000,PSU@IU 10/20/2018 03:30PM ET,PSU,0
WR,Justin Shorter (11463443),Justin Shorter,11463443,WR/FLEX/S-FLEX,3000,PSU@IU 10/20/2018 03:30PM ET,PSU,0
WR,Brandon Clark (11463446),Brandon Clark,11463446,WR/FLEX/S-FLEX,3000,PSU@IU 10/20/2018 03:30PM ET,PSU,0
WR,Mac Hippenhammer (11463449),Mac Hippenhammer,11463449,WR/FLEX/S-FLEX,3000,PSU@IU 10/20/2018 03:30PM ET,PSU,5.58
WR,Jahan Dotson (11463452),Jahan Dotson,11463452,WR/FLEX/S-FLEX,3000,PSU@IU 10/20/2018 03:30PM ET,PSU,0
WR,Nick Bowers (11463455),Nick Bowers,11463455,WR/FLEX/S-FLEX,3000,PSU@IU 10/20/2018 03:30PM ET,PSU,4.8
WR,Danny Dalton (11463458),Danny Dalton,11463458,WR/FLEX/S-FLEX,3000,PSU@IU 10/20/2018 03:30PM ET,PSU,2.45
WR,Jonathan Holland (11463461),Jonathan Holland,11463461,WR/FLEX/S-FLEX,3000,PSU@IU 10/20/2018 03:30PM ET,PSU,5.8
WR,Zack Kuntz (11463464),Zack Kuntz,11463464,WR/FLEX/S-FLEX,3000,PSU@IU 10/20/2018 03:30PM ET,PSU,1.8
WR,Cam Sullivan-Brown (11463467),Cam Sullivan-Brown,11463467,WR/FLEX/S-FLEX,3000,PSU@IU 10/20/2018 03:30PM ET,PSU,1.7
WR,Henry Fessler (11463470),Henry Fessler,11463470,WR/FLEX/S-FLEX,3000,PSU@IU 10/20/2018 03:30PM ET,PSU,0
WR,Colton Maxwell (11463473),Colton Maxwell,11463473,WR/FLEX/S-FLEX,3000,PSU@IU 10/20/2018 03:30PM ET,PSU,0
WR,Justin Weller (11463476),Justin Weller,11463476,WR/FLEX/S-FLEX,3000,PSU@IU 10/20/2018 03:30PM ET,PSU,0
WR,Dan Chisena (11463479),Dan Chisena,11463479,WR/FLEX/S-FLEX,3000,PSU@IU 10/20/2018 03:30PM ET,PSU,0
WR,Isaac Lutz (11463482),Isaac Lutz,11463482,WR/FLEX/S-FLEX,3000,PSU@IU 10/20/2018 03:30PM ET,PSU,0
WR,Alex Hoenstine (11463485),Alex Hoenstine,11463485,WR/FLEX/S-FLEX,3000,PSU@IU 10/20/2018 03:30PM ET,PSU,0
RB,Peter Bush (11462231),Peter Bush,11462231,RB/FLEX/S-FLEX,3000,MICH@MSU 10/20/2018 12:00PM ET,MICH,0
RB,Jared Char (11462234),Jared Char,11462234,RB/FLEX/S-FLEX,3000,MICH@MSU 10/20/2018 12:00PM ET,MICH,0
RB,Ben VanSumeren (11462237),Ben VanSumeren,11462237,RB/FLEX/S-FLEX,3000,MICH@MSU 10/20/2018 12:00PM ET,MICH,0
RB,Kurt Taylor (11462240),Kurt Taylor,11462240,RB/FLEX/S-FLEX,3000,MICH@MSU 10/20/2018 12:00PM ET,MICH,0
RB,Michael Barrett (11462243),Michael Barrett,11462243,RB/FLEX/S-FLEX,3000,MICH@MSU 10/20/2018 12:00PM ET,MICH,0
RB,Matt Brown (11462246),Matt Brown,11462246,RB/FLEX/S-FLEX,3000,MICH@MSU 10/20/2018 12:00PM ET,MICH,0
RB,Julian Garrett (11462249),Julian Garrett,11462249,RB/FLEX/S-FLEX,3000,MICH@MSU 10/20/2018 12:00PM ET,MICH,0
RB,Joe Hewlett (11462252),Joe Hewlett,11462252,RB/FLEX/S-FLEX,3000,MICH@MSU 10/20/2018 12:00PM ET,MICH,0
RB,O'Maury Samuels (11462255),O'Maury Samuels,11462255,RB/FLEX/S-FLEX,3000,MICH@MSU 10/20/2018 12:00PM ET,MICH,1.52
RB,Berkley Edwards (11462258),Berkley Edwards,11462258,RB/FLEX/S-FLEX,3000,MICH@MSU 10/20/2018 12:00PM ET,MICH,0
RB,Jared Wangler (11462261),Jared Wangler,11462261,RB/FLEX/S-FLEX,3000,MICH@MSU 10/20/2018 12:00PM ET,MICH,4.8
RB,Tyler Plocki (11462264),Tyler Plocki,11462264,RB/FLEX/S-FLEX,3000,MICH@MSU 10/20/2018 12:00PM ET,MICH,0
RB,Hassan Haskins (11462267),Hassan Haskins,11462267,RB/FLEX/S-FLEX,3000,MICH@MSU 10/20/2018 12:00PM ET,MICH,0
RB,Christian Turner (11462270),Christian Turner,11462270,RB/FLEX/S-FLEX,3000,MICH@MSU 10/20/2018 12:00PM ET,MICH,3.15
WR,Oliver Martin (11462288),Oliver Martin,11462288,WR/FLEX/S-FLEX,3000,MICH@MSU 10/20/2018 12:00PM ET,MICH,3.06
WR,Ronnie Bell (11462291),Ronnie Bell,11462291,WR/FLEX/S-FLEX,3000,MICH@MSU 10/20/2018 12:00PM ET,MICH,7.6
WR,Nate Schoenle (11462294),Nate Schoenle,11462294,WR/FLEX/S-FLEX,3000,MICH@MSU 10/20/2018 12:00PM ET,MICH,0
WR,Jacob West (11462297),Jacob West,11462297,WR/FLEX/S-FLEX,3000,MICH@MSU 10/20/2018 12:00PM ET,MICH,0
WR,Nick Eubanks (11462300),Nick Eubanks,11462300,WR/FLEX/S-FLEX,3000,MICH@MSU 10/20/2018 12:00PM ET,MICH,4.1
WR,Carter Selzer (11462303),Carter Selzer,11462303,WR/FLEX/S-FLEX,3000,MICH@MSU 10/20/2018 12:00PM ET,MICH,0
WR,Ramsey Baty (11462306),Ramsey Baty,11462306,WR/FLEX/S-FLEX,3000,MICH@MSU 10/20/2018 12:00PM ET,MICH,0
WR,Ryan Hayes (11462309),Ryan Hayes,11462309,WR/FLEX/S-FLEX,3000,MICH@MSU 10/20/2018 12:00PM ET,MICH,0
WR,Tyler Grosz (11462312),Tyler Grosz,11462312,WR/FLEX/S-FLEX,3000,MICH@MSU 10/20/2018 12:00PM ET,MICH,0
WR,Brendan White (11462315),Brendan White,11462315,WR/FLEX/S-FLEX,3000,MICH@MSU 10/20/2018 12:00PM ET,MICH,0
WR,Luke Buckman (11462318),Luke Buckman,11462318,WR/FLEX/S-FLEX,3000,MICH@MSU 10/20/2018 12:00PM ET,MICH,0
WR,Jake Martin (11462321),Jake Martin,11462321,WR/FLEX/S-FLEX,3000,MICH@MSU 10/20/2018 12:00PM ET,MICH,0
WR,Sean McKeon (11462324),Sean McKeon,11462324,WR/FLEX/S-FLEX,3000,MICH@MSU 10/20/2018 12:00PM ET,MICH,5.85
WR,Jake McCurry (11462327),Jake McCurry,11462327,WR/FLEX/S-FLEX,3000,MICH@MSU 10/20/2018 12:00PM ET,MICH,5.65
WR,Kyle Grady (11462330),Kyle Grady,11462330,WR/FLEX/S-FLEX,3000,MICH@MSU 10/20/2018 12:00PM ET,MICH,0
WR,Joseph Files (11462333),Joseph Files,11462333,WR/FLEX/S-FLEX,3000,MICH@MSU 10/20/2018 12:00PM ET,MICH,0
WR,Ethan Deland (11462336),Ethan Deland,11462336,WR/FLEX/S-FLEX,3000,MICH@MSU 10/20/2018 12:00PM ET,MICH,0
WR,Kenneth Ferris (11462339),Kenneth Ferris,11462339,WR/FLEX/S-FLEX,3000,MICH@MSU 10/20/2018 12:00PM ET,MICH,0
WR,Jack Young (11462342),Jack Young,11462342,WR/FLEX/S-FLEX,3000,MICH@MSU 10/20/2018 12:00PM ET,MICH,0
WR,Luke Schoonmaker (11462345),Luke Schoonmaker,11462345,WR/FLEX/S-FLEX,3000,MICH@MSU 10/20/2018 12:00PM ET,MICH,0
WR,Mustapha Muhammad (11462348),Mustapha Muhammad,11462348,WR/FLEX/S-FLEX,3000,MICH@MSU 10/20/2018 12:00PM ET,MICH,0
WR,Bradford Jones (11462351),Bradford Jones,11462351,WR/FLEX/S-FLEX,3000,MICH@MSU 10/20/2018 12:00PM ET,MICH,0
RB,Weston Bridges (11462371),Weston Bridges,11462371,RB/FLEX/S-FLEX,3000,MICH@MSU 10/20/2018 12:00PM ET,MSU,0.57
RB,Collin Lucas (11462374),Collin Lucas,11462374,RB/FLEX/S-FLEX,3000,MICH@MSU 10/20/2018 12:00PM ET,MSU,0
RB,Reid Burton (11462377),Reid Burton,11462377,RB/FLEX/S-FLEX,3000,MICH@MSU 10/20/2018 12:00PM ET,MSU,0
RB,Ben Line (11462380),Ben Line,11462380,RB/FLEX/S-FLEX,3000,MICH@MSU 10/20/2018 12:00PM ET,MSU,0
RB,Elijah Collins (11462383),Elijah Collins,11462383,RB/FLEX/S-FLEX,3000,MICH@MSU 10/20/2018 12:00PM ET,MSU,0
RB,Alante Thomas (11462386),Alante Thomas,11462386,RB/FLEX/S-FLEX,3000,MICH@MSU 10/20/2018 12:00PM ET,MSU,1
RB,Austin Andrews (11462389),Austin Andrews,11462389,RB/FLEX/S-FLEX,3000,MICH@MSU 10/20/2018 12:00PM ET,MSU,0
RB,Max Rosenthal (11462392),Max Rosenthal,11462392,RB/FLEX/S-FLEX,3000,MICH@MSU 10/20/2018 12:00PM ET,MSU,0
RB,Noah Sargent (11462395),Noah Sargent,11462395,RB/FLEX/S-FLEX,3000,MICH@MSU 10/20/2018 12:00PM ET,MSU,0
WR,Jalen Nailor (11462410),Jalen Nailor,11462410,WR/FLEX/S-FLEX,3000,MICH@MSU 10/20/2018 12:00PM ET,MSU,9.3
WR,Julian Major (11462413),Julian Major,11462413,WR/FLEX/S-FLEX,3000,MICH@MSU 10/20/2018 12:00PM ET,MSU,0
WR,Matt Sokol (11462416),Matt Sokol,11462416,WR/FLEX/S-FLEX,3000,MICH@MSU 10/20/2018 12:00PM ET,MSU,2.83
WR,Chase Gianacakos (11462419),Chase Gianacakos,11462419,WR/FLEX/S-FLEX,3000,MICH@MSU 10/20/2018 12:00PM ET,MSU,0
WR,Jahz Watts (11462422),Jahz Watts,11462422,WR/FLEX/S-FLEX,3000,MICH@MSU 10/20/2018 12:00PM ET,MSU,0
WR,Emmanuel Flowers (11462425),Emmanuel Flowers,11462425,WR/FLEX/S-FLEX,3000,MICH@MSU 10/20/2018 12:00PM ET,MSU,0
WR,Jonathan Brys (11462428),Jonathan Brys,11462428,WR/FLEX/S-FLEX,3000,MICH@MSU 10/20/2018 12:00PM ET,MSU,0
WR,Matt Dotson (11462431),Matt Dotson,11462431,WR/FLEX/S-FLEX,3000,MICH@MSU 10/20/2018 12:00PM ET,MSU,5.4
WR,Noah Davis (11462434),Noah Davis,11462434,WR/FLEX/S-FLEX,3000,MICH@MSU 10/20/2018 12:00PM ET,MSU,0
WR,Nick Krumm (11462437),Nick Krumm,11462437,WR/FLEX/S-FLEX,3000,MICH@MSU 10/20/2018 12:00PM ET,MSU,0
WR,Matt Seybert (11462440),Matt Seybert,11462440,WR/FLEX/S-FLEX,3000,MICH@MSU 10/20/2018 12:00PM ET,MSU,0
WR,Javez Alexander (11462443),Javez Alexander,11462443,WR/FLEX/S-FLEX,3000,MICH@MSU 10/20/2018 12:00PM ET,MSU,0
WR,Khylin Barton (11462446),Khylin Barton,11462446,WR/FLEX/S-FLEX,3000,MICH@MSU 10/20/2018 12:00PM ET,MSU,0
WR,C.J. Hayes (11462449),C.J. Hayes,11462449,WR/FLEX/S-FLEX,3000,MICH@MSU 10/20/2018 12:00PM ET,MSU,2.3
WR,Laress Nelson (11462452),Laress Nelson,11462452,WR/FLEX/S-FLEX,3000,MICH@MSU 10/20/2018 12:00PM ET,MSU,4.7
WR,Andre Welch (11462455),Andre Welch,11462455,WR/FLEX/S-FLEX,3000,MICH@MSU 10/20/2018 12:00PM ET,MSU,0.7
WR,Davis Lewandowski (11462461),Davis Lewandowski,11462461,WR/FLEX/S-FLEX,3000,MICH@MSU 10/20/2018 12:00PM ET,MSU,0
WR,Trenton Gillison (11462464),Trenton Gillison,11462464,WR/FLEX/S-FLEX,3000,MICH@MSU 10/20/2018 12:00PM ET,MSU,0
